zaman,cihaz,voltaj,akim,guc,pf
2026-05-06 02:41:22,camasir,231.4,3.43,424.3,0.53
2026-05-06 02:41:23,camasir,231.4,3.43,424.3,0.53
2026-05-06 02:41:24,camasir,231.4,4.05,477.0,0.51
2026-05-06 02:41:25,camasir,231.5,3.75,486.5,0.56
2026-05-06 02:41:27,camasir,231.3,3.78,501.3,0.57
2026-05-06 02:41:28,camasir,231.3,3.78,501.3,0.57
2026-05-06 02:41:29,camasir,231.7,1.8,338.8,0.81
2026-05-06 02:41:30,camasir,231.9,1.39,303.1,0.94
2026-05-06 02:41:31,camasir,232.0,1.35,293.3,0.94
2026-05-06 02:41:32,camasir,232.0,1.35,293.3,0.94
2026-05-06 02:41:33,camasir,231.9,1.4,301.4,0.93
2026-05-06 02:41:34,camasir,231.6,3.34,433.9,0.56
2026-05-06 02:41:35,camasir,231.4,4.48,572.0,0.55
2026-05-06 02:41:36,camasir,231.6,2.98,424.4,0.61
2026-05-06 02:41:37,camasir,231.6,2.98,424.4,0.61
2026-05-06 02:41:38,camasir,231.5,3.15,438.2,0.6
2026-05-06 02:41:39,camasir,231.4,3.22,443.0,0.59
2026-05-06 02:41:40,camasir,231.3,3.79,491.8,0.56
2026-05-06 02:41:41,camasir,231.3,3.56,477.9,0.58
2026-05-06 02:41:42,camasir,231.3,3.56,477.9,0.58
2026-05-06 02:41:43,camasir,231.4,3.2,436.7,0.59
2026-05-06 02:41:45,camasir,231.6,3.32,454.4,0.59
2026-05-06 02:41:46,camasir,231.6,3.51,475.0,0.58
2026-05-06 02:41:47,camasir,231.6,3.51,475.0,0.58
2026-05-06 02:41:48,camasir,231.4,3.66,474.5,0.56
2026-05-06 02:41:49,camasir,231.9,2.37,383.9,0.7
2026-05-06 02:41:51,camasir,232.0,1.39,302.4,0.94
2026-05-06 02:41:55,camasir,231.2,4.48,559.2,0.54
2026-05-06 02:41:56,camasir,231.5,4.04,526.3,0.56
2026-05-06 02:41:57,camasir,231.9,3.77,491.9,0.56
2026-05-06 02:41:59,camasir,231.7,3.67,488.2,0.57
2026-05-06 02:42:00,camasir,231.7,3.67,488.2,0.57
2026-05-06 02:42:01,camasir,231.8,3.68,480.4,0.56
2026-05-06 02:42:02,camasir,231.7,3.62,477.5,0.57
2026-05-06 02:42:03,camasir,231.7,3.24,438.8,0.59
2026-05-06 02:42:04,camasir,231.7,3.24,438.8,0.59
2026-05-06 02:42:05,camasir,231.8,3.07,428.2,0.6
2026-05-06 02:42:06,camasir,231.7,2.79,398.3,0.62
2026-05-06 02:42:07,camasir,232.1,3.3,445.3,0.58
2026-05-06 02:42:08,camasir,232.1,3.29,438.9,0.57
2026-05-06 02:42:09,camasir,232.1,2.87,417.1,0.63
2026-05-06 02:42:10,camasir,232.1,2.87,417.1,0.63
2026-05-06 02:42:11,camasir,232.2,1.26,271.9,0.93
2026-05-06 02:42:12,camasir,232.4,1.26,272.3,0.93
2026-05-06 02:42:14,camasir,232.5,1.27,273.7,0.93
2026-05-06 02:42:18,camasir,231.9,3.44,454.7,0.57
2026-05-06 02:42:19,camasir,232.0,3.89,492.5,0.55
2026-05-06 02:42:21,camasir,231.8,3.3,442.7,0.58
2026-05-06 02:42:22,camasir,231.8,3.46,448.6,0.56
2026-05-06 02:42:23,camasir,231.8,3.46,448.6,0.56
2026-05-06 02:42:24,camasir,231.6,3.13,428.3,0.59
2026-05-06 02:42:25,camasir,231.7,3.37,441.8,0.57
2026-05-06 02:42:26,camasir,232.1,3.37,445.5,0.57
2026-05-06 02:42:27,camasir,232.1,3.37,445.5,0.57
2026-05-06 02:42:28,camasir,232.1,3.33,437.9,0.57
2026-05-06 02:42:29,camasir,231.9,3.51,461.6,0.57
2026-05-06 02:42:30,camasir,231.6,3.62,464.0,0.55
2026-05-06 02:42:31,camasir,231.9,2.0,333.1,0.72
2026-05-06 02:42:32,camasir,231.9,2.0,333.1,0.72
2026-05-06 02:42:33,camasir,232.1,1.21,258.6,0.92
2026-05-06 02:42:34,camasir,232.1,1.22,264.0,0.93
2026-05-06 02:42:35,camasir,232.2,1.21,259.6,0.93
2026-05-06 02:42:36,camasir,231.8,1.39,274.3,0.85
2026-05-06 02:42:37,camasir,231.8,1.39,274.3,0.85
2026-05-06 02:42:47,camasir,229.3,10.36,2314.6,0.97
2026-05-06 02:42:48,camasir,229.0,10.55,2342.8,0.97
2026-05-06 02:42:49,camasir,228.9,10.52,2337.1,0.97
2026-05-06 02:42:51,camasir,228.9,10.52,2337.1,0.97
2026-05-06 02:42:52,camasir,229.1,10.39,2317.4,0.97
2026-05-06 02:42:53,camasir,229.0,10.44,2326.2,0.97
2026-05-06 02:42:54,camasir,229.0,10.27,2296.5,0.98
2026-05-06 02:42:55,camasir,229.0,10.27,2296.5,0.98
2026-05-06 02:42:56,camasir,229.3,10.42,2327.3,0.97
2026-05-06 02:42:57,camasir,229.1,10.34,2307.2,0.97
2026-05-06 02:42:58,camasir,229.3,9.6,2194.2,1.0
2026-05-06 02:42:59,camasir,229.3,9.6,2194.2,1.0
2026-05-06 02:43:00,camasir,229.2,9.44,2162.0,1.0
2026-05-06 02:43:01,camasir,229.4,9.49,2174.8,1.0
2026-05-06 02:43:03,camasir,228.8,10.55,2316.6,0.96
2026-05-06 02:43:04,camasir,228.8,10.55,2316.6,0.96
2026-05-06 02:43:05,camasir,229.2,10.75,2376.5,0.96
2026-05-06 02:43:06,camasir,229.2,10.52,2342.3,0.97
2026-05-06 02:43:07,camasir,229.4,10.55,2346.5,0.97
2026-05-06 02:43:08,camasir,228.9,10.49,2334.8,0.97
2026-05-06 02:43:09,camasir,228.9,10.49,2334.8,0.97
2026-05-06 02:43:10,camasir,229.0,10.27,2299.8,0.98
2026-05-06 02:43:11,camasir,229.2,10.47,2340.1,0.98
2026-05-06 02:43:12,camasir,229.5,10.29,2315.8,0.98
2026-05-06 02:43:13,camasir,229.3,10.41,2330.9,0.98
2026-05-06 02:43:14,camasir,229.3,10.41,2330.9,0.98
2026-05-06 02:43:15,camasir,228.9,10.52,2338.5,0.97
2026-05-06 02:43:17,camasir,229.1,10.67,2362.1,0.97
2026-05-06 02:43:18,camasir,229.1,10.67,2362.1,0.97
2026-05-06 02:43:19,camasir,229.4,9.74,2219.3,0.99
2026-05-06 02:43:20,camasir,229.3,9.48,2171.0,1.0
2026-05-06 02:43:21,camasir,229.1,9.45,2161.9,1.0
2026-05-06 02:43:22,camasir,229.2,9.47,2169.0,1.0
2026-05-06 02:43:23,camasir,229.2,9.47,2169.0,1.0
2026-05-06 02:43:24,camasir,229.1,10.07,2246.3,0.97
2026-05-06 02:43:25,camasir,229.0,10.85,2382.7,0.96
2026-05-06 02:43:26,camasir,229.2,10.45,2329.1,0.97
2026-05-06 02:43:27,camasir,229.2,10.45,2329.1,0.97
2026-05-06 02:43:28,camasir,229.0,10.6,2348.0,0.97
2026-05-06 02:43:30,camasir,229.1,10.46,2327.6,0.97
2026-05-06 02:43:31,camasir,229.4,10.33,2315.0,0.98
2026-05-06 02:43:32,camasir,229.4,10.33,2315.0,0.98
2026-05-06 02:43:33,camasir,229.4,10.37,2315.1,0.97
2026-05-06 02:43:34,camasir,229.1,10.24,2298.0,0.98
2026-05-06 02:43:35,camasir,229.2,10.4,2318.5,0.97
2026-05-06 02:43:36,camasir,229.3,10.64,2353.2,0.96
2026-05-06 02:43:40,camasir,229.6,9.46,2169.1,1.0
2026-05-06 02:43:41,camasir,229.6,9.46,2169.1,1.0
2026-05-06 02:43:43,camasir,229.7,9.46,2170.5,1.0
2026-05-06 02:43:44,camasir,229.9,9.69,2207.2,0.99
2026-05-06 02:43:45,camasir,229.3,11.06,2407.3,0.95
2026-05-06 02:43:46,camasir,229.3,11.06,2407.3,0.95
2026-05-06 02:43:47,camasir,229.3,10.59,2361.5,0.97
2026-05-06 02:43:48,camasir,229.3,10.66,2365.2,0.97
2026-05-06 02:43:49,camasir,229.6,10.27,2311.4,0.98
2026-05-06 02:43:50,camasir,229.6,10.27,2311.4,0.98
2026-05-06 02:43:51,camasir,229.6,10.68,2378.2,0.97
2026-05-06 02:43:52,camasir,229.5,10.34,2324.2,0.98
2026-05-06 02:43:53,camasir,229.1,10.43,2326.1,0.97
2026-05-06 02:43:54,camasir,229.5,10.66,2367.2,0.97
2026-05-06 02:44:01,camasir,230.0,9.5,2182.4,1.0
2026-05-06 02:44:02,camasir,230.1,9.48,2180.1,1.0
2026-05-06 02:44:03,camasir,230.2,9.51,2185.8,1.0
2026-05-06 02:44:04,camasir,230.2,9.51,2185.8,1.0
2026-05-06 02:44:08,camasir,229.8,10.62,2355.5,0.97
2026-05-06 02:44:09,camasir,229.8,10.62,2355.5,0.97
2026-05-06 02:44:10,camasir,230.0,10.62,2364.5,0.97
2026-05-06 02:44:11,camasir,229.9,10.47,2337.9,0.97
2026-05-06 02:44:12,camasir,229.8,10.38,2325.3,0.98
2026-05-06 02:44:13,camasir,229.8,10.38,2325.3,0.98
2026-05-06 02:44:14,camasir,229.6,10.66,2363.0,0.97
2026-05-06 02:44:15,camasir,229.8,10.55,2350.4,0.97
2026-05-06 02:44:16,camasir,229.9,10.32,2321.3,0.98
2026-05-06 02:44:18,camasir,229.7,10.49,2335.7,0.97
2026-05-06 02:44:19,camasir,229.8,10.48,2342.3,0.97
2026-05-06 02:44:20,camasir,230.0,10.19,2299.0,0.98
2026-05-06 02:44:21,camasir,230.0,9.5,2182.2,1.0
2026-05-06 02:44:22,camasir,230.0,9.5,2182.2,1.0
2026-05-06 02:44:23,camasir,230.1,9.51,2184.3,1.0
2026-05-06 02:44:27,camasir,229.8,11.02,2402.7,0.95
2026-05-06 02:44:31,camasir,230.0,10.61,2361.6,0.97
2026-05-06 02:44:32,camasir,230.0,10.61,2361.6,0.97
2026-05-06 02:44:33,camasir,230.1,10.45,2341.5,0.97
2026-05-06 02:44:34,camasir,230.0,10.61,2360.4,0.97
2026-05-06 02:44:35,camasir,229.8,10.56,2352.3,0.97
2026-05-06 02:44:36,camasir,229.8,10.56,2352.3,0.97
2026-05-06 02:44:37,camasir,229.8,10.53,2350.3,0.97
2026-05-06 02:44:38,camasir,230.0,10.44,2341.9,0.97
2026-05-06 02:44:39,camasir,230.0,10.47,2345.0,0.97
2026-05-06 02:44:40,camasir,229.8,10.35,2324.8,0.98
2026-05-06 02:44:41,camasir,229.8,10.35,2324.8,0.98
2026-05-06 02:44:42,camasir,229.9,9.49,2182.0,1.0
2026-05-06 02:44:43,camasir,229.9,9.57,2197.9,1.0
2026-05-06 02:44:44,camasir,229.6,9.58,2196.8,1.0
2026-05-06 02:44:46,camasir,229.6,9.58,2196.8,1.0
2026-05-06 02:44:48,camasir,229.2,10.3,2311.3,0.98
2026-05-06 02:44:50,camasir,229.4,10.41,2321.9,0.97
2026-05-06 02:44:51,camasir,229.6,10.48,2337.3,0.97
2026-05-06 02:44:52,camasir,229.7,10.58,2353.1,0.97
2026-05-06 02:44:53,camasir,229.6,10.48,2337.7,0.97
2026-05-06 02:44:57,camasir,229.5,10.24,2300.0,0.98
2026-05-06 02:45:01,camasir,229.6,10.79,2375.8,0.96
2026-05-06 02:45:02,camasir,230.0,9.63,2208.6,1.0
2026-05-06 02:45:03,camasir,230.2,9.48,2178.9,1.0
2026-05-06 02:45:04,camasir,230.2,9.48,2178.9,1.0
2026-05-06 02:45:05,camasir,230.2,9.5,2184.7,1.0
2026-05-06 02:45:06,camasir,230.3,9.47,2179.4,1.0
2026-05-06 02:45:07,camasir,230.3,9.67,2211.1,0.99
2026-05-06 02:45:08,camasir,230.3,9.67,2211.1,0.99
2026-05-06 02:45:10,camasir,229.6,10.79,2386.0,0.96
2026-05-06 02:45:11,camasir,229.7,10.35,2323.9,0.98
2026-05-06 02:45:12,camasir,229.6,10.69,2370.5,0.97
2026-05-06 02:45:14,camasir,229.6,10.26,2310.1,0.98
2026-05-06 02:45:16,camasir,229.1,10.34,2313.5,0.98
2026-05-06 02:45:17,camasir,229.7,10.24,2305.2,0.98
2026-05-06 02:45:18,camasir,229.7,10.24,2305.2,0.98
2026-05-06 02:45:19,camasir,229.6,10.39,2329.8,0.98
2026-05-06 02:45:20,camasir,230.1,10.33,2320.2,0.98
2026-05-06 02:45:21,camasir,230.1,10.36,2330.0,0.98
2026-05-06 02:45:22,camasir,230.1,10.36,2330.0,0.98
2026-05-06 02:45:23,camasir,229.9,10.21,2302.0,0.98
2026-05-06 02:45:24,camasir,230.2,9.5,2184.9,1.0
2026-05-06 02:45:25,camasir,230.5,9.49,2183.9,1.0
2026-05-06 02:45:26,camasir,230.7,9.52,2193.6,1.0
2026-05-06 02:45:27,camasir,230.7,9.52,2193.6,1.0
2026-05-06 02:45:28,camasir,230.4,9.65,2207.2,0.99
2026-05-06 02:45:29,camasir,229.8,11.1,2417.0,0.95
2026-05-06 02:45:30,camasir,229.7,10.72,2372.5,0.96
2026-05-06 02:45:31,camasir,229.7,10.72,2372.5,0.96
2026-05-06 02:45:32,camasir,229.8,10.4,2328.1,0.97
2026-05-06 02:45:33,camasir,230.0,10.31,2314.6,0.98
2026-05-06 02:45:34,camasir,230.0,10.39,2330.4,0.97
2026-05-06 02:45:35,camasir,230.0,10.43,2335.1,0.97
2026-05-06 02:45:36,camasir,230.0,10.43,2335.1,0.97
2026-05-06 02:45:37,camasir,229.8,10.54,2348.0,0.97
2026-05-06 02:45:38,camasir,229.6,10.49,2343.1,0.97
2026-05-06 02:45:39,camasir,229.8,10.35,2329.8,0.98
2026-05-06 02:45:40,camasir,229.8,10.35,2329.8,0.98
2026-05-06 02:45:42,camasir,229.7,10.63,2361.6,0.97
2026-05-06 02:45:44,camasir,229.9,9.6,2205.0,1.0
2026-05-06 02:45:45,camasir,229.9,9.6,2205.0,1.0
2026-05-06 02:45:46,camasir,230.0,9.61,2208.4,1.0
2026-05-06 02:45:47,camasir,229.9,9.54,2191.0,1.0
2026-05-06 02:45:48,camasir,230.0,9.69,2218.2,1.0
2026-05-06 02:45:49,camasir,230.0,9.69,2218.2,1.0
2026-05-06 02:45:50,camasir,229.7,11.1,2421.9,0.95
2026-05-06 02:45:51,camasir,229.7,10.39,2336.9,0.98
2026-05-06 02:45:52,camasir,229.7,10.67,2372.0,0.97
2026-05-06 02:45:53,camasir,229.7,10.79,2395.1,0.97
2026-05-06 02:45:54,camasir,229.7,10.79,2395.1,0.97
2026-05-06 02:45:55,camasir,229.9,10.84,2402.2,0.96
2026-05-06 02:45:56,camasir,230.0,10.43,2344.4,0.98
2026-05-06 02:45:57,camasir,229.9,10.62,2371.1,0.97
2026-05-06 02:45:58,camasir,229.7,10.53,2352.8,0.97
2026-05-06 02:45:59,camasir,229.7,10.53,2352.8,0.97
2026-05-06 02:46:00,camasir,229.7,10.6,2360.3,0.97
2026-05-06 02:46:01,camasir,229.8,10.69,2374.3,0.97
2026-05-06 02:46:02,camasir,229.9,10.37,2334.7,0.98
2026-05-06 02:46:03,camasir,229.9,10.37,2334.7,0.98
2026-05-06 02:46:04,camasir,229.6,10.7,2385.1,0.97
2026-05-06 02:46:06,camasir,229.9,9.61,2210.6,1.0
2026-05-06 02:46:07,camasir,229.7,9.6,2203.5,1.0
2026-05-06 02:46:08,camasir,229.7,9.6,2203.5,1.0
2026-05-06 02:46:09,camasir,229.6,9.62,2204.5,1.0
2026-05-06 02:46:10,camasir,229.4,10.94,2389.4,0.95
2026-05-06 02:46:14,camasir,229.0,10.5,2343.2,0.97
2026-05-06 02:46:18,camasir,229.1,10.35,2314.4,0.98
2026-05-06 02:46:19,camasir,229.2,10.5,2342.8,0.97
2026-05-06 02:46:20,camasir,229.2,10.37,2322.1,0.98
2026-05-06 02:46:21,camasir,229.2,10.37,2322.1,0.98
2026-05-06 02:46:22,camasir,229.0,10.57,2349.0,0.97
2026-05-06 02:46:23,camasir,229.1,10.35,2313.9,0.98
2026-05-06 02:46:24,camasir,229.1,10.4,2327.5,0.98
2026-05-06 02:46:25,camasir,229.4,9.64,2203.2,1.0
2026-05-06 02:46:26,camasir,229.4,9.52,2180.6,1.0
2026-05-06 02:46:27,camasir,229.4,9.52,2180.6,1.0
2026-05-06 02:46:28,camasir,229.3,9.48,2172.5,1.0
2026-05-06 02:46:29,camasir,229.5,9.54,2186.8,1.0
2026-05-06 02:46:31,camasir,229.2,10.26,2278.9,0.97
2026-05-06 02:46:32,camasir,229.2,10.83,2388.7,0.96
2026-05-06 02:46:33,camasir,229.4,10.38,2331.4,0.98
2026-05-06 02:46:34,camasir,229.4,10.65,2365.6,0.97
2026-05-06 02:46:35,camasir,229.4,10.65,2365.6,0.97
2026-05-06 02:46:36,camasir,229.5,10.35,2318.6,0.98
2026-05-06 02:46:37,camasir,229.4,10.53,2343.5,0.97
2026-05-06 02:46:38,camasir,229.3,10.64,2357.5,0.97
2026-05-06 02:46:42,camasir,229.5,10.32,2313.2,0.98
2026-05-06 02:46:46,camasir,229.1,9.88,2241.2,0.99
2026-05-06 02:46:47,camasir,229.5,9.45,2166.7,1.0
2026-05-06 02:46:48,camasir,229.5,9.49,2174.3,1.0
2026-05-06 02:46:49,camasir,229.5,9.49,2174.3,1.0
2026-05-06 02:46:50,camasir,229.5,9.47,2171.4,1.0
2026-05-06 02:46:51,camasir,229.1,10.06,2245.8,0.97
2026-05-06 02:46:52,camasir,228.8,11.08,2406.9,0.95
2026-05-06 02:46:53,camasir,229.0,10.52,2344.5,0.97
2026-05-06 02:46:54,camasir,229.0,10.52,2344.5,0.97
2026-05-06 02:46:55,camasir,229.2,10.39,2324.9,0.98
2026-05-06 02:46:56,camasir,229.2,10.41,2326.6,0.97
2026-05-06 02:46:57,camasir,229.0,10.37,2315.9,0.97
2026-05-06 02:46:59,camasir,228.9,10.4,2319.3,0.97
2026-05-06 02:47:00,camasir,228.9,10.4,2319.3,0.97
2026-05-06 02:47:02,camasir,229.4,10.52,2343.0,0.97
2026-05-06 02:47:03,camasir,229.4,10.52,2340.3,0.97
2026-05-06 02:47:04,camasir,229.9,8.21,1753.6,0.93
2026-05-06 02:47:05,camasir,231.6,1.32,284.7,0.93
2026-05-06 02:47:06,camasir,231.5,2.54,366.1,0.62
2026-05-06 02:47:07,camasir,231.5,2.54,366.1,0.62
2026-05-06 02:47:09,camasir,231.3,3.31,443.8,0.58
2026-05-06 02:47:11,camasir,231.0,3.45,474.3,0.6
2026-05-06 02:47:12,camasir,231.0,3.45,474.3,0.6
2026-05-06 02:47:13,camasir,231.2,3.04,442.5,0.63
2026-05-06 02:47:14,camasir,231.2,3.15,451.6,0.62
2026-05-06 02:47:15,camasir,231.3,2.51,404.9,0.7
2026-05-06 02:47:16,camasir,231.3,2.51,404.9,0.7
2026-05-06 02:47:17,camasir,231.3,2.55,382.4,0.65
2026-05-06 02:47:18,camasir,231.3,2.41,379.6,0.68
2026-05-06 02:47:19,camasir,231.3,2.79,402.1,0.62
2026-05-06 02:47:20,camasir,231.4,2.02,349.5,0.75
2026-05-06 02:47:22,camasir,231.4,2.63,381.5,0.63
2026-05-06 02:47:23,camasir,231.4,2.63,381.5,0.63
2026-05-06 02:47:24,camasir,231.6,2.16,346.4,0.69
2026-05-06 02:47:25,camasir,230.8,2.57,368.5,0.62
2026-05-06 02:47:32,camasir,231.4,1.32,285.9,0.94
2026-05-06 02:47:33,camasir,231.4,1.28,278.8,0.94
2026-05-06 02:47:34,camasir,231.4,1.32,286.0,0.93
2026-05-06 02:47:35,camasir,231.4,1.32,286.0,0.93
2026-05-06 02:47:36,camasir,231.5,1.3,282.5,0.94
2026-05-06 02:47:37,camasir,231.3,1.31,283.8,0.94
2026-05-06 02:47:38,camasir,231.4,1.29,279.6,0.94
2026-05-06 02:47:39,camasir,231.4,1.29,279.6,0.94
2026-05-06 02:47:40,camasir,231.5,1.32,285.1,0.94
2026-05-06 02:47:41,camasir,231.5,1.3,282.0,0.93
2026-05-06 02:47:42,camasir,231.5,1.32,285.5,0.94
2026-05-06 02:47:43,camasir,231.6,1.36,294.5,0.93
2026-05-06 02:47:44,camasir,231.6,1.36,294.5,0.93
2026-05-06 02:47:45,camasir,231.8,1.34,292.4,0.94
2026-05-06 02:47:46,camasir,231.7,1.38,300.3,0.94
2026-05-06 02:47:47,camasir,231.7,2.59,378.0,0.63
2026-05-06 02:47:48,camasir,231.4,2.6,389.4,0.65
2026-05-06 02:47:49,camasir,231.4,2.6,389.4,0.65
2026-05-06 02:47:50,camasir,231.4,2.4,364.6,0.66
2026-05-06 02:47:51,camasir,231.3,2.16,343.2,0.69
2026-05-06 02:47:53,camasir,231.4,2.08,337.3,0.7
2026-05-06 02:47:54,camasir,231.4,2.08,337.3,0.7
2026-05-06 02:48:01,camasir,231.4,1.22,261.7,0.93
2026-05-06 02:48:02,camasir,231.1,1.25,271.3,0.94
2026-05-06 02:48:03,camasir,231.1,1.25,271.3,0.94
2026-05-06 02:48:04,camasir,231.2,1.25,269.8,0.94
2026-05-06 02:48:06,camasir,231.3,1.23,264.9,0.93
2026-05-06 02:48:07,camasir,231.4,1.27,274.4,0.93
2026-05-06 02:48:08,camasir,231.4,1.27,274.4,0.93
2026-05-06 02:48:10,camasir,231.0,1.25,270.5,0.93
2026-05-06 02:48:11,camasir,231.4,1.26,271.1,0.93
2026-05-06 02:48:12,camasir,231.4,1.34,290.4,0.94
2026-05-06 02:48:13,camasir,231.7,1.26,273.0,0.94
2026-05-06 02:48:14,camasir,231.5,1.25,271.1,0.93
2026-05-06 02:48:15,camasir,231.4,1.23,265.2,0.93
2026-05-06 02:48:16,camasir,231.4,1.23,265.2,0.93
2026-05-06 02:48:17,camasir,231.4,1.27,274.5,0.93
2026-05-06 02:48:19,camasir,231.3,1.26,272.0,0.93
2026-05-06 02:48:21,camasir,231.2,1.23,265.0,0.93
2026-05-06 02:48:22,camasir,231.1,1.27,273.5,0.93
2026-05-06 02:48:23,camasir,231.2,1.21,259.4,0.93
2026-05-06 02:48:24,camasir,231.3,1.23,264.4,0.93
2026-05-06 02:48:25,camasir,231.0,2.54,351.6,0.6
2026-05-06 02:48:27,camasir,231.0,2.54,351.6,0.6
2026-05-06 02:48:28,camasir,231.0,3.32,449.1,0.59
2026-05-06 02:48:29,camasir,231.2,3.28,439.0,0.58
2026-05-06 02:48:30,camasir,231.4,2.27,350.8,0.67
2026-05-06 02:48:31,camasir,231.4,2.27,350.8,0.67
2026-05-06 02:48:32,camasir,231.0,3.09,421.5,0.59
2026-05-06 02:48:33,camasir,231.0,2.84,397.6,0.61
2026-05-06 02:48:34,camasir,231.0,3.29,437.2,0.58
2026-05-06 02:48:35,camasir,230.9,2.89,405.8,0.61
2026-05-06 02:48:36,camasir,230.9,2.89,405.8,0.61
2026-05-06 02:48:38,camasir,230.9,3.43,446.8,0.56
2026-05-06 02:48:39,camasir,230.9,3.38,448.7,0.57
2026-05-06 02:48:40,camasir,230.9,3.14,422.9,0.58
2026-05-06 02:48:41,camasir,231.1,2.6,387.1,0.64
2026-05-06 02:48:42,camasir,231.2,1.25,270.6,0.93
2026-05-06 02:48:43,camasir,231.0,1.33,287.7,0.94
2026-05-06 02:48:44,camasir,231.0,1.33,287.7,0.94
2026-05-06 02:48:45,camasir,231.1,1.31,282.4,0.93
2026-05-06 02:48:46,camasir,231.4,1.34,276.4,0.89
2026-05-06 02:48:47,camasir,230.8,4.03,483.3,0.52
2026-05-06 02:48:48,camasir,230.5,4.08,512.7,0.55
2026-05-06 02:48:49,camasir,230.5,4.08,512.7,0.55
2026-05-06 02:48:50,camasir,230.6,3.73,479.9,0.56
2026-05-06 02:48:51,camasir,230.8,4.07,510.5,0.54
2026-05-06 02:48:53,camasir,230.9,4.2,530.5,0.55
2026-05-06 02:48:55,camasir,230.4,4.18,514.6,0.53
2026-05-06 02:48:56,camasir,230.8,4.15,514.6,0.54
2026-05-06 02:48:58,camasir,230.8,4.69,564.2,0.52
2026-05-06 02:48:59,camasir,230.8,4.69,564.2,0.52
2026-05-06 02:49:00,camasir,230.7,4.71,565.1,0.52
2026-05-06 02:49:01,camasir,230.7,4.86,577.7,0.52
2026-05-06 02:49:02,camasir,230.6,4.77,570.3,0.52
2026-05-06 02:49:03,camasir,230.6,4.77,570.3,0.52
2026-05-06 02:49:04,camasir,230.9,1.69,311.7,0.8
2026-05-06 02:49:05,camasir,231.1,1.23,264.4,0.93
2026-05-06 02:49:07,camasir,231.2,1.37,271.9,0.86
2026-05-06 02:49:08,camasir,230.5,4.21,492.7,0.51
2026-05-06 02:49:09,camasir,230.4,5.33,623.4,0.51
2026-05-06 02:49:10,camasir,230.7,5.29,611.7,0.5
2026-05-06 02:49:11,camasir,230.7,5.29,611.7,0.5
2026-05-06 02:49:13,camasir,230.7,5.14,598.0,0.5
2026-05-06 02:49:14,camasir,230.6,5.17,600.1,0.5
2026-05-06 02:49:15,camasir,230.7,5.03,586.3,0.5
2026-05-06 02:49:19,camasir,230.8,5.2,599.7,0.5
2026-05-06 02:49:20,camasir,230.7,5.16,596.3,0.5
2026-05-06 02:49:21,camasir,230.7,5.16,596.3,0.5
2026-05-06 02:49:22,camasir,230.8,5.23,605.3,0.5
2026-05-06 02:49:23,camasir,231.0,1.47,293.5,0.86
2026-05-06 02:49:24,camasir,231.3,1.22,263.9,0.93
2026-05-06 02:49:25,camasir,231.3,1.22,263.9,0.93
2026-05-06 02:49:26,camasir,231.5,1.22,263.7,0.93
2026-05-06 02:49:27,camasir,231.4,1.25,266.9,0.92
2026-05-06 02:49:28,camasir,231.2,3.05,394.9,0.56
2026-05-06 02:49:29,camasir,230.9,5.26,613.5,0.51
2026-05-06 02:49:30,camasir,230.9,5.26,613.5,0.51
2026-05-06 02:49:31,camasir,231.0,5.34,620.8,0.5
2026-05-06 02:49:32,camasir,231.0,5.27,626.4,0.51
2026-05-06 02:49:33,camasir,230.8,5.32,621.4,0.51
2026-05-06 02:49:35,camasir,230.8,5.32,621.4,0.51
2026-05-06 02:49:36,camasir,230.8,5.34,620.4,0.5
2026-05-06 02:49:37,camasir,230.9,5.39,621.8,0.5
2026-05-06 02:49:38,camasir,230.9,5.21,612.9,0.51
2026-05-06 02:49:40,camasir,230.9,5.4,626.8,0.5
2026-05-06 02:49:41,camasir,230.7,5.28,622.9,0.51
2026-05-06 02:49:43,camasir,231.2,2.86,429.8,0.65
2026-05-06 02:49:50,camasir,230.7,5.27,607.4,0.5
2026-05-06 02:49:51,camasir,230.7,5.06,589.6,0.51
2026-05-06 02:49:52,camasir,231.0,5.09,592.8,0.5
2026-05-06 02:49:53,camasir,231.0,5.09,592.8,0.5
2026-05-06 02:49:54,camasir,231.1,5.22,603.8,0.5
2026-05-06 02:49:55,camasir,230.9,5.1,591.9,0.5
2026-05-06 02:49:56,camasir,230.8,5.15,598.6,0.5
2026-05-06 02:49:57,camasir,230.8,5.15,598.6,0.5
2026-05-06 02:49:58,camasir,231.1,5.09,588.8,0.5
2026-05-06 02:49:59,camasir,231.1,5.0,577.7,0.5
2026-05-06 02:50:00,camasir,230.9,5.05,582.8,0.5
2026-05-06 02:50:02,camasir,230.9,4.99,575.9,0.5
2026-05-06 02:50:03,camasir,230.7,5.16,591.7,0.5
2026-05-06 02:50:05,camasir,231.4,2.51,375.9,0.65
2026-05-06 02:50:06,camasir,231.4,1.2,257.5,0.93
2026-05-06 02:50:07,camasir,231.4,1.2,257.5,0.93
2026-05-06 02:50:14,camasir,231.2,5.06,604.6,0.52
2026-05-06 02:50:15,camasir,230.9,5.21,605.8,0.5
2026-05-06 02:50:16,camasir,230.9,5.21,605.8,0.5
2026-05-06 02:50:17,camasir,231.0,5.12,597.5,0.51
2026-05-06 02:50:18,camasir,231.2,5.2,606.7,0.5
2026-05-06 02:50:19,camasir,231.0,5.11,605.8,0.51
2026-05-06 02:50:20,camasir,231.0,5.11,605.8,0.51
2026-05-06 02:50:21,camasir,231.1,5.19,600.8,0.5
2026-05-06 02:50:22,camasir,231.3,5.14,599.0,0.5
2026-05-06 02:50:23,camasir,231.0,5.22,606.9,0.5
2026-05-06 02:50:24,camasir,231.3,2.25,356.5,0.69
2026-05-06 02:50:25,camasir,231.3,2.25,356.5,0.69
2026-05-06 02:50:26,camasir,231.8,1.2,257.0,0.93
2026-05-06 02:50:27,camasir,231.9,1.2,258.5,0.93
2026-05-06 02:50:28,camasir,231.5,1.28,264.3,0.89
2026-05-06 02:50:31,camasir,231.0,3.83,453.1,0.51
2026-05-06 02:50:32,camasir,231.0,5.29,606.6,0.5
2026-05-06 02:50:34,camasir,231.1,5.12,595.0,0.5
2026-05-06 02:50:35,camasir,231.1,5.12,595.0,0.5
2026-05-06 02:50:36,camasir,231.1,5.03,582.2,0.5
2026-05-06 02:50:37,camasir,231.2,5.01,579.5,0.5
2026-05-06 02:50:38,camasir,231.3,5.02,581.7,0.5
2026-05-06 02:50:39,camasir,231.2,5.21,602.6,0.5
2026-05-06 02:50:40,camasir,231.2,5.21,602.6,0.5
2026-05-06 02:50:41,camasir,231.3,5.0,578.9,0.5
2026-05-06 02:50:42,camasir,231.2,4.97,577.0,0.5
2026-05-06 02:50:43,camasir,231.2,4.97,577.0,0.5
2026-05-06 02:50:44,camasir,231.0,5.0,587.1,0.51
2026-05-06 02:50:45,camasir,231.4,1.94,327.4,0.73
2026-05-06 02:50:46,camasir,231.4,1.2,258.4,0.93
2026-05-06 02:50:47,camasir,231.3,1.2,257.9,0.93
2026-05-06 02:50:48,camasir,231.3,1.2,257.9,0.93
2026-05-06 02:50:49,camasir,231.5,1.31,268.0,0.89
2026-05-06 02:50:50,camasir,231.1,4.02,489.5,0.53
2026-05-06 02:50:51,camasir,230.9,5.12,607.8,0.51
2026-05-06 02:50:52,camasir,230.9,5.12,607.8,0.51
2026-05-06 02:50:53,camasir,231.1,5.06,596.6,0.51
2026-05-06 02:51:00,camasir,231.2,5.1,593.2,0.5
2026-05-06 02:51:01,camasir,231.2,5.1,593.2,0.5
2026-05-06 02:51:02,camasir,231.2,5.11,595.6,0.5
2026-05-06 02:51:06,camasir,231.7,1.75,311.6,0.77
2026-05-06 02:51:07,camasir,232.0,1.23,265.5,0.93
2026-05-06 02:51:08,camasir,232.1,1.19,257.5,0.93
2026-05-06 02:51:10,camasir,232.0,1.29,263.2,0.88
2026-05-06 02:51:11,camasir,231.4,3.99,483.0,0.52
2026-05-06 02:51:12,camasir,231.4,3.99,483.0,0.52
2026-05-06 02:51:13,camasir,231.1,5.15,606.6,0.51
2026-05-06 02:51:14,camasir,231.3,5.16,605.9,0.51
2026-05-06 02:51:15,camasir,231.4,5.07,594.9,0.51
2026-05-06 02:51:16,camasir,231.4,5.07,594.9,0.51
2026-05-06 02:51:17,camasir,231.4,5.02,582.4,0.5
2026-05-06 02:51:18,camasir,231.1,5.03,583.9,0.5
2026-05-06 02:51:19,camasir,231.1,4.99,579.8,0.5
2026-05-06 02:51:20,camasir,231.3,5.05,590.2,0.51
2026-05-06 02:51:21,camasir,231.3,5.05,590.2,0.51
2026-05-06 02:51:22,camasir,230.8,5.09,587.5,0.5
2026-05-06 02:51:23,camasir,230.8,5.13,592.1,0.5
2026-05-06 02:51:25,camasir,230.9,5.01,579.6,0.5
2026-05-06 02:51:29,camasir,231.5,1.2,257.2,0.93
2026-05-06 02:51:30,camasir,230.9,1.3,262.7,0.87
2026-05-06 02:51:31,camasir,230.7,4.04,481.6,0.52
2026-05-06 02:51:32,camasir,230.7,5.2,600.0,0.5
2026-05-06 02:51:33,camasir,230.7,5.2,588.7,0.49
2026-05-06 02:51:34,camasir,230.9,5.06,588.7,0.5
2026-05-06 02:51:35,camasir,231.0,5.14,599.0,0.5
2026-05-06 02:51:36,camasir,230.9,5.15,599.3,0.5
2026-05-06 02:51:37,camasir,230.9,5.0,584.3,0.51
2026-05-06 02:51:38,camasir,230.7,5.0,582.3,0.5
2026-05-06 02:51:39,camasir,230.7,5.0,582.3,0.5
2026-05-06 02:51:40,camasir,230.8,5.07,589.2,0.5
2026-05-06 02:51:41,camasir,230.8,5.03,586.1,0.51
2026-05-06 02:51:43,camasir,230.7,5.03,590.9,0.51
2026-05-06 02:51:44,camasir,230.7,5.03,590.9,0.51
2026-05-06 02:51:45,camasir,230.5,5.2,618.0,0.52
2026-05-06 02:51:46,camasir,230.5,5.08,601.7,0.51
2026-05-06 02:51:47,camasir,230.9,1.59,304.5,0.83
2026-05-06 02:51:48,camasir,230.9,1.59,304.5,0.83
2026-05-06 02:51:50,camasir,231.2,1.21,259.5,0.93
2026-05-06 02:51:54,camasir,230.5,5.23,608.6,0.5
2026-05-06 02:52:01,camasir,230.6,5.13,592.3,0.5
2026-05-06 02:52:02,camasir,230.7,5.08,586.9,0.5
2026-05-06 02:52:03,camasir,230.7,5.02,582.6,0.5
2026-05-06 02:52:04,camasir,230.5,5.12,592.6,0.5
2026-05-06 02:52:05,camasir,230.6,5.06,584.4,0.5
2026-05-06 02:52:06,camasir,230.6,5.06,584.4,0.5
2026-05-06 02:52:07,camasir,230.9,1.33,275.1,0.89
2026-05-06 02:52:08,camasir,231.4,1.2,258.3,0.93
2026-05-06 02:52:09,camasir,231.6,1.21,260.5,0.93
2026-05-06 02:52:10,camasir,231.2,1.45,281.9,0.84
2026-05-06 02:52:12,camasir,231.2,1.45,281.9,0.84
2026-05-06 02:52:13,camasir,230.6,4.46,516.8,0.5
2026-05-06 02:52:14,camasir,230.4,5.32,628.6,0.51
2026-05-06 02:52:15,camasir,230.6,5.17,598.3,0.5
2026-05-06 02:52:16,camasir,230.6,5.17,598.3,0.5
2026-05-06 02:52:17,camasir,230.7,5.12,591.9,0.5
2026-05-06 02:52:18,camasir,230.7,5.22,598.4,0.5
2026-05-06 02:52:19,camasir,230.8,5.08,598.3,0.51
2026-05-06 02:52:20,camasir,230.8,5.08,598.3,0.51
2026-05-06 02:52:21,camasir,230.7,4.98,578.4,0.5
2026-05-06 02:52:28,camasir,231.3,1.2,259.5,0.94
2026-05-06 02:52:29,camasir,231.3,1.19,256.6,0.93
2026-05-06 02:52:30,camasir,231.2,1.21,259.3,0.93
2026-05-06 02:52:31,camasir,231.3,1.41,268.9,0.83
2026-05-06 02:52:32,camasir,230.8,4.54,516.9,0.49
2026-05-06 02:52:33,camasir,230.8,5.1,588.4,0.5
2026-05-06 02:52:34,camasir,230.5,5.1,588.4,0.5
2026-05-06 02:52:35,camasir,230.6,4.99,581.8,0.51
2026-05-06 02:52:36,camasir,230.6,5.0,584.5,0.51
2026-05-06 02:52:37,camasir,230.7,5.2,599.9,0.5
2026-05-06 02:52:38,camasir,230.7,5.2,599.9,0.5
2026-05-06 02:52:40,camasir,230.8,5.09,589.7,0.5
2026-05-06 02:52:41,camasir,230.5,5.03,586.4,0.51
2026-05-06 02:52:42,camasir,230.4,5.13,596.7,0.5
2026-05-06 02:52:43,camasir,230.3,5.13,602.8,0.51
2026-05-06 02:52:44,camasir,230.3,5.13,602.8,0.51
2026-05-06 02:52:46,camasir,230.6,5.05,596.8,0.51
2026-05-06 02:52:47,camasir,230.6,5.17,604.4,0.51
2026-05-06 02:52:48,camasir,230.6,5.17,604.4,0.51
2026-05-06 02:52:49,camasir,231.1,1.2,260.5,0.94
2026-05-06 02:52:50,camasir,231.1,1.2,257.7,0.93
2026-05-06 02:52:51,camasir,231.1,1.21,260.1,0.93
2026-05-06 02:52:53,camasir,230.8,4.54,520.8,0.5
2026-05-06 02:52:54,camasir,230.8,5.14,595.2,0.5
2026-05-06 02:52:55,camasir,230.8,5.08,591.6,0.5
2026-05-06 02:52:56,camasir,230.8,5.08,591.6,0.5
2026-05-06 02:52:57,camasir,230.8,5.05,585.8,0.5
2026-05-06 02:52:58,camasir,230.6,5.13,592.0,0.5
2026-05-06 02:52:59,camasir,230.7,5.12,590.6,0.5
2026-05-06 02:53:00,camasir,230.8,5.22,601.4,0.5
2026-05-06 02:53:01,camasir,230.8,5.22,601.4,0.5
2026-05-06 02:53:02,camasir,230.9,5.07,589.0,0.5
2026-05-06 02:53:03,camasir,230.5,4.97,577.0,0.5
2026-05-06 02:53:04,camasir,230.3,5.01,580.6,0.5
2026-05-06 02:53:05,camasir,230.4,5.02,589.5,0.51
2026-05-06 02:53:08,camasir,230.4,4.59,553.4,0.52
2026-05-06 02:53:09,camasir,230.9,1.2,257.2,0.93
2026-05-06 02:53:11,camasir,231.2,1.2,256.9,0.93
2026-05-06 02:53:13,camasir,231.0,1.61,281.8,0.76
2026-05-06 02:53:14,camasir,230.5,4.94,574.6,0.5
2026-05-06 02:53:16,camasir,230.7,5.1,587.0,0.5
2026-05-06 02:53:17,camasir,231.2,5.15,599.0,0.5
2026-05-06 02:53:19,camasir,230.7,4.93,574.1,0.5
2026-05-06 02:53:20,camasir,230.6,5.14,593.7,0.5
2026-05-06 02:53:21,camasir,230.7,5.0,582.3,0.5
2026-05-06 02:53:22,camasir,230.7,4.98,579.9,0.5
2026-05-06 02:53:23,camasir,230.7,4.98,579.9,0.5
2026-05-06 02:53:24,camasir,230.8,5.1,588.5,0.5
2026-05-06 02:53:25,camasir,230.7,4.97,578.1,0.5
2026-05-06 02:53:26,camasir,230.7,5.07,589.9,0.5
2026-05-06 02:53:27,camasir,230.7,4.43,539.7,0.53
2026-05-06 02:53:28,camasir,230.7,4.43,539.7,0.53
2026-05-06 02:53:29,camasir,231.4,1.19,255.5,0.93
2026-05-06 02:53:30,camasir,231.6,1.24,266.3,0.93
2026-05-06 02:53:31,camasir,231.6,1.22,262.6,0.93
2026-05-06 02:53:33,camasir,231.5,1.52,273.2,0.78
2026-05-06 02:53:34,camasir,231.5,1.52,273.2,0.78
2026-05-06 02:53:35,camasir,230.8,4.82,545.0,0.49
2026-05-06 02:53:36,camasir,230.7,5.17,597.7,0.5
2026-05-06 02:53:37,camasir,230.8,5.14,595.7,0.5
2026-05-06 02:53:38,camasir,230.7,5.17,595.0,0.5
2026-05-06 02:53:39,camasir,230.7,5.17,595.0,0.5
2026-05-06 02:53:40,camasir,230.8,5.13,592.1,0.5
2026-05-06 02:53:41,camasir,230.7,5.04,585.2,0.5
2026-05-06 02:53:42,camasir,230.5,4.99,580.8,0.5
2026-05-06 02:53:43,camasir,230.5,4.99,580.8,0.5
2026-05-06 02:53:44,camasir,230.4,5.0,578.9,0.5
2026-05-06 02:53:45,camasir,230.6,4.85,564.2,0.5
2026-05-06 02:53:46,camasir,230.3,4.83,562.9,0.51
2026-05-06 02:53:47,camasir,230.3,4.83,562.9,0.51
2026-05-06 02:53:48,camasir,230.4,4.36,540.6,0.54
2026-05-06 02:53:49,camasir,231.2,1.27,274.0,0.93
2026-05-06 02:53:50,camasir,231.4,1.35,290.7,0.93
2026-05-06 02:53:51,camasir,231.4,1.35,290.7,0.93
2026-05-06 02:53:52,camasir,231.4,1.25,266.5,0.93
2026-05-06 02:53:53,camasir,231.2,1.61,287.2,0.77
2026-05-06 02:53:55,camasir,230.7,4.87,552.1,0.49
2026-05-06 02:53:56,camasir,230.9,5.0,579.8,0.5
2026-05-06 02:53:57,camasir,230.9,5.0,579.8,0.5
2026-05-06 02:53:58,camasir,231.1,5.1,591.9,0.5
2026-05-06 02:53:59,camasir,230.9,5.06,587.0,0.5
2026-05-06 02:54:00,camasir,230.8,4.99,576.7,0.5
2026-05-06 02:54:02,camasir,230.9,4.99,581.8,0.51
2026-05-06 02:54:03,camasir,231.1,5.08,591.0,0.5
2026-05-06 02:54:04,camasir,231.0,4.93,573.9,0.5
2026-05-06 02:54:05,camasir,230.8,5.03,581.0,0.5
2026-05-06 02:54:06,camasir,230.8,5.03,581.0,0.5
2026-05-06 02:54:07,camasir,231.0,4.96,577.4,0.5
2026-05-06 02:54:08,camasir,231.1,4.95,575.8,0.5
2026-05-06 02:54:09,camasir,231.1,4.41,538.2,0.53
2026-05-06 02:54:10,camasir,231.5,1.19,255.6,0.93
2026-05-06 02:54:11,camasir,231.5,1.19,255.6,0.93
2026-05-06 02:54:13,camasir,231.5,1.21,259.2,0.93
2026-05-06 02:54:14,camasir,231.6,1.61,277.3,0.74
2026-05-06 02:54:15,camasir,231.6,1.61,277.3,0.74
2026-05-06 02:54:16,camasir,230.8,4.87,564.8,0.5
2026-05-06 02:54:17,camasir,230.6,5.01,586.4,0.51
2026-05-06 02:54:18,camasir,230.4,4.99,574.5,0.5
2026-05-06 02:54:19,camasir,230.4,4.99,574.5,0.5
2026-05-06 02:54:20,camasir,230.5,4.98,574.0,0.5
2026-05-06 02:54:21,camasir,230.4,4.9,566.2,0.5
2026-05-06 02:54:22,camasir,230.4,4.98,574.1,0.5
2026-05-06 02:54:23,camasir,230.4,4.98,574.1,0.5
2026-05-06 02:54:24,camasir,230.2,5.09,584.5,0.5
2026-05-06 02:54:25,camasir,230.3,5.06,582.3,0.5
2026-05-06 02:54:28,camasir,230.5,4.97,572.8,0.5
2026-05-06 02:54:29,camasir,230.5,4.97,572.8,0.5
2026-05-06 02:54:33,camasir,230.8,1.2,257.4,0.93
2026-05-06 02:54:34,camasir,230.8,1.2,257.4,0.93
2026-05-06 02:54:36,camasir,230.1,5.08,575.6,0.49
2026-05-06 02:54:38,camasir,230.1,5.11,589.4,0.5
2026-05-06 02:54:39,camasir,230.1,4.98,584.0,0.51
2026-05-06 02:54:40,camasir,230.3,5.01,589.2,0.51
2026-05-06 02:54:41,camasir,230.6,3.49,463.2,0.58
2026-05-06 02:54:42,camasir,230.6,3.49,463.2,0.58
2026-05-06 02:54:43,camasir,230.6,3.3,430.1,0.56
2026-05-06 02:54:44,camasir,230.4,5.27,622.5,0.51
2026-05-06 02:54:46,camasir,230.6,5.1,606.5,0.52
2026-05-06 02:54:47,camasir,230.6,5.1,606.5,0.52
2026-05-06 02:54:48,camasir,230.4,5.21,608.6,0.51
2026-05-06 02:54:49,camasir,230.3,5.29,618.6,0.51
2026-05-06 02:54:50,camasir,230.2,5.42,633.7,0.51
2026-05-06 02:54:51,camasir,230.4,5.36,622.9,0.5
2026-05-06 02:54:52,camasir,230.4,5.36,622.9,0.5
2026-05-06 02:54:54,camasir,230.3,5.55,645.2,0.5
2026-05-06 02:54:55,camasir,230.2,5.34,624.0,0.51
2026-05-06 02:54:56,camasir,230.2,5.38,624.4,0.5
2026-05-06 02:54:57,camasir,230.2,5.38,624.4,0.5
2026-05-06 02:54:58,camasir,230.3,5.38,629.4,0.51
2026-05-06 02:54:59,camasir,230.3,5.43,632.9,0.51
2026-05-06 02:55:00,camasir,230.4,5.35,624.9,0.51
2026-05-06 02:55:01,camasir,230.4,5.35,624.9,0.51
2026-05-06 02:55:02,camasir,230.4,5.45,632.9,0.5
2026-05-06 02:55:03,camasir,230.5,3.49,479.0,0.6
2026-05-06 02:55:07,camasir,230.9,1.31,284.7,0.94
2026-05-06 02:55:08,camasir,230.9,1.32,286.7,0.94
2026-05-06 02:55:09,camasir,230.7,1.3,283.6,0.94
2026-05-06 02:55:10,camasir,230.7,1.3,283.6,0.94
2026-05-06 02:55:11,camasir,230.8,1.33,287.7,0.94
2026-05-06 02:55:12,camasir,231.1,1.43,312.1,0.95
2026-05-06 02:55:13,camasir,231.5,1.32,288.0,0.94
2026-05-06 02:55:14,camasir,231.5,1.32,288.0,0.94
2026-05-06 02:55:15,camasir,231.0,1.31,285.9,0.94
2026-05-06 02:55:16,camasir,230.9,1.31,284.3,0.94
2026-05-06 02:55:17,camasir,231.2,1.33,288.9,0.94
2026-05-06 02:55:19,camasir,231.2,1.33,288.9,0.94
2026-05-06 02:55:20,camasir,231.3,1.32,286.9,0.94
2026-05-06 02:55:24,camasir,231.0,1.34,286.2,0.93
2026-05-06 02:55:25,camasir,230.8,3.39,428.3,0.55
2026-05-06 02:55:26,camasir,230.9,3.59,475.3,0.57
2026-05-06 02:55:27,camasir,230.9,3.19,431.5,0.59
2026-05-06 02:55:28,camasir,231.1,2.59,389.9,0.65
2026-05-06 02:55:29,camasir,231.1,2.59,389.9,0.65
2026-05-06 02:55:30,camasir,230.9,2.92,402.3,0.6
2026-05-06 02:55:31,camasir,230.7,3.27,440.3,0.58
2026-05-06 02:55:33,camasir,230.7,2.67,385.2,0.63
2026-05-06 02:55:34,camasir,230.8,2.58,380.6,0.64
2026-05-06 02:55:35,camasir,230.6,2.89,399.5,0.6
2026-05-06 02:55:36,camasir,230.5,2.71,388.6,0.62
2026-05-06 02:55:37,camasir,230.7,2.65,379.7,0.62
2026-05-06 02:55:38,camasir,230.7,2.65,379.7,0.62
2026-05-06 02:55:39,camasir,230.7,2.86,389.4,0.59
2026-05-06 02:55:40,camasir,231.0,2.53,359.1,0.61
2026-05-06 02:55:41,camasir,230.9,2.41,351.5,0.63
2026-05-06 02:55:42,camasir,230.9,2.41,351.5,0.63
2026-05-06 02:55:43,camasir,230.7,2.46,352.6,0.62
2026-05-06 02:55:44,camasir,230.9,1.87,327.2,0.76
2026-05-06 02:55:46,camasir,231.0,1.28,278.1,0.94
2026-05-06 02:55:48,camasir,230.9,1.26,271.5,0.94
2026-05-06 02:55:49,camasir,231.1,1.25,269.5,0.94
2026-05-06 02:55:53,camasir,231.1,1.26,273.3,0.94
2026-05-06 02:55:54,camasir,230.8,1.25,269.8,0.94
2026-05-06 02:55:55,camasir,231.0,1.25,270.4,0.94
2026-05-06 02:55:56,camasir,231.0,1.25,270.4,0.94
2026-05-06 02:55:58,camasir,231.2,1.25,270.4,0.94
2026-05-06 02:55:59,camasir,231.0,1.26,272.7,0.94
2026-05-06 02:56:00,camasir,230.8,1.25,269.7,0.94
2026-05-06 02:56:01,camasir,230.8,1.25,269.7,0.94
2026-05-06 02:56:02,camasir,230.8,1.25,269.8,0.94
2026-05-06 02:56:03,camasir,230.7,1.25,270.6,0.94
2026-05-06 02:56:04,camasir,230.9,1.26,271.6,0.94
2026-05-06 02:56:05,camasir,230.9,1.26,271.6,0.94
2026-05-06 02:56:06,camasir,230.8,2.14,316.4,0.64
2026-05-06 02:56:07,camasir,230.7,2.91,405.9,0.6
2026-05-06 02:56:08,camasir,231.0,2.33,344.8,0.64
2026-05-06 02:56:09,camasir,231.2,2.63,376.5,0.62
2026-05-06 02:56:11,camasir,231.0,2.75,390.8,0.61
2026-05-06 02:56:12,camasir,230.9,2.46,375.9,0.66
2026-05-06 02:56:13,camasir,231.0,2.65,384.5,0.63
2026-05-06 02:56:14,camasir,231.0,2.65,384.5,0.63
2026-05-06 02:56:15,camasir,231.0,2.21,350.6,0.69
2026-05-06 02:56:16,camasir,230.9,2.78,390.0,0.61
2026-05-06 02:56:17,camasir,230.9,2.11,334.5,0.69
2026-05-06 02:56:19,camasir,231.2,1.21,258.2,0.93
2026-05-06 02:56:20,camasir,231.0,1.21,259.5,0.93
2026-05-06 02:56:24,camasir,231.2,1.2,256.5,0.93
2026-05-06 02:56:25,camasir,230.9,1.21,258.6,0.93
2026-05-06 02:56:26,camasir,230.9,1.2,256.7,0.93
2026-05-06 02:56:27,camasir,231.0,1.23,266.0,0.94
2026-05-06 02:56:28,camasir,231.2,1.25,270.4,0.94
2026-05-06 02:56:29,camasir,231.1,1.26,272.4,0.94
2026-05-06 02:56:30,camasir,231.1,1.25,270.4,0.94
2026-05-06 02:56:31,camasir,231.0,1.24,269.5,0.94
2026-05-06 02:56:32,camasir,231.0,1.24,269.5,0.94
2026-05-06 02:56:33,camasir,230.8,1.25,270.2,0.94
2026-05-06 02:56:34,camasir,231.2,1.25,272.3,0.94
2026-05-06 02:56:35,camasir,231.3,1.24,269.1,0.94
2026-05-06 02:56:37,camasir,231.3,1.24,269.1,0.94
2026-05-06 02:56:38,camasir,231.5,1.25,270.2,0.94
2026-05-06 02:56:39,camasir,231.3,1.25,270.4,0.94
2026-05-06 02:56:40,camasir,230.7,1.3,281.7,0.94
2026-05-06 02:56:41,camasir,230.8,1.25,270.7,0.94
2026-05-06 02:56:43,camasir,231.0,1.25,270.6,0.94
2026-05-06 02:56:44,camasir,231.1,1.34,291.0,0.94
2026-05-06 02:56:45,camasir,231.1,1.29,280.0,0.94
2026-05-06 02:56:46,camasir,231.1,1.29,264.8,0.88
2026-05-06 02:56:47,camasir,230.9,1.23,264.8,0.93
2026-05-06 02:56:48,camasir,230.9,1.25,262.9,0.91
2026-05-06 02:56:49,camasir,230.6,3.39,425.4,0.54
2026-05-06 02:56:50,camasir,230.6,3.15,427.6,0.59
2026-05-06 02:56:51,camasir,230.8,2.65,384.0,0.63
2026-05-06 02:56:52,camasir,230.8,2.65,384.0,0.63
2026-05-06 02:56:53,camasir,230.8,2.88,399.1,0.6
2026-05-06 02:56:54,camasir,230.6,3.02,416.4,0.6
2026-05-06 02:56:55,camasir,230.7,3.02,413.7,0.59
2026-05-06 02:56:56,camasir,230.7,3.02,413.7,0.59
2026-05-06 02:56:57,camasir,230.6,3.23,433.3,0.58
2026-05-06 02:56:58,camasir,230.6,3.04,416.8,0.59
2026-05-06 02:56:59,camasir,230.3,3.39,445.7,0.57
2026-05-06 02:57:00,camasir,230.3,3.39,445.7,0.57
2026-05-06 02:57:01,camasir,230.4,3.08,419.6,0.59
2026-05-06 02:57:02,camasir,230.6,3.75,482.6,0.56
2026-05-06 02:57:03,camasir,230.9,2.08,344.7,0.72
2026-05-06 02:57:05,camasir,230.9,2.08,344.7,0.72
2026-05-06 02:57:06,camasir,230.8,1.26,272.1,0.94
2026-05-06 02:57:07,camasir,230.8,1.25,270.8,0.94
2026-05-06 02:57:08,camasir,230.7,1.25,269.4,0.94
2026-05-06 02:57:10,camasir,231.0,2.07,311.7,0.65
2026-05-06 02:57:11,camasir,230.5,5.01,593.8,0.51
2026-05-06 02:57:12,camasir,230.4,3.95,508.1,0.56
2026-05-06 02:57:13,camasir,230.4,3.97,510.3,0.56
2026-05-06 02:57:14,camasir,230.4,3.97,510.3,0.56
2026-05-06 02:57:15,camasir,230.3,3.87,483.6,0.54
2026-05-06 02:57:16,camasir,230.5,4.18,514.0,0.53
2026-05-06 02:57:17,camasir,230.6,4.6,550.7,0.52
2026-05-06 02:57:18,camasir,230.5,4.74,560.7,0.51
2026-05-06 02:57:19,camasir,230.5,4.74,560.7,0.51
2026-05-06 02:57:20,camasir,230.7,4.92,579.0,0.51
2026-05-06 02:57:21,camasir,231.0,4.62,550.9,0.52
2026-05-06 02:57:22,camasir,230.6,4.85,569.7,0.51
2026-05-06 02:57:23,camasir,230.5,4.88,570.8,0.51
2026-05-06 02:57:24,camasir,230.5,4.88,570.8,0.51
2026-05-06 02:57:25,camasir,230.7,3.64,477.8,0.57
2026-05-06 02:57:26,camasir,231.1,1.25,271.3,0.94
2026-05-06 02:57:27,camasir,231.2,1.29,278.5,0.94
2026-05-06 02:57:28,camasir,231.0,1.25,270.8,0.94
2026-05-06 02:57:29,camasir,231.0,1.51,282.9,0.81
2026-05-06 02:57:30,camasir,230.4,5.11,579.3,0.49
2026-05-06 02:57:33,camasir,230.1,5.38,625.9,0.51
2026-05-06 02:57:34,camasir,230.4,5.37,623.7,0.5
2026-05-06 02:57:35,camasir,230.7,5.28,616.8,0.51
2026-05-06 02:57:36,camasir,230.6,5.12,602.4,0.51
2026-05-06 02:57:37,camasir,230.6,5.12,602.4,0.51
2026-05-06 02:57:38,camasir,230.5,5.2,608.6,0.51
2026-05-06 02:57:40,camasir,230.2,5.45,633.0,0.51
2026-05-06 02:57:41,camasir,230.2,5.45,633.0,0.51
2026-05-06 02:57:48,camasir,231.0,1.25,270.1,0.94
2026-05-06 02:57:49,camasir,231.3,1.25,270.3,0.94
2026-05-06 02:57:50,camasir,231.2,1.35,282.9,0.91
2026-05-06 02:57:51,camasir,231.2,1.35,282.9,0.91
2026-05-06 02:57:52,camasir,230.7,3.8,455.4,0.52
2026-05-06 02:57:53,camasir,230.5,5.43,621.1,0.5
2026-05-06 02:58:01,camasir,230.6,5.23,607.0,0.5
2026-05-06 02:58:02,camasir,230.7,5.17,599.7,0.5
2026-05-06 02:58:03,camasir,230.8,5.1,592.6,0.5
2026-05-06 02:58:07,camasir,230.9,2.03,343.3,0.73
2026-05-06 02:58:08,camasir,231.2,1.25,269.3,0.94
2026-05-06 02:58:09,camasir,231.2,1.25,269.3,0.94
2026-05-06 02:58:10,camasir,231.5,1.25,270.5,0.94
2026-05-06 02:58:11,camasir,231.4,1.39,285.7,0.89
2026-05-06 02:58:12,camasir,231.0,4.19,504.2,0.52
2026-05-06 02:58:13,camasir,230.9,5.2,628.5,0.52
2026-05-06 02:58:14,camasir,230.9,5.2,628.5,0.52
2026-05-06 02:58:15,camasir,231.0,5.06,614.4,0.53
2026-05-06 02:58:16,camasir,231.0,5.11,624.7,0.53
2026-05-06 02:58:17,camasir,231.1,5.14,630.0,0.53
2026-05-06 02:58:18,camasir,231.1,5.14,630.0,0.53
2026-05-06 02:58:20,camasir,231.0,4.91,581.6,0.51
2026-05-06 02:58:21,camasir,231.1,5.03,586.7,0.5
2026-05-06 02:58:22,camasir,231.0,4.81,564.1,0.51
2026-05-06 02:58:23,camasir,231.0,4.81,564.1,0.51
2026-05-06 02:58:24,camasir,231.0,4.91,570.5,0.5
2026-05-06 02:58:25,camasir,231.2,4.71,554.3,0.51
2026-05-06 02:58:26,camasir,230.9,4.74,557.3,0.51
2026-05-06 02:58:27,camasir,231.3,1.68,305.0,0.78
2026-05-06 02:58:35,camasir,231.0,4.93,569.2,0.5
2026-05-06 02:58:36,camasir,231.0,4.93,569.2,0.5
2026-05-06 02:58:37,camasir,230.9,4.89,566.5,0.5
2026-05-06 02:58:38,camasir,231.0,4.87,564.7,0.5
2026-05-06 02:58:39,camasir,231.2,4.82,560.4,0.5
2026-05-06 02:58:40,camasir,231.3,4.77,555.0,0.5
2026-05-06 02:58:41,camasir,231.3,4.77,555.0,0.5
2026-05-06 02:58:42,camasir,231.0,4.92,577.5,0.51
2026-05-06 02:58:43,camasir,231.1,4.9,566.5,0.5
2026-05-06 02:58:44,camasir,231.0,4.97,573.3,0.5
2026-05-06 02:58:45,camasir,231.1,4.86,561.3,0.5
2026-05-06 02:58:46,camasir,231.1,4.86,561.3,0.5
2026-05-06 02:58:47,camasir,231.3,4.94,574.7,0.5
2026-05-06 02:58:48,camasir,232.0,1.61,313.9,0.84
2026-05-06 02:58:49,camasir,231.7,1.24,266.3,0.93
2026-05-06 02:58:50,camasir,231.5,1.35,292.1,0.93
2026-05-06 02:58:51,camasir,231.5,1.35,292.1,0.93
2026-05-06 02:58:53,camasir,231.3,4.34,497.6,0.5
2026-05-06 02:58:54,camasir,231.5,5.1,589.8,0.5
2026-05-06 02:59:02,camasir,231.7,4.86,569.6,0.51
2026-05-06 02:59:03,camasir,231.4,4.94,576.7,0.5
2026-05-06 02:59:04,camasir,231.4,4.94,576.7,0.5
2026-05-06 02:59:05,camasir,230.5,4.9,568.9,0.5
2026-05-06 02:59:06,camasir,230.8,4.89,576.8,0.51
2026-05-06 02:59:07,camasir,231.2,4.87,569.2,0.51
2026-05-06 02:59:08,camasir,231.6,1.51,291.4,0.84
2026-05-06 02:59:09,camasir,231.6,1.51,291.4,0.84
2026-05-06 02:59:10,camasir,231.5,1.2,256.8,0.93
2026-05-06 02:59:11,camasir,231.5,1.2,257.4,0.93
2026-05-06 02:59:12,camasir,231.5,1.36,265.1,0.84
2026-05-06 02:59:13,camasir,231.1,4.18,483.3,0.5
2026-05-06 02:59:14,camasir,231.1,4.18,483.3,0.5
2026-05-06 02:59:15,camasir,231.2,5.09,583.9,0.5
2026-05-06 02:59:16,camasir,231.4,4.92,571.3,0.5
2026-05-06 02:59:17,camasir,231.4,4.91,570.7,0.5
2026-05-06 02:59:19,camasir,231.3,5.0,578.6,0.5
2026-05-06 02:59:20,camasir,231.2,4.96,575.6,0.5
2026-05-06 02:59:22,camasir,230.9,4.98,579.4,0.5
2026-05-06 02:59:24,camasir,231.0,4.82,560.4,0.5
2026-05-06 02:59:25,camasir,230.9,4.8,557.8,0.5
2026-05-06 02:59:26,camasir,231.0,4.88,565.6,0.5
2026-05-06 02:59:27,camasir,231.0,4.88,565.6,0.5
2026-05-06 02:59:28,camasir,231.2,4.72,552.6,0.51
2026-05-06 02:59:29,camasir,231.9,1.32,281.0,0.92
2026-05-06 02:59:30,camasir,231.8,1.19,256.8,0.93
2026-05-06 02:59:32,camasir,231.5,1.2,257.1,0.93
2026-05-06 02:59:33,camasir,231.4,1.37,266.8,0.84
2026-05-06 02:59:34,camasir,230.9,4.41,502.1,0.49
2026-05-06 02:59:35,camasir,231.2,5.02,578.3,0.5
2026-05-06 02:59:36,camasir,231.2,5.02,578.3,0.5
2026-05-06 02:59:37,camasir,231.1,4.94,576.2,0.5
2026-05-06 02:59:38,camasir,230.9,4.89,572.3,0.51
2026-05-06 02:59:39,camasir,230.8,4.87,565.4,0.5
2026-05-06 02:59:40,camasir,231.1,4.95,573.0,0.5
2026-05-06 02:59:41,camasir,231.1,4.95,573.0,0.5
2026-05-06 02:59:42,camasir,231.1,4.78,560.3,0.51
2026-05-06 02:59:44,camasir,231.0,4.94,589.5,0.52
2026-05-06 02:59:45,camasir,231.0,4.87,575.4,0.51
2026-05-06 02:59:46,camasir,231.0,4.87,575.4,0.51
2026-05-06 02:59:47,camasir,231.1,4.83,562.9,0.5
2026-05-06 02:59:48,camasir,231.0,4.82,563.4,0.51
2026-05-06 02:59:49,camasir,231.6,1.34,276.1,0.89
2026-05-06 02:59:50,camasir,231.6,1.34,276.1,0.89
2026-05-06 02:59:51,camasir,231.8,1.2,257.7,0.93
2026-05-06 02:59:52,camasir,231.6,1.19,257.0,0.93
2026-05-06 02:59:53,camasir,231.3,1.43,276.9,0.84
2026-05-06 02:59:54,camasir,230.9,4.38,499.9,0.49
2026-05-06 02:59:56,camasir,231.0,4.98,575.7,0.5
2026-05-06 02:59:59,camasir,230.9,4.86,564.4,0.5
2026-05-06 03:00:00,camasir,231.1,4.97,575.1,0.5
2026-05-06 03:00:01,camasir,231.1,4.75,551.3,0.5
2026-05-06 03:00:02,camasir,231.0,4.83,559.5,0.5
2026-05-06 03:00:03,camasir,231.1,4.96,574.9,0.5
2026-05-06 03:00:04,camasir,231.1,4.96,574.9,0.5
2026-05-06 03:00:05,camasir,230.9,4.86,561.6,0.5
2026-05-06 03:00:06,camasir,230.6,4.94,570.8,0.5
2026-05-06 03:00:07,camasir,230.4,4.9,563.9,0.5
2026-05-06 03:00:08,camasir,230.5,4.85,566.8,0.51
2026-05-06 03:00:09,camasir,230.5,4.85,566.8,0.51
2026-05-06 03:00:10,camasir,231.3,1.19,258.4,0.94
2026-05-06 03:00:11,camasir,231.4,1.28,275.3,0.93
2026-05-06 03:00:12,camasir,231.3,1.25,269.5,0.93
2026-05-06 03:00:13,camasir,231.3,1.25,269.5,0.93
2026-05-06 03:00:14,camasir,231.2,1.5,292.0,0.84
2026-05-06 03:00:18,camasir,230.8,5.01,588.3,0.51
2026-05-06 03:00:19,camasir,231.1,4.92,572.8,0.5
2026-05-06 03:00:20,camasir,231.2,5.05,583.4,0.5
2026-05-06 03:00:21,camasir,231.0,5.07,583.3,0.5
2026-05-06 03:00:22,camasir,231.0,5.07,583.3,0.5
2026-05-06 03:00:23,camasir,231.0,5.03,584.2,0.5
2026-05-06 03:00:24,camasir,231.0,4.95,573.9,0.5
2026-05-06 03:00:25,camasir,231.0,4.87,564.4,0.5
2026-05-06 03:00:27,camasir,231.2,4.97,574.1,0.5
2026-05-06 03:00:28,camasir,231.4,4.81,561.3,0.5
2026-05-06 03:00:29,camasir,231.3,4.91,569.1,0.5
2026-05-06 03:00:30,camasir,231.7,1.19,263.6,0.95
2026-05-06 03:00:32,camasir,231.7,1.19,263.6,0.95
2026-05-06 03:00:33,camasir,231.8,1.21,259.8,0.93
2026-05-06 03:00:34,camasir,231.9,1.36,265.7,0.84
2026-05-06 03:00:35,camasir,231.3,4.27,488.8,0.5
2026-05-06 03:00:36,camasir,231.3,4.27,488.8,0.5
2026-05-06 03:00:37,camasir,231.3,5.13,588.7,0.5
2026-05-06 03:00:38,camasir,231.3,5.05,579.9,0.5
2026-05-06 03:00:39,camasir,231.3,5.06,578.8,0.49
2026-05-06 03:00:40,camasir,231.2,4.99,582.6,0.51
2026-05-06 03:00:41,camasir,231.2,4.99,582.6,0.51
2026-05-06 03:00:42,camasir,231.4,4.88,564.6,0.5
2026-05-06 03:00:46,camasir,230.9,5.04,578.4,0.5
2026-05-06 03:00:47,camasir,230.8,5.04,575.6,0.49
2026-05-06 03:00:48,camasir,231.0,5.02,575.8,0.5
2026-05-06 03:00:49,camasir,230.8,4.97,579.4,0.51
2026-05-06 03:00:50,camasir,230.8,4.97,579.4,0.51
2026-05-06 03:00:52,camasir,231.3,1.38,290.8,0.91
2026-05-06 03:00:53,camasir,231.5,1.21,259.0,0.93
2026-05-06 03:00:54,camasir,231.5,1.21,259.0,0.93
2026-05-06 03:00:55,camasir,231.5,1.36,263.6,0.84
2026-05-06 03:00:56,camasir,231.1,4.19,478.4,0.49
2026-05-06 03:00:57,camasir,230.9,5.01,576.4,0.5
2026-05-06 03:00:58,camasir,230.7,5.0,582.1,0.5
2026-05-06 03:00:59,camasir,230.7,5.0,582.1,0.5
2026-05-06 03:01:00,camasir,230.5,5.11,585.8,0.5
2026-05-06 03:01:01,camasir,230.5,5.32,606.1,0.49
2026-05-06 03:01:02,camasir,230.6,4.97,572.9,0.5
2026-05-06 03:01:04,camasir,230.5,5.01,587.2,0.51
2026-05-06 03:01:05,camasir,230.3,4.83,559.2,0.5
2026-05-06 03:01:07,camasir,230.6,4.86,571.4,0.51
2026-05-06 03:01:08,camasir,230.7,4.77,559.7,0.51
2026-05-06 03:01:09,camasir,230.7,4.77,559.7,0.51
2026-05-06 03:01:10,camasir,230.5,4.97,571.2,0.5
2026-05-06 03:01:11,camasir,231.1,1.5,303.8,0.87
2026-05-06 03:01:12,camasir,231.3,1.23,265.4,0.93
2026-05-06 03:01:13,camasir,231.3,1.23,265.4,0.93
2026-05-06 03:01:14,camasir,231.1,1.24,267.2,0.93
2026-05-06 03:01:15,camasir,231.2,1.31,262.1,0.87
2026-05-06 03:01:19,camasir,230.8,4.85,561.8,0.5
2026-05-06 03:01:20,camasir,231.0,4.88,564.3,0.5
2026-05-06 03:01:21,camasir,231.1,4.89,564.5,0.5
2026-05-06 03:01:22,camasir,231.1,4.89,564.5,0.5
2026-05-06 03:01:23,camasir,230.7,4.89,561.8,0.5
2026-05-06 03:01:25,camasir,230.9,4.85,558.1,0.5
2026-05-06 03:01:27,camasir,230.9,4.85,558.1,0.5
2026-05-06 03:01:28,camasir,230.9,4.88,561.0,0.5
2026-05-06 03:01:29,camasir,230.8,4.87,571.6,0.51
2026-05-06 03:01:30,camasir,230.8,4.79,554.6,0.5
2026-05-06 03:01:31,camasir,230.7,4.84,559.5,0.5
2026-05-06 03:01:32,camasir,231.2,1.53,291.2,0.83
2026-05-06 03:01:33,camasir,231.3,1.2,257.2,0.93
2026-05-06 03:01:34,camasir,231.2,1.41,302.1,0.93
2026-05-06 03:01:35,camasir,231.2,1.58,304.0,0.83
2026-05-06 03:01:36,camasir,231.2,1.58,304.0,0.83
2026-05-06 03:01:37,camasir,230.8,4.57,526.3,0.5
2026-05-06 03:01:39,camasir,230.8,5.31,623.7,0.51
2026-05-06 03:01:40,camasir,230.6,5.38,627.0,0.51
2026-05-06 03:01:41,camasir,230.6,5.38,627.0,0.51
2026-05-06 03:01:42,camasir,230.5,5.21,610.5,0.51
2026-05-06 03:01:43,camasir,230.5,5.33,630.6,0.51
2026-05-06 03:01:45,camasir,230.5,5.34,640.3,0.52
2026-05-06 03:01:46,camasir,230.4,5.23,637.2,0.53
2026-05-06 03:01:47,camasir,230.2,5.25,622.2,0.52
2026-05-06 03:01:48,camasir,230.2,5.27,612.6,0.5
2026-05-06 03:01:49,camasir,230.2,5.27,612.6,0.5
2026-05-06 03:01:50,camasir,230.3,5.36,624.6,0.51
2026-05-06 03:01:51,camasir,230.3,5.39,637.4,0.51
2026-05-06 03:01:52,camasir,231.0,1.55,319.3,0.89
2026-05-06 03:01:53,camasir,231.0,1.39,301.0,0.94
2026-05-06 03:01:54,camasir,231.0,1.39,301.0,0.94
2026-05-06 03:01:55,camasir,230.9,1.4,303.0,0.94
2026-05-06 03:01:56,camasir,230.8,1.63,310.2,0.83
2026-05-06 03:01:57,camasir,230.5,4.62,534.8,0.5
2026-05-06 03:01:58,camasir,230.5,4.62,611.8,0.57
2026-05-06 03:02:00,camasir,230.1,5.24,610.7,0.51
2026-05-06 03:02:05,camasir,230.1,5.27,610.3,0.5
2026-05-06 03:02:06,camasir,230.0,5.09,596.0,0.51
2026-05-06 03:02:07,camasir,229.7,5.16,601.5,0.51
2026-05-06 03:02:08,camasir,229.8,5.24,606.6,0.5
2026-05-06 03:02:10,camasir,230.0,5.21,603.8,0.5
2026-05-06 03:02:11,camasir,230.1,5.11,597.8,0.51
2026-05-06 03:02:12,camasir,230.2,5.18,605.7,0.51
2026-05-06 03:02:13,camasir,230.5,1.39,306.5,0.96
2026-05-06 03:02:14,camasir,230.2,1.39,301.0,0.94
2026-05-06 03:02:15,camasir,230.1,1.44,310.8,0.94
2026-05-06 03:02:16,camasir,230.4,1.74,314.6,0.79
2026-05-06 03:02:17,camasir,230.4,1.74,314.6,0.79
2026-05-06 03:02:18,camasir,230.0,4.82,554.2,0.5
2026-05-06 03:02:19,camasir,229.8,5.39,624.3,0.5
2026-05-06 03:02:20,camasir,229.8,5.36,625.6,0.51
2026-05-06 03:02:21,camasir,229.8,5.36,625.6,0.51
2026-05-06 03:02:22,camasir,229.9,5.29,616.5,0.51
2026-05-06 03:02:23,camasir,230.3,5.29,616.2,0.51
2026-05-06 03:02:24,camasir,230.2,5.3,617.8,0.51
2026-05-06 03:02:25,camasir,230.0,5.17,607.4,0.51
2026-05-06 03:02:26,camasir,230.0,5.17,607.4,0.51
2026-05-06 03:02:27,camasir,229.9,5.19,606.9,0.51
2026-05-06 03:02:31,camasir,230.0,5.2,608.5,0.51
2026-05-06 03:02:32,camasir,230.0,5.09,607.6,0.52
2026-05-06 03:02:33,camasir,230.6,1.38,297.9,0.94
2026-05-06 03:02:34,camasir,230.7,1.39,300.2,0.94
2026-05-06 03:02:35,camasir,230.7,1.4,302.1,0.94
2026-05-06 03:02:36,camasir,230.7,1.4,302.1,0.94
2026-05-06 03:02:37,camasir,230.7,1.64,309.1,0.81
2026-05-06 03:02:38,camasir,230.2,4.83,556.9,0.5
2026-05-06 03:02:39,camasir,230.2,5.26,617.8,0.51
2026-05-06 03:02:40,camasir,230.2,5.26,617.8,0.51
2026-05-06 03:02:41,camasir,230.3,5.47,632.7,0.5
2026-05-06 03:02:42,camasir,230.3,5.31,615.6,0.5
2026-05-06 03:02:44,camasir,230.2,5.23,620.1,0.52
2026-05-06 03:02:45,camasir,230.1,5.27,620.8,0.51
2026-05-06 03:02:46,camasir,230.1,5.27,620.8,0.51
2026-05-06 03:02:47,camasir,230.2,5.21,615.4,0.51
2026-05-06 03:02:48,camasir,230.2,5.24,607.1,0.5
2026-05-06 03:02:49,camasir,230.2,5.29,613.3,0.5
2026-05-06 03:02:50,camasir,230.2,5.29,613.3,0.5
2026-05-06 03:02:52,camasir,230.2,5.14,599.8,0.51
2026-05-06 03:02:53,camasir,230.2,5.17,610.8,0.51
2026-05-06 03:02:54,camasir,230.9,1.39,301.9,0.94
2026-05-06 03:02:55,camasir,231.0,1.4,301.3,0.93
2026-05-06 03:02:57,camasir,231.0,1.78,316.7,0.77
2026-05-06 03:02:58,camasir,230.5,5.04,574.6,0.49
2026-05-06 03:02:59,camasir,230.5,5.04,574.6,0.49
2026-05-06 03:03:00,camasir,230.4,5.3,617.7,0.51
2026-05-06 03:03:02,camasir,230.4,5.35,631.8,0.51
2026-05-06 03:03:03,camasir,230.4,5.35,631.8,0.51
2026-05-06 03:03:04,camasir,230.6,5.24,613.8,0.51
2026-05-06 03:03:05,camasir,230.7,5.27,615.7,0.51
2026-05-06 03:03:06,camasir,230.9,5.28,618.5,0.51
2026-05-06 03:03:07,camasir,230.5,5.19,610.8,0.51
2026-05-06 03:03:08,camasir,230.5,5.19,610.8,0.51
2026-05-06 03:03:09,camasir,230.2,5.18,607.6,0.51
2026-05-06 03:03:10,camasir,230.3,5.33,624.9,0.51
2026-05-06 03:03:11,camasir,230.4,5.19,626.6,0.52
2026-05-06 03:03:12,camasir,230.4,5.19,626.6,0.52
2026-05-06 03:03:13,camasir,230.8,4.19,543.5,0.56
2026-05-06 03:03:14,camasir,230.4,3.38,450.7,0.58
2026-05-06 03:03:15,camasir,230.2,5.51,648.8,0.51
2026-05-06 03:03:17,camasir,230.3,5.47,642.4,0.51
2026-05-06 03:03:18,camasir,230.4,5.51,648.0,0.51
2026-05-06 03:03:19,camasir,230.7,5.62,660.0,0.51
2026-05-06 03:03:20,camasir,230.5,5.52,652.2,0.51
2026-05-06 03:03:21,camasir,230.5,5.52,652.2,0.51
2026-05-06 03:03:22,camasir,230.2,5.5,650.3,0.51
2026-05-06 03:03:23,camasir,230.1,5.54,652.1,0.51
2026-05-06 03:03:24,camasir,230.6,5.6,660.6,0.51
2026-05-06 03:03:25,camasir,230.5,5.79,684.7,0.51
2026-05-06 03:03:27,camasir,230.5,5.79,684.7,0.51
2026-05-06 03:03:28,camasir,230.5,5.62,662.7,0.51
2026-05-06 03:03:29,camasir,230.1,5.59,655.5,0.51
2026-05-06 03:03:30,camasir,230.0,5.65,664.9,0.51
2026-05-06 03:03:31,camasir,230.0,5.78,676.6,0.51
2026-05-06 03:03:32,camasir,230.0,5.78,676.6,0.51
2026-05-06 03:03:33,camasir,230.4,4.09,544.7,0.58
2026-05-06 03:03:34,camasir,230.9,1.53,327.6,0.93
2026-05-06 03:03:35,camasir,230.9,1.53,327.6,0.93
2026-05-06 03:03:36,camasir,230.8,1.54,329.6,0.93
2026-05-06 03:03:37,camasir,230.6,1.53,327.0,0.93
2026-05-06 03:03:38,camasir,230.7,1.62,348.1,0.93
2026-05-06 03:03:39,camasir,230.8,1.57,338.1,0.93
2026-05-06 03:03:40,camasir,230.8,1.57,338.1,0.93
2026-05-06 03:03:41,camasir,231.0,1.54,330.3,0.93
2026-05-06 03:03:42,camasir,230.8,1.53,327.8,0.93
2026-05-06 03:03:43,camasir,230.5,1.53,327.7,0.93
2026-05-06 03:03:44,camasir,230.5,1.53,327.7,0.93
2026-05-06 03:03:48,camasir,230.6,1.53,327.7,0.93
2026-05-06 03:03:49,camasir,230.6,1.53,327.7,0.93
2026-05-06 03:03:50,camasir,230.8,1.57,336.2,0.93
2026-05-06 03:03:51,camasir,230.7,1.53,328.7,0.93
2026-05-06 03:03:52,camasir,231.0,1.53,327.7,0.93
2026-05-06 03:03:53,camasir,231.0,1.53,327.7,0.93
2026-05-06 03:03:54,camasir,231.0,1.56,329.6,0.91
2026-05-06 03:03:55,camasir,230.5,3.65,459.3,0.55
2026-05-06 03:03:56,camasir,230.4,4.84,597.8,0.54
2026-05-06 03:03:58,camasir,230.3,4.2,528.0,0.55
2026-05-06 03:04:00,camasir,230.5,3.81,501.4,0.57
2026-05-06 03:04:01,camasir,230.5,3.49,466.2,0.58
2026-05-06 03:04:02,camasir,230.3,3.59,480.2,0.58
2026-05-06 03:04:03,camasir,230.2,3.38,458.7,0.59
2026-05-06 03:04:04,camasir,230.2,3.38,458.7,0.59
2026-05-06 03:04:05,camasir,230.3,3.12,435.8,0.61
2026-05-06 03:04:06,camasir,230.3,3.37,453.5,0.58
2026-05-06 03:04:07,camasir,230.3,2.97,428.4,0.63
2026-05-06 03:04:08,camasir,230.2,2.95,423.9,0.62
2026-05-06 03:04:09,camasir,230.2,2.39,378.7,0.69
2026-05-06 03:04:11,camasir,230.2,2.51,392.3,0.68
2026-05-06 03:04:12,camasir,230.2,2.51,392.3,0.68
2026-05-06 03:04:14,camasir,230.7,2.51,393.6,0.68
2026-05-06 03:04:15,camasir,230.8,1.46,309.4,0.92
2026-05-06 03:04:19,camasir,231.0,1.43,304.9,0.92
2026-05-06 03:04:21,camasir,231.2,1.43,305.7,0.92
2026-05-06 03:04:22,camasir,231.1,1.44,307.9,0.92
2026-05-06 03:04:23,camasir,230.9,1.43,305.0,0.92
2026-05-06 03:04:24,camasir,230.9,1.43,305.4,0.92
2026-05-06 03:04:25,camasir,230.8,1.43,305.2,0.92
2026-05-06 03:04:26,camasir,230.8,1.43,305.2,0.92
2026-05-06 03:04:27,camasir,230.9,1.44,306.9,0.92
2026-05-06 03:04:28,camasir,230.8,1.44,306.1,0.92
2026-05-06 03:04:29,camasir,230.9,1.44,306.3,0.92
2026-05-06 03:04:30,camasir,230.9,1.44,306.3,0.92
2026-05-06 03:04:31,camasir,231.0,1.43,305.5,0.92
2026-05-06 03:04:32,camasir,231.3,1.44,307.1,0.92
2026-05-06 03:04:34,camasir,231.0,1.43,305.2,0.92
2026-05-06 03:04:35,camasir,231.2,1.52,310.0,0.88
2026-05-06 03:04:36,camasir,231.2,1.52,310.0,0.88
2026-05-06 03:04:37,camasir,231.0,3.54,443.2,0.54
2026-05-06 03:04:38,camasir,231.1,2.51,384.2,0.66
2026-05-06 03:04:39,camasir,231.1,3.09,421.7,0.59
2026-05-06 03:04:40,camasir,231.1,3.09,421.7,0.59
2026-05-06 03:04:41,camasir,231.1,2.7,390.2,0.63
2026-05-06 03:04:42,camasir,231.0,2.58,378.5,0.63
2026-05-06 03:04:43,camasir,231.0,2.84,401.7,0.61
2026-05-06 03:04:44,camasir,230.9,2.83,415.7,0.64
2026-05-06 03:04:45,camasir,231.0,2.97,414.1,0.6
2026-05-06 03:04:46,camasir,231.1,2.99,420.3,0.61
2026-05-06 03:04:47,camasir,231.5,1.77,317.3,0.77
2026-05-06 03:04:51,camasir,231.2,1.25,270.6,0.94
2026-05-06 03:04:52,camasir,231.3,1.25,271.0,0.94
2026-05-06 03:04:53,camasir,231.3,1.25,271.0,0.94
2026-05-06 03:04:54,camasir,231.1,1.24,268.6,0.94
2026-05-06 03:04:55,camasir,231.0,2.53,344.5,0.59
2026-05-06 03:04:56,camasir,230.7,2.81,391.6,0.6
2026-05-06 03:04:57,camasir,230.8,2.35,345.3,0.64
2026-05-06 03:04:58,camasir,230.8,2.35,345.3,0.64
2026-05-06 03:04:59,camasir,230.6,2.58,364.6,0.61
2026-05-06 03:05:00,camasir,231.0,2.38,349.5,0.63
2026-05-06 03:05:01,camasir,231.1,2.42,359.7,0.64
2026-05-06 03:05:02,camasir,231.1,2.42,359.7,0.64
2026-05-06 03:05:04,camasir,230.9,2.47,353.8,0.62
2026-05-06 03:05:05,camasir,230.8,2.91,392.7,0.59
2026-05-06 03:05:06,camasir,230.9,2.14,335.8,0.68
2026-05-06 03:05:07,camasir,230.9,2.14,335.8,0.68
2026-05-06 03:05:08,camasir,230.7,2.17,336.3,0.67
2026-05-06 03:05:09,camasir,230.7,2.02,324.7,0.7
2026-05-06 03:05:10,camasir,230.8,2.1,340.4,0.7
2026-05-06 03:05:11,camasir,230.8,2.1,340.4,0.7
2026-05-06 03:05:13,camasir,230.6,2.11,351.6,0.72
2026-05-06 03:05:14,camasir,230.5,2.13,350.8,0.71
2026-05-06 03:05:15,camasir,231.0,2.0,330.8,0.71
2026-05-06 03:05:16,camasir,231.1,1.91,321.4,0.73
2026-05-06 03:05:18,camasir,230.6,1.98,324.7,0.71
2026-05-06 03:05:19,camasir,230.7,1.98,327.0,0.72
2026-05-06 03:05:20,camasir,231.0,1.96,324.4,0.72
2026-05-06 03:05:21,camasir,231.0,1.96,324.4,0.72
2026-05-06 03:05:22,camasir,230.8,1.98,325.8,0.71
2026-05-06 03:05:23,camasir,230.7,1.94,325.4,0.73
2026-05-06 03:05:24,camasir,230.7,1.99,333.7,0.73
2026-05-06 03:05:25,camasir,230.7,1.99,333.7,0.73
2026-05-06 03:05:26,camasir,230.9,1.95,323.2,0.72
2026-05-06 03:05:27,camasir,230.6,1.98,326.0,0.71
2026-05-06 03:05:28,camasir,230.8,1.96,330.9,0.73
2026-05-06 03:05:29,camasir,230.9,2.01,330.2,0.71
2026-05-06 03:05:31,camasir,231.2,1.93,321.5,0.72
2026-05-06 03:05:32,camasir,231.0,1.97,326.9,0.72
2026-05-06 03:05:33,camasir,230.8,1.93,322.6,0.72
2026-05-06 03:05:37,camasir,231.2,1.96,324.9,0.72
2026-05-06 03:05:38,camasir,231.1,2.23,349.8,0.68
2026-05-06 03:05:40,camasir,231.1,2.23,349.8,0.68
2026-05-06 03:05:42,camasir,231.1,2.48,393.9,0.69
2026-05-06 03:05:43,camasir,231.6,2.35,384.2,0.71
2026-05-06 03:05:44,camasir,231.6,2.35,384.2,0.71
2026-05-06 03:05:45,camasir,231.9,2.48,419.8,0.73
2026-05-06 03:05:46,camasir,231.9,2.65,438.4,0.71
2026-05-06 03:05:47,camasir,231.6,2.81,480.0,0.74
2026-05-06 03:05:48,camasir,231.6,2.68,459.7,0.74
2026-05-06 03:05:49,camasir,231.6,2.68,459.7,0.74
2026-05-06 03:05:50,camasir,231.8,2.18,382.8,0.76
2026-05-06 03:05:51,camasir,231.8,2.26,392.3,0.75
2026-05-06 03:05:55,camasir,231.6,2.47,435.0,0.76
2026-05-06 03:05:56,camasir,231.7,2.36,418.6,0.76
2026-05-06 03:05:57,camasir,231.7,2.36,418.6,0.76
2026-05-06 03:05:58,camasir,231.8,2.38,423.3,0.77
2026-05-06 03:05:59,camasir,231.7,2.39,425.2,0.77
2026-05-06 03:06:01,camasir,231.6,2.39,430.6,0.78
2026-05-06 03:06:03,camasir,231.5,2.4,433.0,0.78
2026-05-06 03:06:04,camasir,231.6,2.37,428.9,0.78
2026-05-06 03:06:05,camasir,231.5,2.37,428.9,0.78
2026-05-06 03:06:07,camasir,231.4,2.39,434.2,0.78
2026-05-06 03:06:08,camasir,231.4,2.38,433.7,0.79
2026-05-06 03:06:10,camasir,231.4,2.44,452.3,0.8
2026-05-06 03:06:11,camasir,231.4,2.44,452.3,0.8
2026-05-06 03:06:12,camasir,231.6,2.45,461.9,0.81
2026-05-06 03:06:14,camasir,231.6,2.41,449.1,0.8
2026-05-06 03:06:15,camasir,231.5,2.4,444.2,0.8
2026-05-06 03:06:16,camasir,231.5,2.41,449.7,0.8
2026-05-06 03:06:17,camasir,231.5,2.41,449.7,0.8
2026-05-06 03:06:18,camasir,231.7,2.4,448.1,0.8
2026-05-06 03:06:19,camasir,231.9,2.4,450.3,0.81
2026-05-06 03:06:20,camasir,231.7,2.4,448.8,0.81
2026-05-06 03:06:21,camasir,231.8,2.4,450.6,0.81
2026-05-06 03:06:22,camasir,231.8,2.4,450.6,0.81
2026-05-06 03:06:23,camasir,231.8,2.41,453.7,0.81
2026-05-06 03:06:25,camasir,231.8,2.41,456.8,0.82
2026-05-06 03:06:26,camasir,231.8,2.41,456.8,0.82
2026-05-06 03:06:27,camasir,232.1,2.43,462.3,0.82
2026-05-06 03:06:28,camasir,232.0,2.41,461.1,0.82
2026-05-06 03:06:29,camasir,231.8,2.41,461.5,0.83
2026-05-06 03:06:30,camasir,232.1,2.43,464.3,0.82
2026-05-06 03:06:31,camasir,232.2,2.45,470.0,0.83
2026-05-06 03:06:32,camasir,232.2,2.49,479.7,0.83
2026-05-06 03:06:33,camasir,232.2,2.42,469.0,0.83
2026-05-06 03:06:34,camasir,232.2,2.42,469.0,0.83
2026-05-06 03:06:35,camasir,232.2,2.41,467.3,0.83
2026-05-06 03:06:37,camasir,231.9,2.42,471.0,0.84
2026-05-06 03:06:38,camasir,231.9,2.42,471.0,0.84
2026-05-06 03:06:39,camasir,231.7,2.45,479.0,0.84
2026-05-06 03:06:40,camasir,231.9,2.47,483.4,0.84
2026-05-06 03:06:41,camasir,232.3,2.48,488.3,0.85
2026-05-06 03:06:42,camasir,232.2,2.51,495.7,0.85
2026-05-06 03:06:43,camasir,232.2,2.51,495.7,0.85
2026-05-06 03:06:44,camasir,232.1,2.55,511.5,0.87
2026-05-06 03:06:45,camasir,232.2,2.5,497.8,0.86
2026-05-06 03:06:46,camasir,231.7,2.52,499.6,0.86
2026-05-06 03:06:47,camasir,232.0,2.49,495.7,0.86
2026-05-06 03:06:48,camasir,232.0,2.49,495.7,0.86
2026-05-06 03:06:50,camasir,232.1,2.49,496.6,0.86
2026-05-06 03:06:51,camasir,231.9,2.56,512.4,0.86
2026-05-06 03:06:52,camasir,231.9,2.42,483.2,0.86
2026-05-06 03:06:53,camasir,232.2,2.35,466.3,0.85
2026-05-06 03:06:54,camasir,232.2,2.35,466.3,0.85
2026-05-06 03:06:55,camasir,232.3,2.39,474.6,0.85
2026-05-06 03:06:56,camasir,232.0,2.48,491.7,0.86
2026-05-06 03:06:57,camasir,231.9,2.52,502.3,0.86
2026-05-06 03:06:58,camasir,231.9,2.52,502.3,0.86
2026-05-06 03:06:59,camasir,231.7,2.48,492.9,0.86
2026-05-06 03:07:01,camasir,232.2,2.42,481.3,0.86
2026-05-06 03:07:02,camasir,232.2,2.42,481.3,0.86
2026-05-06 03:07:03,camasir,231.7,2.44,483.3,0.85
2026-05-06 03:07:04,camasir,231.8,2.47,491.2,0.86
2026-05-06 03:07:05,camasir,232.0,2.46,488.7,0.86
2026-05-06 03:07:06,camasir,232.0,2.46,488.7,0.86
2026-05-06 03:07:07,camasir,232.1,2.46,488.6,0.86
2026-05-06 03:07:08,camasir,231.8,2.44,485.3,0.86
2026-05-06 03:07:10,camasir,231.6,2.43,491.0,0.87
2026-05-06 03:07:11,camasir,231.8,2.46,491.0,0.86
2026-05-06 03:07:12,camasir,232.1,2.47,493.0,0.86
2026-05-06 03:07:13,camasir,232.2,2.48,494.6,0.86
2026-05-06 03:07:14,camasir,232.1,2.45,486.9,0.86
2026-05-06 03:07:15,camasir,231.9,2.45,486.4,0.85
2026-05-06 03:07:17,camasir,231.9,2.45,486.4,0.85
2026-05-06 03:07:18,camasir,231.8,2.49,495.1,0.86
2026-05-06 03:07:19,camasir,231.6,2.55,508.5,0.86
2026-05-06 03:07:23,camasir,231.9,2.63,531.0,0.87
2026-05-06 03:07:24,camasir,231.7,2.66,540.6,0.88
2026-05-06 03:07:25,camasir,231.9,2.64,537.6,0.88
2026-05-06 03:07:26,camasir,231.9,2.64,537.6,0.88
2026-05-06 03:07:27,camasir,232.0,2.59,525.7,0.88
2026-05-06 03:07:29,camasir,231.8,2.6,530.2,0.88
2026-05-06 03:07:30,camasir,231.9,2.61,533.4,0.88
2026-05-06 03:07:31,camasir,231.9,2.61,534.7,0.88
2026-05-06 03:07:32,camasir,231.8,2.62,537.3,0.89
2026-05-06 03:07:33,camasir,231.8,2.62,537.3,0.89
2026-05-06 03:07:34,camasir,232.0,2.62,540.3,0.89
2026-05-06 03:07:35,camasir,231.7,2.66,549.1,0.89
2026-05-06 03:07:36,camasir,231.7,2.68,554.5,0.89
2026-05-06 03:07:37,camasir,231.6,2.68,556.2,0.9
2026-05-06 03:07:38,camasir,231.6,2.68,556.2,0.9
2026-05-06 03:07:39,camasir,232.0,2.71,566.1,0.9
2026-05-06 03:07:40,camasir,231.7,2.71,565.2,0.9
2026-05-06 03:07:41,camasir,231.8,2.7,567.5,0.91
2026-05-06 03:07:42,camasir,231.7,2.74,575.2,0.91
2026-05-06 03:07:43,camasir,231.7,2.74,575.2,0.91
2026-05-06 03:07:44,camasir,231.6,2.8,592.4,0.91
2026-05-06 03:07:45,camasir,231.4,2.79,590.9,0.92
2026-05-06 03:07:47,camasir,231.8,2.76,583.6,0.91
2026-05-06 03:07:48,camasir,231.6,2.76,585.4,0.92
2026-05-06 03:07:49,camasir,231.6,2.76,585.4,0.92
2026-05-06 03:07:50,camasir,231.6,2.75,583.4,0.92
2026-05-06 03:07:51,camasir,231.9,2.78,591.1,0.92
2026-05-06 03:07:52,camasir,231.4,2.88,617.4,0.93
2026-05-06 03:07:53,camasir,231.4,2.88,617.4,0.93
2026-05-06 03:07:57,camasir,231.7,2.74,586.4,0.92
2026-05-06 03:07:58,camasir,231.7,2.74,586.4,0.92
2026-05-06 03:07:59,camasir,231.8,2.71,578.3,0.92
2026-05-06 03:08:00,camasir,231.6,2.68,570.8,0.92
2026-05-06 03:08:01,camasir,231.7,2.68,569.7,0.92
2026-05-06 03:08:02,camasir,231.7,2.68,569.7,0.92
2026-05-06 03:08:03,camasir,231.3,2.68,569.1,0.92
2026-05-06 03:08:04,camasir,231.8,2.69,571.1,0.92
2026-05-06 03:08:05,camasir,231.8,2.69,571.1,0.92
2026-05-06 03:08:06,camasir,231.8,2.69,572.1,0.92
2026-05-06 03:08:07,camasir,231.6,2.69,571.0,0.92
2026-05-06 03:08:08,camasir,231.5,2.68,569.9,0.92
2026-05-06 03:08:09,camasir,231.5,2.68,569.5,0.92
2026-05-06 03:08:11,camasir,231.8,2.69,571.4,0.92
2026-05-06 03:08:12,camasir,231.7,2.68,568.7,0.92
2026-05-06 03:08:16,camasir,231.5,2.71,577.3,0.92
2026-05-06 03:08:18,camasir,231.3,2.67,566.2,0.92
2026-05-06 03:08:19,camasir,230.9,2.66,563.4,0.92
2026-05-06 03:08:21,camasir,230.9,2.66,563.4,0.92
2026-05-06 03:08:22,camasir,231.0,2.67,567.4,0.92
2026-05-06 03:08:23,camasir,231.2,2.67,566.0,0.92
2026-05-06 03:08:24,camasir,231.3,2.66,565.8,0.92
2026-05-06 03:08:25,camasir,231.3,2.66,565.8,0.92
2026-05-06 03:08:26,camasir,231.5,2.67,566.2,0.92
2026-05-06 03:08:27,camasir,230.9,2.66,565.4,0.92
2026-05-06 03:08:28,camasir,230.9,2.66,564.5,0.92
2026-05-06 03:08:29,camasir,230.9,2.66,563.6,0.92
2026-05-06 03:08:30,camasir,230.9,2.66,563.6,0.92
2026-05-06 03:08:31,camasir,230.9,2.66,564.2,0.92
2026-05-06 03:08:32,camasir,230.9,2.66,564.2,0.92
2026-05-06 03:08:33,camasir,230.8,2.66,563.8,0.92
2026-05-06 03:08:34,camasir,230.8,2.66,563.8,0.92
2026-05-06 03:08:35,camasir,230.7,2.65,560.4,0.92
2026-05-06 03:08:36,camasir,231.1,2.65,563.2,0.92
2026-05-06 03:08:40,camasir,231.2,2.69,572.5,0.92
2026-05-06 03:08:42,camasir,230.6,2.64,559.1,0.92
2026-05-06 03:08:43,camasir,230.6,2.64,559.1,0.92
2026-05-06 03:08:45,camasir,230.7,2.66,564.5,0.92
2026-05-06 03:08:46,camasir,231.0,2.66,563.5,0.92
2026-05-06 03:08:47,camasir,231.0,2.66,563.5,0.92
2026-05-06 03:08:48,camasir,230.9,2.65,561.1,0.92
2026-05-06 03:08:49,camasir,230.6,2.65,561.4,0.92
2026-05-06 03:08:50,camasir,230.7,2.66,563.4,0.92
2026-05-06 03:08:52,camasir,230.9,2.64,559.2,0.92
2026-05-06 03:08:53,camasir,230.9,2.64,559.2,0.92
2026-05-06 03:08:54,camasir,230.9,2.64,559.9,0.92
2026-05-06 03:08:55,camasir,230.7,2.64,560.1,0.92
2026-05-06 03:08:56,camasir,230.7,2.73,580.8,0.92
2026-05-06 03:08:57,camasir,230.7,2.73,580.8,0.92
2026-05-06 03:08:58,camasir,230.7,2.67,567.1,0.92
2026-05-06 03:08:59,camasir,230.8,2.68,569.9,0.92
2026-05-06 03:09:00,camasir,230.5,2.65,560.6,0.92
2026-05-06 03:09:01,camasir,230.8,2.65,562.1,0.92
2026-05-06 03:09:02,camasir,230.8,2.65,562.1,0.92
2026-05-06 03:09:03,camasir,231.0,2.65,561.7,0.92
2026-05-06 03:09:04,camasir,230.5,2.67,567.3,0.92
2026-05-06 03:09:05,camasir,230.6,2.64,559.4,0.92
2026-05-06 03:09:06,camasir,230.9,2.65,561.0,0.92
2026-05-06 03:09:07,camasir,230.8,2.64,559.2,0.92
2026-05-06 03:09:08,camasir,230.9,2.64,559.9,0.92
2026-05-06 03:09:09,camasir,230.7,2.65,560.9,0.92
2026-05-06 03:09:10,camasir,230.7,2.65,560.9,0.92
2026-05-06 03:09:12,camasir,230.9,2.67,566.5,0.92
2026-05-06 03:09:13,camasir,230.6,2.73,581.7,0.92
2026-05-06 03:09:14,camasir,230.5,2.64,558.3,0.92
2026-05-06 03:09:15,camasir,230.5,2.64,558.3,0.92
2026-05-06 03:09:16,camasir,230.6,2.66,563.7,0.92
2026-05-06 03:09:17,camasir,230.6,2.65,561.3,0.92
2026-05-06 03:09:18,camasir,230.8,2.65,560.7,0.92
2026-05-06 03:09:19,camasir,230.8,2.65,560.7,0.92
2026-05-06 03:09:20,camasir,231.0,2.64,559.5,0.92
2026-05-06 03:09:21,camasir,230.8,2.65,562.6,0.92
2026-05-06 03:09:22,camasir,230.3,2.65,559.9,0.92
2026-05-06 03:09:23,camasir,230.9,2.65,561.2,0.92
2026-05-06 03:09:25,camasir,230.9,2.65,561.2,0.92
2026-05-06 03:09:26,camasir,230.8,2.66,562.4,0.92
2026-05-06 03:09:27,camasir,231.0,2.66,565.1,0.92
2026-05-06 03:09:29,camasir,230.9,2.68,570.3,0.92
2026-05-06 03:09:30,camasir,230.7,2.65,559.4,0.92
2026-05-06 03:09:31,camasir,230.8,2.65,560.9,0.92
2026-05-06 03:09:32,camasir,231.0,2.66,564.0,0.92
2026-05-06 03:09:33,camasir,231.2,2.64,560.4,0.92
2026-05-06 03:09:34,camasir,231.2,2.64,560.4,0.92
2026-05-06 03:09:35,camasir,230.8,2.64,559.5,0.92
2026-05-06 03:09:36,camasir,231.1,2.65,561.8,0.92
2026-05-06 03:09:37,camasir,230.8,2.66,563.0,0.92
2026-05-06 03:09:38,camasir,230.7,2.67,565.9,0.92
2026-05-06 03:09:39,camasir,230.7,2.67,565.9,0.92
2026-05-06 03:09:40,camasir,231.0,2.65,561.0,0.92
2026-05-06 03:09:41,camasir,231.1,2.65,561.8,0.92
2026-05-06 03:09:42,camasir,230.8,2.65,561.5,0.92
2026-05-06 03:09:43,camasir,230.4,2.69,569.1,0.92
2026-05-06 03:09:44,camasir,230.5,2.7,573.9,0.92
2026-05-06 03:09:45,camasir,230.7,2.69,570.6,0.92
2026-05-06 03:09:46,camasir,231.0,2.65,560.6,0.92
2026-05-06 03:09:48,camasir,231.1,2.64,560.1,0.92
2026-05-06 03:09:49,camasir,231.2,1.35,298.2,0.96
2026-05-06 03:09:50,camasir,230.9,1.29,278.2,0.94
2026-05-06 03:09:51,camasir,230.9,1.29,278.2,0.94
2026-05-06 03:09:52,camasir,231.1,1.26,271.6,0.93
2026-05-06 03:09:54,camasir,231.1,1.25,270.5,0.94
2026-05-06 03:09:55,camasir,231.2,1.25,270.4,0.94
2026-05-06 03:09:56,camasir,231.2,1.25,269.4,0.94
2026-05-06 03:09:57,camasir,231.2,1.25,269.4,0.94
2026-05-06 03:09:58,camasir,231.0,1.25,271.1,0.94
2026-05-06 03:09:59,camasir,231.0,1.25,269.2,0.94
2026-05-06 03:10:01,camasir,231.2,1.25,269.9,0.94
2026-05-06 03:10:02,camasir,231.3,1.24,268.5,0.93
2026-05-06 03:10:03,camasir,231.5,1.26,272.6,0.94
2026-05-06 03:10:04,camasir,231.4,1.25,270.2,0.94
2026-05-06 03:10:05,camasir,231.1,1.25,269.4,0.94
2026-05-06 03:10:06,camasir,231.1,1.25,269.4,0.94
2026-05-06 03:10:07,camasir,231.2,1.25,269.5,0.93
2026-05-06 03:10:08,camasir,231.4,1.26,272.0,0.94
2026-05-06 03:10:09,camasir,231.8,1.22,264.3,0.93
2026-05-06 03:10:10,camasir,231.3,1.23,265.7,0.93
2026-05-06 03:10:11,camasir,231.3,1.23,265.7,0.93
2026-05-06 03:10:12,camasir,230.9,1.37,296.5,0.94
2026-05-06 03:10:13,camasir,231.6,1.33,289.9,0.94
2026-05-06 03:10:14,camasir,231.6,1.33,289.9,0.94
2026-05-06 03:10:15,camasir,232.0,1.29,279.3,0.94
2026-05-06 03:10:16,camasir,231.5,1.25,271.0,0.94
2026-05-06 03:10:17,camasir,231.3,1.26,272.3,0.94
2026-05-06 03:10:18,camasir,231.4,1.24,269.2,0.94
2026-05-06 03:10:19,camasir,231.4,1.24,269.2,0.94
2026-05-06 03:10:20,camasir,231.7,1.26,273.8,0.93
2026-05-06 03:10:27,camasir,231.5,1.67,345.2,0.89
2026-05-06 03:10:28,camasir,231.5,1.67,345.2,0.89
2026-05-06 03:10:29,camasir,231.1,1.67,343.5,0.89
2026-05-06 03:10:30,camasir,231.2,1.67,344.3,0.89
2026-05-06 03:10:31,camasir,231.2,1.67,344.3,0.89
2026-05-06 03:10:32,camasir,231.4,1.68,345.3,0.89
2026-05-06 03:10:37,camasir,231.4,1.71,352.8,0.89
2026-05-06 03:10:38,camasir,231.4,1.71,352.8,0.89
2026-05-06 03:10:39,camasir,231.3,1.71,352.5,0.89
2026-05-06 03:10:40,camasir,231.3,1.67,346.2,0.89
2026-05-06 03:10:41,camasir,231.1,1.63,331.6,0.88
2026-05-06 03:10:42,camasir,231.2,1.62,329.6,0.88
2026-05-06 03:10:43,camasir,231.2,1.62,329.6,0.88
2026-05-06 03:10:44,camasir,231.5,1.64,333.8,0.88
2026-05-06 03:10:45,camasir,231.3,1.62,329.6,0.88
2026-05-06 03:10:46,camasir,231.3,1.63,331.1,0.88
2026-05-06 03:10:47,camasir,231.3,1.63,331.1,0.88
2026-05-06 11:17:58,kettle,222.0,7.27,1613.0,1.0
2026-05-06 11:18:00,kettle,221.8,7.25,1608.5,1.0
2026-05-06 11:18:02,kettle,221.6,7.23,1600.9,1.0
2026-05-06 11:18:03,kettle,222.0,7.23,1605.3,1.0
2026-05-06 11:18:04,kettle,221.9,7.23,1604.6,1.0
2026-05-06 11:18:05,kettle,221.9,7.23,1604.6,1.0
2026-05-06 11:18:06,kettle,222.2,7.23,1604.8,1.0
2026-05-06 11:18:07,kettle,222.1,7.23,1605.7,1.0
2026-05-06 11:18:08,kettle,222.1,7.23,1605.7,1.0
2026-05-06 11:18:09,kettle,222.3,7.23,1606.6,1.0
2026-05-06 11:18:10,kettle,222.1,7.26,1611.2,1.0
2026-05-06 11:18:11,kettle,222.2,7.31,1624.0,1.0
2026-05-06 11:18:12,kettle,222.8,7.25,1615.4,1.0
2026-05-06 11:18:13,kettle,222.8,7.25,1615.4,1.0
2026-05-06 11:18:15,kettle,222.8,7.25,1614.6,1.0
2026-05-06 11:18:16,kettle,223.1,7.25,1617.6,1.0
2026-05-06 11:18:18,kettle,223.1,7.29,1626.3,1.0
2026-05-06 11:18:19,kettle,222.8,7.25,1614.8,1.0
2026-05-06 11:18:20,kettle,222.4,7.24,1608.9,1.0
2026-05-06 11:18:21,kettle,222.7,7.25,1614.1,1.0
2026-05-06 11:18:22,kettle,222.7,7.25,1614.1,1.0
2026-05-06 11:18:23,kettle,223.1,7.28,1623.0,1.0
2026-05-06 11:18:24,kettle,222.8,7.25,1614.9,1.0
2026-05-06 11:18:26,kettle,221.9,7.38,1636.5,1.0
2026-05-06 11:18:28,kettle,222.2,7.37,1636.9,1.0
2026-05-06 11:18:29,kettle,222.4,7.36,1636.2,1.0
2026-05-06 11:18:30,kettle,222.9,7.37,1641.3,1.0
2026-05-06 11:18:31,kettle,223.2,7.34,1637.9,1.0
2026-05-06 11:18:32,kettle,223.2,7.34,1637.9,1.0
2026-05-06 11:18:33,kettle,223.1,7.41,1652.7,1.0
2026-05-06 11:18:34,kettle,222.4,7.41,1647.2,1.0
2026-05-06 11:18:35,kettle,222.7,7.43,1654.2,1.0
2026-05-06 11:18:36,kettle,222.7,7.43,1654.2,1.0
2026-05-06 11:18:37,kettle,223.0,7.41,1652.4,1.0
2026-05-06 11:18:38,kettle,223.2,7.42,1656.0,1.0
2026-05-06 11:18:40,kettle,222.7,7.41,1649.1,1.0
2026-05-06 11:18:41,kettle,222.7,7.41,1649.1,1.0
2026-05-06 11:18:42,kettle,222.8,7.35,1636.6,1.0
2026-05-06 11:18:43,kettle,223.1,7.31,1629.5,1.0
2026-05-06 11:18:44,kettle,223.5,7.32,1633.7,1.0
2026-05-06 11:18:45,kettle,223.2,7.25,1616.4,1.0
2026-05-06 11:18:46,kettle,223.2,7.25,1616.4,1.0
2026-05-06 11:18:47,kettle,223.1,7.2,1605.8,1.0
2026-05-06 11:18:48,kettle,223.1,7.26,1616.7,1.0
2026-05-06 11:18:49,kettle,223.3,7.22,1609.9,1.0
2026-05-06 11:18:50,kettle,223.3,7.22,1609.9,1.0
2026-05-06 11:18:51,kettle,223.7,7.23,1616.5,1.0
2026-05-06 11:18:53,kettle,223.4,7.23,1613.0,1.0
2026-05-06 11:18:54,kettle,223.4,7.23,1616.2,1.0
2026-05-06 11:18:55,kettle,223.5,7.24,1616.2,1.0
2026-05-06 11:18:56,kettle,223.6,7.25,1620.7,1.0
2026-05-06 11:18:57,kettle,223.5,7.26,1621.2,1.0
2026-05-06 11:18:58,kettle,223.3,7.28,1624.7,1.0
2026-05-06 11:18:59,kettle,223.2,7.24,1615.5,1.0
2026-05-06 11:19:00,kettle,223.2,7.24,1615.5,1.0
2026-05-06 11:19:01,kettle,223.2,7.24,1613.5,1.0
2026-05-06 11:19:02,kettle,223.5,7.26,1620.1,1.0
2026-05-06 11:19:03,kettle,223.0,7.24,1614.2,1.0
2026-05-06 11:19:05,kettle,223.0,7.26,1616.9,1.0
2026-05-06 11:19:06,kettle,222.5,7.3,1621.8,1.0
2026-05-06 11:19:07,kettle,222.6,7.25,1612.3,1.0
2026-05-06 11:19:08,kettle,222.9,7.24,1613.4,1.0
2026-05-06 11:19:09,kettle,222.9,7.24,1613.4,1.0
2026-05-06 11:19:11,kettle,223.7,7.34,1638.0,1.0
2026-05-06 11:19:12,kettle,223.7,7.34,1638.0,1.0
2026-05-06 11:19:13,kettle,223.3,7.49,1672.6,1.0
2026-05-06 11:19:14,kettle,223.0,7.48,1666.4,1.0
2026-05-06 11:19:16,kettle,222.9,7.41,1652.1,1.0
2026-05-06 11:19:17,kettle,222.9,7.39,1645.7,1.0
2026-05-06 11:19:18,kettle,222.9,7.39,1645.7,1.0
2026-05-06 11:19:19,kettle,223.0,7.41,1651.7,1.0
2026-05-06 11:19:20,kettle,222.7,7.36,1636.8,1.0
2026-05-06 11:19:21,kettle,223.0,7.36,1641.1,1.0
2026-05-06 11:19:22,kettle,223.0,7.36,1641.1,1.0
2026-05-06 11:19:23,kettle,223.4,7.37,1645.8,1.0
2026-05-06 11:19:24,kettle,223.3,7.38,1646.2,1.0
2026-05-06 11:19:25,kettle,223.0,7.37,1641.5,1.0
2026-05-06 11:19:26,kettle,223.2,7.39,1649.5,1.0
2026-05-06 11:19:27,kettle,223.2,7.39,1649.5,1.0
2026-05-06 11:19:28,kettle,223.6,7.37,1646.6,1.0
2026-05-06 11:19:29,kettle,223.2,7.38,1645.6,1.0
2026-05-06 11:19:30,kettle,223.1,7.36,1641.4,1.0
2026-05-06 11:19:31,kettle,223.3,7.38,1648.4,1.0
2026-05-06 11:19:32,kettle,223.3,7.38,1648.4,1.0
2026-05-06 11:19:33,kettle,223.3,7.39,1647.7,1.0
2026-05-06 11:19:35,kettle,223.7,7.4,1653.9,1.0
2026-05-06 11:19:36,kettle,223.7,7.4,1653.9,1.0
2026-05-06 11:19:38,kettle,223.5,7.52,1678.3,1.0
2026-05-06 11:19:39,kettle,223.8,7.44,1665.8,1.0
2026-05-06 11:19:40,kettle,224.0,7.4,1657.2,1.0
2026-05-06 11:19:41,kettle,224.0,7.4,1657.2,1.0
2026-05-06 11:19:42,kettle,224.1,7.39,1654.3,1.0
2026-05-06 11:19:44,kettle,223.7,7.38,1650.8,1.0
2026-05-06 11:19:45,kettle,223.7,7.38,1650.8,1.0
2026-05-06 11:19:46,kettle,224.1,7.32,1640.3,1.0
2026-05-06 11:19:47,kettle,224.3,7.24,1624.5,1.0
2026-05-06 11:19:48,kettle,224.1,7.26,1626.0,1.0
2026-05-06 11:19:49,kettle,224.0,7.24,1622.4,1.0
2026-05-06 11:19:50,kettle,224.0,7.23,1618.9,1.0
2026-05-06 11:19:51,kettle,223.9,7.24,1619.2,1.0
2026-05-06 11:19:53,kettle,224.2,7.25,1624.6,1.0
2026-05-06 11:19:54,kettle,224.0,7.23,1619.9,1.0
2026-05-06 11:19:55,kettle,224.0,7.23,1619.9,1.0
2026-05-06 11:19:56,kettle,224.1,7.24,1621.5,1.0
2026-05-06 11:19:57,kettle,224.0,7.23,1619.1,1.0
2026-05-06 11:19:58,kettle,224.2,7.28,1632.2,1.0
2026-05-06 11:19:59,kettle,224.2,7.28,1632.2,1.0
2026-05-06 11:20:00,kettle,224.5,7.24,1624.9,1.0
2026-05-06 11:20:01,kettle,224.4,7.24,1624.9,1.0
2026-05-06 11:20:02,kettle,224.4,7.24,1625.4,1.0
2026-05-06 11:20:03,kettle,224.4,7.25,1626.8,1.0
2026-05-06 11:20:04,kettle,224.4,7.25,1626.8,1.0
2026-05-06 11:20:05,kettle,224.2,7.24,1623.2,1.0
2026-05-06 11:20:06,kettle,223.9,7.24,1620.7,1.0
2026-05-06 11:20:07,kettle,224.1,7.35,1645.2,1.0
2026-05-06 11:20:08,kettle,224.1,7.35,1645.2,1.0
2026-05-06 11:20:09,kettle,224.2,7.33,1643.1,1.0
2026-05-06 11:20:11,kettle,224.4,7.32,1640.7,1.0
2026-05-06 11:20:12,kettle,224.5,7.25,1628.1,1.0
2026-05-06 11:20:13,kettle,224.5,7.25,1628.1,1.0
2026-05-06 11:20:15,kettle,224.2,7.24,1623.2,1.0
2026-05-06 11:20:16,kettle,224.0,7.24,1620.3,1.0
2026-05-06 11:20:17,kettle,224.0,7.24,1620.3,1.0
2026-05-06 11:20:18,kettle,224.1,7.25,1624.0,1.0
2026-05-06 11:20:19,kettle,224.2,7.29,1633.1,1.0
2026-05-06 11:20:20,kettle,224.0,7.24,1620.9,1.0
2026-05-06 11:20:21,kettle,223.7,7.23,1616.2,1.0
2026-05-06 11:20:22,kettle,223.7,7.23,1616.2,1.0
2026-05-06 11:20:23,kettle,224.0,7.23,1619.8,1.0
2026-05-06 11:20:24,kettle,224.1,7.25,1624.6,1.0
2026-05-06 11:20:25,kettle,224.2,7.26,1626.9,1.0
2026-05-06 11:20:26,kettle,224.3,7.25,1627.1,1.0
2026-05-06 11:20:27,kettle,224.3,7.25,1627.1,1.0
2026-05-06 11:20:28,kettle,224.3,7.24,1624.1,1.0
2026-05-06 11:20:29,kettle,223.9,7.24,1621.3,1.0
2026-05-06 11:20:30,kettle,223.6,7.22,1615.4,1.0
2026-05-06 11:20:31,kettle,223.6,7.22,1615.4,1.0
2026-05-06 11:20:32,kettle,224.1,7.23,1620.8,1.0
2026-05-06 11:20:33,kettle,224.0,7.27,1627.0,1.0
2026-05-06 11:20:34,kettle,224.0,7.25,1623.2,1.0
2026-05-06 11:20:35,kettle,224.1,7.24,1621.7,1.0
2026-05-06 11:20:36,kettle,224.1,7.24,1621.7,1.0
2026-05-06 11:20:37,kettle,223.8,7.25,1622.7,1.0
2026-05-06 11:20:38,kettle,224.0,7.24,1621.8,1.0
2026-05-06 11:20:39,kettle,224.2,7.3,1635.1,1.0
2026-05-06 11:20:41,kettle,224.3,7.34,1644.5,1.0
2026-05-06 11:20:43,kettle,224.2,7.28,1633.2,1.0
2026-05-06 11:20:44,kettle,224.0,7.25,1622.7,1.0
2026-05-06 11:20:45,kettle,224.0,7.25,1622.7,1.0
2026-05-06 11:20:46,kettle,223.9,7.23,1619.1,1.0
2026-05-06 11:20:47,kettle,224.0,7.24,1621.6,1.0
2026-05-06 11:20:48,kettle,224.3,7.25,1624.9,1.0
2026-05-06 11:20:49,kettle,224.3,7.25,1624.9,1.0
2026-05-06 11:20:50,kettle,224.3,7.25,1626.0,1.0
2026-05-06 11:20:52,kettle,223.8,7.23,1618.2,1.0
2026-05-06 11:20:53,kettle,223.5,7.22,1614.0,1.0
2026-05-06 11:20:54,kettle,223.5,7.22,1614.0,1.0
2026-05-06 11:20:55,kettle,223.2,7.22,1611.7,1.0
2026-05-06 11:20:56,kettle,223.2,7.22,1611.2,1.0
2026-05-06 11:20:57,kettle,223.1,7.21,1608.9,1.0
2026-05-06 11:20:59,kettle,223.0,7.24,1613.8,1.0
2026-05-06 11:21:00,kettle,223.0,7.22,1609.0,1.0
2026-05-06 11:21:01,kettle,222.8,7.21,1606.1,1.0
2026-05-06 11:21:02,kettle,222.9,7.22,1608.0,1.0
2026-05-06 11:21:03,kettle,222.9,7.22,1608.0,1.0
2026-05-06 11:21:04,kettle,223.0,7.21,1606.6,1.0
2026-05-06 11:21:05,kettle,223.4,7.24,1615.7,1.0
2026-05-06 11:21:06,kettle,223.6,7.23,1616.4,1.0
2026-05-06 11:21:07,kettle,223.5,7.27,1624.1,1.0
2026-05-06 11:21:08,kettle,223.5,7.27,1624.1,1.0
2026-05-06 11:21:09,kettle,223.5,7.3,1631.7,1.0
2026-05-06 11:21:10,kettle,223.5,7.28,1628.1,1.0
2026-05-06 11:21:11,kettle,224.1,7.26,1625.2,1.0
2026-05-06 11:21:12,kettle,224.1,7.26,1625.2,1.0
2026-05-06 11:21:14,kettle,224.3,7.34,1646.7,1.0
2026-05-06 11:21:15,kettle,223.4,7.23,1615.1,1.0
2026-05-06 11:21:16,kettle,223.9,7.23,1619.0,1.0
2026-05-06 11:21:17,kettle,223.9,7.23,1619.0,1.0
2026-05-06 11:21:18,kettle,224.4,7.25,1625.8,1.0
2026-05-06 11:21:19,kettle,224.2,7.28,1632.0,1.0
2026-05-06 11:21:20,kettle,224.3,7.27,1630.5,1.0
2026-05-06 11:21:21,kettle,224.2,7.24,1622.8,1.0
2026-05-06 11:21:22,kettle,224.2,7.24,1622.8,1.0
2026-05-06 11:21:23,kettle,223.9,7.23,1618.3,1.0
2026-05-06 11:21:24,kettle,224.0,7.24,1621.5,1.0
2026-05-06 11:21:25,kettle,224.2,7.25,1625.5,1.0
2026-05-06 11:21:26,kettle,224.2,7.25,1625.5,1.0
2026-05-06 11:21:27,kettle,224.3,7.24,1622.8,1.0
2026-05-06 11:21:28,kettle,224.2,7.24,1623.6,1.0
2026-05-06 11:21:30,kettle,224.4,7.26,1627.8,1.0
2026-05-06 11:21:31,kettle,224.4,7.26,1627.8,1.0
2026-05-06 11:21:32,kettle,224.4,7.24,1625.0,1.0
2026-05-06 11:21:33,kettle,224.1,7.24,1622.5,1.0
2026-05-06 11:21:34,kettle,224.0,7.24,1620.8,1.0
2026-05-06 11:21:35,kettle,224.0,7.24,1620.8,1.0
2026-05-06 11:21:36,kettle,224.5,7.25,1627.4,1.0
2026-05-06 11:21:37,kettle,224.2,7.26,1627.3,1.0
2026-05-06 11:21:38,kettle,224.4,7.25,1626.9,1.0
2026-05-06 11:21:39,kettle,224.3,7.29,1634.0,1.0
2026-05-06 11:21:40,kettle,224.3,7.29,1634.0,1.0
2026-05-06 11:21:42,kettle,224.4,7.28,1632.3,1.0
2026-05-06 11:21:43,kettle,224.6,7.3,1638.6,1.0
2026-05-06 11:21:44,kettle,224.6,7.3,1638.6,1.0
2026-05-06 11:21:45,kettle,224.8,7.32,1646.8,1.0
2026-05-06 11:21:47,kettle,224.7,7.31,1642.4,1.0
2026-05-06 11:21:48,kettle,224.8,7.26,1631.9,1.0
2026-05-06 11:21:49,kettle,224.8,7.26,1640.0,1.0
2026-05-06 11:21:50,kettle,224.9,7.3,1640.0,1.0
2026-05-06 11:21:51,kettle,224.8,7.27,1634.2,1.0
2026-05-06 11:21:52,kettle,224.5,7.25,1628.8,1.0
2026-05-06 11:21:53,kettle,223.9,7.23,1618.6,1.0
2026-05-06 11:21:55,kettle,223.7,7.23,1616.4,1.0
2026-05-06 11:21:56,kettle,223.6,7.24,1617.4,1.0
2026-05-06 11:21:57,kettle,223.8,7.23,1617.2,1.0
2026-05-06 11:21:58,kettle,223.8,7.23,1617.2,1.0
2026-05-06 11:21:59,kettle,223.8,7.23,1617.4,1.0
2026-05-06 11:22:00,kettle,223.7,7.27,1625.7,1.0
2026-05-06 11:22:02,kettle,224.4,7.25,1627.4,1.0
2026-05-06 11:22:03,kettle,224.4,7.25,1627.4,1.0
2026-05-06 11:22:04,kettle,224.2,7.24,1622.8,1.0
2026-05-06 11:22:05,kettle,224.6,7.26,1629.3,1.0
2026-05-06 11:22:06,kettle,224.7,7.27,1632.5,1.0
2026-05-06 11:22:07,kettle,224.7,7.27,1632.5,1.0
2026-05-06 11:22:08,kettle,224.4,7.25,1626.3,1.0
2026-05-06 11:22:09,kettle,224.7,7.26,1630.8,1.0
2026-05-06 11:22:10,kettle,225.3,7.28,1639.2,1.0
2026-05-06 11:22:11,kettle,225.3,7.28,1640.1,1.0
2026-05-06 11:22:13,kettle,225.3,7.28,1640.1,1.0
2026-05-06 11:22:14,kettle,224.9,7.27,1635.3,1.0
2026-05-06 11:22:15,kettle,224.9,7.34,1648.4,1.0
2026-05-06 11:22:16,kettle,225.0,7.31,1645.5,1.0
2026-05-06 11:22:17,kettle,225.0,7.31,1645.5,1.0
2026-05-06 11:22:18,kettle,225.1,7.31,1645.0,1.0
2026-05-06 11:22:19,kettle,225.1,7.27,1635.7,1.0
2026-05-06 11:22:20,kettle,224.9,7.3,1641.7,1.0
2026-05-06 11:22:21,kettle,225.1,7.28,1638.5,1.0
2026-05-06 11:22:22,kettle,225.1,7.28,1638.5,1.0
2026-05-06 11:22:23,kettle,225.1,7.27,1637.1,1.0
2026-05-06 11:22:24,kettle,224.9,7.27,1633.7,1.0
2026-05-06 11:22:26,kettle,225.3,7.28,1638.1,1.0
2026-05-06 11:22:27,kettle,225.3,7.32,1648.8,1.0
2026-05-06 11:22:28,kettle,225.7,7.32,1652.0,1.0
2026-05-06 11:22:29,kettle,225.3,7.29,1643.1,1.0
2026-05-06 11:22:30,kettle,225.3,7.29,1643.1,1.0
2026-05-06 11:22:31,kettle,225.0,7.33,1647.1,1.0
2026-05-06 11:22:32,kettle,225.1,7.27,1637.8,1.0
2026-05-06 11:22:33,kettle,225.0,7.28,1637.2,1.0
2026-05-06 11:22:34,kettle,224.8,7.4,1665.2,1.0
2026-05-06 11:22:35,kettle,224.8,7.4,1665.2,1.0
2026-05-06 11:22:37,kettle,224.7,7.34,1647.4,1.0
2026-05-06 11:22:38,kettle,224.6,7.27,1632.0,1.0
2026-05-06 11:22:39,kettle,224.1,7.24,1623.5,1.0
2026-05-06 11:22:40,kettle,224.3,7.24,1624.8,1.0
2026-05-06 11:22:41,kettle,224.3,7.27,1630.3,1.0
2026-05-06 11:22:42,kettle,224.2,7.25,1624.6,1.0
2026-05-06 11:22:43,kettle,224.5,7.25,1628.4,1.0
2026-05-06 11:22:44,kettle,224.5,7.25,1628.4,1.0
2026-05-06 11:22:45,kettle,224.6,7.26,1629.3,1.0
2026-05-06 11:22:47,kettle,225.0,7.36,1655.6,1.0
2026-05-06 11:22:49,kettle,224.5,7.28,1635.9,1.0
2026-05-06 11:22:50,kettle,224.7,7.28,1634.5,1.0
2026-05-06 11:22:51,kettle,224.3,7.29,1635.5,1.0
2026-05-06 11:22:52,kettle,223.9,7.24,1620.5,1.0
2026-05-06 11:22:56,kettle,224.1,7.27,1628.3,1.0
2026-05-06 11:22:57,kettle,223.8,7.33,1638.7,1.0
2026-05-06 11:22:58,kettle,223.8,7.33,1638.7,1.0
2026-05-06 11:22:59,kettle,223.7,7.3,1632.4,1.0
2026-05-06 11:23:00,kettle,223.9,7.28,1629.0,1.0
2026-05-06 11:23:01,kettle,224.4,7.26,1629.7,1.0
2026-05-06 11:23:02,kettle,224.4,7.26,1629.7,1.0
2026-05-06 11:23:04,kettle,224.6,7.26,1629.7,1.0
2026-05-06 11:23:05,kettle,224.4,7.26,1628.1,1.0
2026-05-06 11:23:06,kettle,224.2,7.25,1625.8,1.0
2026-05-06 11:23:07,kettle,224.4,7.27,1631.7,1.0
2026-05-06 11:23:08,kettle,224.6,7.26,1630.7,1.0
2026-05-06 11:23:09,kettle,224.8,7.26,1632.5,1.0
2026-05-06 11:23:10,kettle,224.8,7.3,1639.8,1.0
2026-05-06 11:23:11,kettle,224.7,7.27,1633.9,1.0
2026-05-06 11:23:12,kettle,224.7,7.27,1633.9,1.0
2026-05-06 11:23:13,kettle,224.7,7.26,1630.9,1.0
2026-05-06 11:23:14,kettle,224.4,7.25,1627.6,1.0
2026-05-06 11:23:15,kettle,224.1,7.25,1624.1,1.0
2026-05-06 11:23:16,kettle,224.4,7.26,1628.6,1.0
2026-05-06 11:23:17,kettle,224.4,7.26,1628.6,1.0
2026-05-06 11:23:19,kettle,224.4,7.25,1626.5,1.0
2026-05-06 11:23:20,kettle,224.2,7.24,1623.0,1.0
2026-05-06 11:23:22,kettle,224.3,7.26,1627.9,1.0
2026-05-06 11:23:23,kettle,224.2,7.25,1624.9,1.0
2026-05-06 11:23:24,kettle,224.1,7.24,1622.3,1.0
2026-05-06 11:23:25,kettle,224.3,7.25,1626.4,1.0
2026-05-06 11:23:26,kettle,224.3,7.25,1626.4,1.0
2026-05-06 11:23:27,kettle,224.6,7.27,1632.0,1.0
2026-05-06 11:23:28,kettle,224.6,7.31,1640.9,1.0
2026-05-06 11:23:30,kettle,224.6,7.32,1645.7,1.0
2026-05-06 11:23:31,kettle,224.5,7.32,1643.9,1.0
2026-05-06 11:23:32,kettle,224.5,7.26,1630.2,1.0
2026-05-06 11:23:33,kettle,224.6,7.26,1630.6,1.0
2026-05-06 11:23:34,kettle,224.6,7.26,1630.6,1.0
2026-05-06 11:23:35,kettle,224.7,7.26,1630.7,1.0
2026-05-06 11:23:37,kettle,224.5,7.27,1630.8,1.0
2026-05-06 12:26:50,stabil,227.8,0.81,180.2,0.98
2026-05-06 12:26:51,stabil,226.7,0.81,180.5,0.98
2026-05-06 12:26:52,stabil,226.4,0.84,185.8,0.98
2026-05-06 12:26:54,stabil,227.4,0.8,179.7,0.98
2026-05-06 12:26:55,stabil,227.4,0.81,180.5,0.98
2026-05-06 12:26:56,stabil,227.6,0.81,180.1,0.98
2026-05-06 12:26:57,stabil,227.4,0.82,181.8,0.98
2026-05-06 12:26:58,stabil,227.4,0.82,181.8,0.98
2026-05-06 12:26:59,stabil,227.7,0.81,179.6,0.98
2026-05-06 12:27:00,stabil,227.7,0.81,180.3,0.98
2026-05-06 12:27:02,stabil,227.6,0.81,180.4,0.98
2026-05-06 12:27:03,stabil,227.4,0.82,182.9,0.98
2026-05-06 12:27:04,stabil,227.8,0.81,180.5,0.98
2026-05-06 12:27:05,stabil,227.5,0.81,180.4,0.98
2026-05-06 12:27:07,stabil,227.3,0.81,180.2,0.98
2026-05-06 12:27:08,stabil,227.6,0.82,181.9,0.98
2026-05-06 12:27:09,stabil,227.5,0.86,190.2,0.98
2026-05-06 12:27:10,stabil,227.7,0.91,203.3,0.98
2026-05-06 12:27:11,stabil,227.7,0.84,188.2,0.98
2026-05-06 12:27:12,stabil,227.7,0.84,188.2,0.98
2026-05-06 12:27:13,stabil,227.7,0.83,185.3,0.98
2026-05-06 12:27:14,stabil,227.8,0.82,183.1,0.98
2026-05-06 12:27:15,stabil,227.9,0.81,180.2,0.98
2026-05-06 12:27:16,stabil,227.9,0.81,180.2,0.98
2026-05-06 12:27:17,stabil,228.1,0.8,179.4,0.98
2026-05-06 12:27:18,stabil,228.4,0.82,183.2,0.98
2026-05-06 12:27:19,stabil,228.3,0.81,180.6,0.98
2026-05-06 12:27:20,stabil,228.1,0.8,179.8,0.98
2026-05-06 12:27:21,stabil,228.1,0.8,179.8,0.98
2026-05-06 12:27:22,stabil,228.2,0.81,180.3,0.98
2026-05-06 12:27:23,stabil,228.2,0.82,182.8,0.98
2026-05-06 12:27:24,stabil,228.5,0.81,180.6,0.98
2026-05-06 12:27:25,stabil,228.5,0.81,180.6,0.98
2026-05-06 12:27:26,stabil,228.6,0.8,179.9,0.98
2026-05-06 12:27:27,stabil,228.4,0.81,180.9,0.98
2026-05-06 12:27:29,stabil,228.0,0.82,183.2,0.98
2026-05-06 12:27:30,stabil,227.8,0.85,188.6,0.98
2026-05-06 12:27:31,stabil,227.8,0.81,180.2,0.98
2026-05-06 12:27:32,stabil,228.4,0.81,180.6,0.98
2026-05-06 12:27:33,stabil,228.4,0.81,182.4,0.98
2026-05-06 12:27:34,stabil,228.2,0.8,179.4,0.98
2026-05-06 12:27:35,stabil,228.2,0.8,179.4,0.98
2026-05-06 12:27:36,stabil,228.3,0.81,180.3,0.98
2026-05-06 12:27:37,stabil,228.1,0.81,180.8,0.98
2026-05-06 12:27:38,stabil,228.5,0.82,182.8,0.98
2026-05-06 12:27:39,stabil,228.5,0.82,182.8,0.98
2026-05-06 12:27:40,stabil,228.2,0.81,181.0,0.98
2026-05-06 12:27:41,stabil,228.3,0.83,184.5,0.97
2026-05-06 12:27:43,stabil,228.2,0.86,191.4,0.98
2026-05-06 12:27:44,stabil,228.2,0.86,191.4,0.98
2026-05-06 12:27:46,stabil,228.5,0.85,189.2,0.98
2026-05-06 12:27:47,stabil,228.3,0.86,191.3,0.98
2026-05-06 12:27:49,stabil,228.2,0.86,192.1,0.98
2026-05-06 12:27:50,stabil,227.8,0.86,191.3,0.98
2026-05-06 12:27:51,stabil,228.0,0.9,199.7,0.98
2026-05-06 12:27:52,stabil,228.0,0.86,190.8,0.98
2026-05-06 12:27:53,stabil,228.0,0.86,190.8,0.98
2026-05-06 12:27:54,stabil,228.3,0.87,192.8,0.98
2026-05-06 12:27:55,stabil,228.2,0.86,191.3,0.98
2026-05-06 12:27:56,stabil,228.1,0.86,190.8,0.97
2026-05-06 12:27:58,stabil,227.8,0.94,208.5,0.97
2026-05-06 12:27:59,stabil,227.5,0.92,203.5,0.98
2026-05-06 12:28:00,stabil,227.5,0.89,197.8,0.97
2026-05-06 12:28:01,stabil,228.0,0.86,190.6,0.98
2026-05-06 12:28:02,stabil,228.0,0.86,190.6,0.98
2026-05-06 12:28:03,stabil,228.2,0.86,190.3,0.97
2026-05-06 12:28:04,stabil,228.4,0.87,192.8,0.98
2026-05-06 12:28:05,stabil,228.2,0.86,191.0,0.98
2026-05-06 12:28:06,stabil,228.0,0.85,189.9,0.98
2026-05-06 12:28:07,stabil,228.0,0.85,189.9,0.98
2026-05-06 12:28:08,stabil,228.3,0.86,190.9,0.97
2026-05-06 12:28:09,stabil,228.3,0.87,193.0,0.98
2026-05-06 12:28:10,stabil,228.9,0.86,191.2,0.98
2026-05-06 12:28:11,stabil,228.9,0.86,191.2,0.98
2026-05-06 12:28:12,stabil,229.1,0.9,200.2,0.97
2026-05-06 12:28:14,stabil,228.9,0.86,191.5,0.98
2026-05-06 12:28:15,stabil,228.7,0.87,193.0,0.97
2026-05-06 12:28:16,stabil,228.7,0.85,190.1,0.98
2026-05-06 12:28:17,stabil,228.7,0.85,190.1,0.98
2026-05-06 12:28:18,stabil,229.1,0.86,191.6,0.98
2026-05-06 12:28:19,stabil,228.9,0.87,193.3,0.98
2026-05-06 12:28:20,stabil,228.9,0.87,193.3,0.98
2026-05-06 12:28:21,stabil,228.9,0.85,190.2,0.98
2026-05-06 12:28:22,stabil,228.7,0.86,191.7,0.98
2026-05-06 12:28:23,stabil,228.9,0.86,191.2,0.98
2026-05-06 12:28:24,stabil,228.8,0.86,192.5,0.98
2026-05-06 12:28:25,stabil,228.8,0.86,192.5,0.98
2026-05-06 12:28:26,stabil,229.2,0.85,190.9,0.98
2026-05-06 12:28:27,stabil,229.5,0.86,192.8,0.98
2026-05-06 12:28:28,stabil,229.3,0.96,213.6,0.97
2026-05-06 12:28:29,stabil,229.3,0.96,201.5,0.91
2026-05-06 12:28:30,stabil,229.5,0.9,201.5,0.98
2026-05-06 12:28:31,stabil,229.0,0.9,200.8,0.97
2026-05-06 12:28:32,stabil,229.4,0.86,191.1,0.97
2026-05-06 12:28:33,stabil,229.4,0.89,199.6,0.98
2026-05-06 12:28:34,stabil,229.6,0.86,192.5,0.97
2026-05-06 12:28:35,stabil,229.6,0.86,192.5,0.97
2026-05-06 12:28:36,stabil,229.5,0.85,191.0,0.98
2026-05-06 12:28:37,stabil,229.4,0.86,191.3,0.98
2026-05-06 12:28:38,stabil,229.3,0.85,190.5,0.98
2026-05-06 12:28:39,stabil,229.3,0.85,190.5,0.98
2026-05-06 12:28:41,stabil,229.2,0.86,193.1,0.98
2026-05-06 12:28:42,stabil,229.2,0.85,191.2,0.98
2026-05-06 12:28:43,stabil,229.0,0.85,190.8,0.98
2026-05-06 12:28:44,stabil,229.0,0.85,190.8,0.98
2026-05-06 12:28:45,stabil,229.1,0.86,191.1,0.97
2026-05-06 12:28:46,stabil,229.2,0.86,191.7,0.98
2026-05-06 12:28:47,stabil,229.1,0.85,191.2,0.98
2026-05-06 12:28:48,stabil,229.1,0.85,191.2,0.98
2026-05-06 12:28:49,stabil,229.1,0.87,193.1,0.97
2026-05-06 12:28:50,stabil,228.9,0.86,191.7,0.98
2026-05-06 12:28:51,stabil,229.2,0.85,191.0,0.98
2026-05-06 12:28:52,stabil,229.2,0.85,191.0,0.98
2026-05-06 12:28:53,stabil,229.2,0.85,189.8,0.98
2026-05-06 12:28:55,stabil,229.1,0.86,191.5,0.98
2026-05-06 12:29:02,stabil,228.7,0.89,198.8,0.97
2026-05-06 12:29:03,stabil,228.9,0.87,194.6,0.98
2026-05-06 12:29:04,stabil,229.3,0.87,193.7,0.98
2026-05-06 12:29:05,stabil,229.2,0.85,191.2,0.98
2026-05-06 12:29:06,stabil,229.2,0.85,191.2,0.98
2026-05-06 12:29:07,stabil,229.5,0.85,191.0,0.97
2026-05-06 12:29:08,stabil,229.6,0.85,191.4,0.98
2026-05-06 12:29:09,stabil,229.5,0.86,193.2,0.98
2026-05-06 12:29:10,stabil,229.4,0.85,191.2,0.98
2026-05-06 12:29:11,stabil,229.4,0.85,191.2,0.98
2026-05-06 12:29:12,stabil,229.3,0.86,191.5,0.97
2026-05-06 12:29:14,stabil,229.1,0.86,191.2,0.97
2026-05-06 12:29:15,stabil,229.5,0.9,199.7,0.97
2026-05-06 12:29:16,stabil,229.5,0.9,199.7,0.97
2026-05-06 12:29:17,stabil,228.7,0.85,191.1,0.98
2026-05-06 12:29:18,stabil,228.9,0.85,190.7,0.98
2026-05-06 12:29:19,stabil,229.1,0.86,192.1,0.97
2026-05-06 12:29:20,stabil,229.1,0.86,192.1,0.97
2026-05-06 12:29:21,stabil,229.3,0.86,191.4,0.97
2026-05-06 12:29:22,stabil,229.4,0.86,192.4,0.98
2026-05-06 12:29:23,stabil,229.5,0.86,192.2,0.98
2026-05-06 12:29:24,stabil,229.5,0.86,192.2,0.98
2026-05-06 12:29:25,stabil,229.4,0.86,192.3,0.98
2026-05-06 12:29:26,stabil,229.0,0.86,191.0,0.98
2026-05-06 12:29:27,stabil,229.2,0.85,191.1,0.98
2026-05-06 12:29:28,stabil,229.3,0.85,190.6,0.98
2026-05-06 12:29:29,stabil,229.1,0.87,193.1,0.97
2026-05-06 12:29:30,stabil,229.1,0.87,193.1,0.97
2026-05-06 12:29:31,stabil,229.0,0.9,199.7,0.97
2026-05-06 12:29:32,stabil,228.8,0.93,208.3,0.98
2026-05-06 12:29:33,stabil,228.8,0.89,199.0,0.98
2026-05-06 12:29:34,stabil,228.8,0.89,199.0,0.98
2026-05-06 12:29:35,stabil,229.0,0.87,193.1,0.97
2026-05-06 12:29:36,stabil,229.2,0.89,199.9,0.97
2026-05-06 12:29:37,stabil,229.4,0.85,191.5,0.98
2026-05-06 12:29:38,stabil,229.4,0.85,191.5,0.98
2026-05-06 12:29:39,stabil,229.2,0.85,190.4,0.98
2026-05-06 12:29:40,stabil,229.3,0.87,193.5,0.98
2026-05-06 12:29:41,stabil,229.3,0.85,191.0,0.98
2026-05-06 12:29:42,stabil,229.0,0.85,190.0,0.98
2026-05-06 12:29:44,stabil,229.0,0.85,190.0,0.98
2026-05-06 12:29:45,stabil,228.7,0.85,190.4,0.97
2026-05-06 12:29:46,stabil,228.4,0.87,192.5,0.97
2026-05-06 12:29:47,stabil,228.6,0.86,190.8,0.98
2026-05-06 12:29:51,stabil,228.7,0.86,192.7,0.98
2026-05-06 12:29:52,stabil,228.8,0.85,190.2,0.98
2026-05-06 12:29:53,stabil,228.8,0.85,190.2,0.98
2026-05-06 12:29:54,stabil,229.0,0.86,191.3,0.97
2026-05-06 12:29:55,stabil,228.9,0.87,193.6,0.97
2026-05-06 12:29:56,stabil,228.8,0.89,198.7,0.97
2026-05-06 12:29:57,stabil,228.8,0.89,198.7,0.97
2026-05-06 12:29:59,stabil,229.4,0.86,192.3,0.97
2026-05-06 12:30:00,stabil,229.5,0.87,193.9,0.98
2026-05-06 12:30:01,stabil,229.5,0.87,193.8,0.97
2026-05-06 12:30:02,stabil,229.5,0.87,193.8,0.97
2026-05-06 12:30:03,stabil,229.0,0.93,206.1,0.97
2026-05-06 12:30:04,stabil,229.4,0.91,203.6,0.98
2026-05-06 12:30:05,stabil,229.3,0.91,202.6,0.97
2026-05-06 12:30:06,stabil,229.3,0.91,202.6,0.97
2026-05-06 12:30:08,stabil,229.3,0.85,190.9,0.97
2026-05-06 12:30:09,stabil,228.1,0.86,190.2,0.98
2026-05-06 12:30:10,stabil,228.0,0.86,191.7,0.97
2026-05-06 12:30:11,stabil,228.0,0.86,191.7,0.97
2026-05-06 12:30:13,stabil,228.5,0.86,190.8,0.97
2026-05-06 12:30:14,stabil,229.1,0.86,191.2,0.97
2026-05-06 12:30:16,stabil,228.5,0.87,192.7,0.97
2026-05-06 12:30:17,stabil,228.3,0.86,190.4,0.98
2026-05-06 12:30:18,stabil,228.1,0.98,215.4,0.97
2026-05-06 12:30:19,stabil,228.1,0.98,215.4,0.97
2026-05-06 12:30:20,stabil,228.3,0.99,220.8,0.97
2026-05-06 12:30:21,stabil,228.8,0.96,213.5,0.98
2026-05-06 12:30:22,stabil,228.8,0.85,190.7,0.98
2026-05-06 12:30:23,stabil,228.5,0.85,189.5,0.98
2026-05-06 12:30:24,stabil,228.5,0.85,189.5,0.98
2026-05-06 12:30:25,stabil,228.2,0.85,189.8,0.98
2026-05-06 12:30:26,stabil,228.3,0.86,192.1,0.98
2026-05-06 12:30:27,stabil,228.8,0.85,190.7,0.98
2026-05-06 12:30:28,stabil,228.4,0.85,189.2,0.98
2026-05-06 12:30:29,stabil,228.4,0.85,189.2,0.98
2026-05-06 12:30:30,stabil,228.2,0.86,190.2,0.97
2026-05-06 12:30:31,stabil,228.3,0.87,193.0,0.98
2026-05-06 12:30:33,stabil,228.3,0.86,191.3,0.98
2026-05-06 12:30:35,stabil,228.3,0.86,191.3,0.98
2026-05-06 12:30:37,stabil,228.7,0.87,193.0,0.97
2026-05-06 12:30:38,stabil,228.8,0.85,190.7,0.98
2026-05-06 12:30:39,stabil,228.8,0.86,191.2,0.97
2026-05-06 12:30:40,stabil,228.6,0.9,199.6,0.97
2026-05-06 12:30:41,stabil,228.7,0.87,193.3,0.98
2026-05-06 12:30:42,stabil,228.9,0.86,190.7,0.97
2026-05-06 12:30:43,stabil,228.9,0.86,190.7,0.97
2026-05-06 12:30:44,stabil,228.9,0.86,191.9,0.97
2026-05-06 12:30:45,stabil,228.8,0.86,191.8,0.97
2026-05-06 12:30:46,stabil,228.7,0.86,192.5,0.98
2026-05-06 12:30:47,stabil,228.7,0.86,192.5,0.98
2026-05-06 12:30:48,stabil,228.7,0.86,191.8,0.97
2026-05-06 12:30:49,stabil,228.9,0.93,207.6,0.97
2026-05-06 12:30:51,stabil,228.5,0.98,217.1,0.97
2026-05-06 12:30:53,stabil,228.3,0.94,209.6,0.97
2026-05-06 12:30:54,stabil,228.3,0.87,192.8,0.98
2026-05-06 12:30:56,stabil,228.5,0.86,191.1,0.98
2026-05-06 12:30:57,stabil,228.6,0.87,192.9,0.97
2026-05-06 12:30:58,stabil,228.6,0.87,192.9,0.97
2026-05-06 12:31:00,stabil,228.4,0.86,191.0,0.98
2026-05-06 12:31:01,stabil,228.7,0.9,199.3,0.97
2026-05-06 12:31:05,stabil,228.1,0.85,189.1,0.98
2026-05-06 12:31:06,stabil,227.5,0.86,189.8,0.97
2026-05-06 12:31:08,stabil,227.7,0.86,191.0,0.98
2026-05-06 12:31:09,stabil,227.6,0.85,188.9,0.98
2026-05-06 12:31:10,stabil,227.6,0.85,188.9,0.98
2026-05-06 12:31:11,stabil,227.6,0.87,191.7,0.97
2026-05-06 12:31:12,stabil,228.1,0.86,190.5,0.98
2026-05-06 12:31:13,stabil,228.2,0.85,190.1,0.98
2026-05-06 12:31:14,stabil,228.2,0.85,190.1,0.98
2026-05-06 12:31:15,stabil,228.2,0.85,189.4,0.97
2026-05-06 12:31:16,stabil,228.2,0.86,192.1,0.98
2026-05-06 12:31:17,stabil,228.3,0.86,190.4,0.97
2026-05-06 12:31:18,stabil,228.4,0.86,190.5,0.98
2026-05-06 12:31:19,stabil,228.4,0.86,190.5,0.98
2026-05-06 12:31:20,stabil,227.9,0.86,190.5,0.97
2026-05-06 12:31:21,stabil,227.5,0.89,196.8,0.97
2026-05-06 12:31:22,stabil,227.8,0.98,217.3,0.97
2026-05-06 12:31:24,stabil,228.1,0.89,198.4,0.97
2026-05-06 12:31:25,stabil,228.1,0.89,198.4,0.97
2026-05-06 12:31:26,stabil,227.5,0.86,191.6,0.98
2026-05-06 12:31:27,stabil,227.3,0.86,191.5,0.98
2026-05-06 12:31:28,stabil,227.0,0.85,188.8,0.98
2026-05-06 12:31:29,stabil,226.9,0.86,188.9,0.97
2026-05-06 12:31:30,stabil,226.9,0.86,188.9,0.97
2026-05-06 12:31:31,stabil,226.9,0.86,189.9,0.98
2026-05-06 12:31:32,stabil,226.8,0.85,188.5,0.98
2026-05-06 12:31:33,stabil,226.8,0.85,188.5,0.98
2026-05-06 12:31:34,stabil,226.7,0.86,189.3,0.98
2026-05-06 12:31:36,stabil,226.9,0.86,190.8,0.98
2026-05-06 12:31:37,stabil,226.7,0.85,188.5,0.97
2026-05-06 12:31:38,stabil,226.7,0.85,188.5,0.97
2026-05-06 12:31:39,stabil,227.0,0.86,189.2,0.97
2026-05-06 12:31:40,stabil,226.9,0.86,189.4,0.98
2026-05-06 12:31:41,stabil,227.0,0.86,190.5,0.97
2026-05-06 12:31:42,stabil,227.0,0.86,190.5,0.97
2026-05-06 12:31:43,stabil,226.3,0.89,197.4,0.97
2026-05-06 12:31:44,stabil,226.6,0.86,189.4,0.98
2026-05-06 12:31:45,stabil,226.7,0.86,189.7,0.98
2026-05-06 12:31:46,stabil,226.7,0.86,191.1,0.98
2026-05-06 12:31:47,stabil,226.7,0.86,191.1,0.98
2026-05-06 12:31:51,stabil,226.7,0.87,192.8,0.97
2026-05-06 12:31:53,stabil,226.7,0.87,192.8,0.97
2026-05-06 12:31:54,stabil,226.6,0.93,204.4,0.97
2026-05-06 12:31:55,stabil,227.1,0.94,207.4,0.98
2026-05-06 12:31:56,stabil,227.0,0.89,196.1,0.97
2026-05-06 12:32:00,stabil,226.6,0.85,188.5,0.98
2026-05-06 12:32:01,stabil,226.8,0.85,188.7,0.97
2026-05-06 12:32:02,stabil,226.8,0.85,188.7,0.97
2026-05-06 12:32:03,stabil,226.5,0.89,196.3,0.97
2026-05-06 12:32:04,stabil,226.5,0.86,190.2,0.98
2026-05-06 12:32:05,stabil,226.5,0.86,190.2,0.98
2026-05-06 12:32:06,stabil,226.6,0.86,190.0,0.97
2026-05-06 12:32:07,stabil,226.7,0.87,192.5,0.97
2026-05-06 12:32:08,stabil,227.1,0.86,189.7,0.98
2026-05-06 12:32:09,stabil,227.0,0.85,188.8,0.98
2026-05-06 12:32:11,stabil,226.8,0.85,189.0,0.98
2026-05-06 12:32:12,stabil,226.8,0.87,191.2,0.97
2026-05-06 12:32:13,stabil,227.0,0.85,188.4,0.98
2026-05-06 12:32:14,stabil,227.0,0.85,188.4,0.98
2026-05-06 12:32:15,stabil,226.9,0.86,189.2,0.97
2026-05-06 12:32:16,stabil,227.0,0.86,189.6,0.97
2026-05-06 12:32:17,stabil,227.3,0.87,191.9,0.97
2026-05-06 12:32:18,stabil,227.1,0.85,189.1,0.98
2026-05-06 12:32:19,stabil,227.1,0.85,189.1,0.98
2026-05-06 12:32:21,stabil,227.1,0.86,189.7,0.97
2026-05-06 12:32:23,stabil,226.6,0.86,190.5,0.98
2026-05-06 12:32:24,stabil,226.6,0.86,190.6,0.97
2026-05-06 12:32:25,stabil,226.6,0.86,190.6,0.97
2026-05-06 12:32:26,stabil,226.6,0.95,209.5,0.97
2026-05-06 12:32:27,stabil,226.7,0.91,201.4,0.98
2026-05-06 12:32:28,stabil,227.0,0.9,199.7,0.97
2026-05-06 12:32:29,stabil,227.0,0.9,199.7,0.97
2026-05-06 12:32:30,stabil,227.2,0.86,189.6,0.97
2026-05-06 12:32:31,stabil,227.4,0.86,189.5,0.97
2026-05-06 12:32:32,stabil,227.2,0.85,189.2,0.98
2026-05-06 12:32:34,stabil,227.6,0.86,189.7,0.97
2026-05-06 12:32:35,stabil,227.2,0.86,189.4,0.98
2026-05-06 12:32:36,stabil,226.9,0.85,188.7,0.97
2026-05-06 12:32:37,stabil,226.9,0.85,188.7,0.97
2026-05-06 12:32:38,stabil,226.8,0.87,191.6,0.97
2026-05-06 12:32:39,stabil,227.0,0.86,189.7,0.98
2026-05-06 12:32:40,stabil,227.0,0.86,189.5,0.98
2026-05-06 12:32:41,stabil,227.2,0.86,189.4,0.98
2026-05-06 12:32:42,stabil,227.2,0.86,189.4,0.98
2026-05-06 12:32:43,stabil,227.4,0.86,191.4,0.98
2026-05-06 12:32:45,stabil,227.2,0.86,189.6,0.97
2026-05-06 12:32:49,stabil,226.6,0.86,190.9,0.98
2026-05-06 12:32:50,stabil,226.5,0.86,189.1,0.98
2026-05-06 12:32:51,stabil,226.6,0.85,188.3,0.97
2026-05-06 12:32:52,stabil,226.6,0.85,188.3,0.97
2026-05-06 12:32:53,stabil,226.7,0.86,189.9,0.98
2026-05-06 12:32:54,stabil,226.7,0.87,191.3,0.97
2026-05-06 12:32:55,stabil,226.8,0.86,189.7,0.97
2026-05-06 12:32:56,stabil,226.7,0.86,190.2,0.98
2026-05-06 12:32:57,stabil,226.8,0.98,214.6,0.97
2026-05-06 12:32:58,stabil,226.6,0.98,216.7,0.97
2026-05-06 12:32:59,stabil,226.5,0.93,205.2,0.98
2026-05-06 12:33:00,stabil,226.5,0.93,205.2,0.98
2026-05-06 12:33:01,stabil,226.4,0.86,189.1,0.97
2026-05-06 12:33:02,stabil,226.6,0.86,190.2,0.97
2026-05-06 12:33:04,stabil,226.6,0.85,188.5,0.97
2026-05-06 12:33:05,stabil,226.6,0.85,188.5,0.97
2026-05-06 12:33:06,stabil,226.8,0.85,188.5,0.98
2026-05-06 12:33:07,stabil,226.3,0.89,197.4,0.97
2026-05-06 12:33:11,stabil,225.7,0.85,188.0,0.98
2026-05-06 12:33:12,stabil,225.7,0.85,187.5,0.98
2026-05-06 12:33:13,stabil,225.5,0.87,190.1,0.97
2026-05-06 12:33:15,stabil,225.5,0.87,190.1,0.97
2026-05-06 12:33:17,stabil,225.8,0.86,189.2,0.98
2026-05-06 12:33:18,stabil,225.9,0.85,188.0,0.98
2026-05-06 12:33:19,stabil,225.9,0.87,191.1,0.98
2026-05-06 12:33:20,stabil,225.9,0.87,191.1,0.98
2026-05-06 12:33:21,stabil,225.6,0.86,188.8,0.98
2026-05-06 12:33:22,stabil,225.4,0.86,189.0,0.98
2026-05-06 12:33:23,stabil,225.3,0.86,188.6,0.97
2026-05-06 12:33:24,stabil,225.3,0.86,188.6,0.97
2026-05-06 12:33:25,stabil,225.3,0.87,191.2,0.98
2026-05-06 12:33:26,stabil,225.5,0.86,189.2,0.98
2026-05-06 12:33:27,stabil,225.8,0.86,189.3,0.98
2026-05-06 12:33:28,stabil,226.1,0.92,202.5,0.97
2026-05-06 12:33:29,stabil,226.2,0.97,212.8,0.97
2026-05-06 12:33:30,stabil,226.6,0.89,197.4,0.97
2026-05-06 12:33:31,stabil,226.4,0.86,191.7,0.98
2026-05-06 12:33:32,stabil,226.4,0.86,191.7,0.98
2026-05-06 12:33:33,stabil,226.0,0.87,190.3,0.97
2026-05-06 12:33:35,stabil,226.5,0.86,189.3,0.98
2026-05-06 12:33:36,stabil,226.3,0.86,189.3,0.97
2026-05-06 12:33:37,stabil,226.3,0.86,189.3,0.97
2026-05-06 12:33:38,stabil,226.2,0.87,191.2,0.97
2026-05-06 12:33:40,stabil,226.3,0.86,190.4,0.98
2026-05-06 12:33:41,stabil,226.3,0.85,188.1,0.98
2026-05-06 12:33:42,stabil,226.3,0.85,189.3,0.98
2026-05-06 12:33:43,stabil,226.2,0.86,189.3,0.98
2026-05-06 12:33:44,stabil,226.1,0.87,191.6,0.98
2026-05-06 12:33:45,stabil,226.0,0.86,189.6,0.98
2026-05-06 12:33:46,stabil,225.8,0.86,188.4,0.97
2026-05-06 12:33:47,stabil,225.7,0.86,189.4,0.97
2026-05-06 12:33:48,stabil,225.7,0.86,189.4,0.97
2026-05-06 12:33:49,stabil,225.8,0.89,195.9,0.97
2026-05-06 12:33:50,stabil,225.6,0.86,190.4,0.98
2026-05-06 12:33:51,stabil,225.7,0.86,188.6,0.98
2026-05-06 12:33:52,stabil,225.7,0.86,188.6,0.98
2026-05-06 12:33:53,stabil,225.8,0.87,191.0,0.98
2026-05-06 12:33:54,stabil,226.0,0.86,188.8,0.97
2026-05-06 12:33:55,stabil,226.0,0.86,188.8,0.97
2026-05-06 12:33:56,stabil,225.8,0.86,189.2,0.97
2026-05-06 12:33:57,stabil,225.8,0.86,189.3,0.98
2026-05-06 12:33:58,stabil,225.9,0.87,191.0,0.98
2026-05-06 12:33:59,stabil,225.9,0.9,196.9,0.97
2026-05-06 12:34:00,stabil,225.9,0.9,196.9,0.97
2026-05-06 12:34:01,stabil,225.6,0.94,206.2,0.98
2026-05-06 12:34:02,stabil,225.6,0.9,197.8,0.98
2026-05-06 12:34:03,stabil,225.8,0.86,189.9,0.97
2026-05-06 12:34:04,stabil,225.8,0.86,189.9,0.97
2026-05-06 12:34:06,stabil,225.4,0.86,188.7,0.98
2026-05-06 12:34:07,stabil,224.9,0.86,188.8,0.98
2026-05-06 12:34:08,stabil,225.1,0.86,188.2,0.98
2026-05-06 12:34:09,stabil,225.2,0.88,193.0,0.97
2026-05-06 12:34:10,stabil,225.2,0.88,193.0,0.97
2026-05-06 12:34:11,stabil,225.4,0.92,201.4,0.97
2026-05-06 12:34:12,stabil,225.5,0.88,192.8,0.97
2026-05-06 12:34:13,stabil,224.9,0.87,190.6,0.97
2026-05-06 12:34:14,stabil,224.6,0.89,193.5,0.97
2026-05-06 12:34:15,stabil,224.6,0.89,193.5,0.97
2026-05-06 12:34:17,stabil,225.9,0.87,191.4,0.97
2026-05-06 12:34:18,stabil,225.6,0.88,193.4,0.97
2026-05-06 12:34:19,stabil,225.6,0.88,193.4,0.97
2026-05-06 12:34:20,stabil,225.3,0.96,210.3,0.97
2026-05-06 12:34:21,stabil,224.9,0.87,190.8,0.97
2026-05-06 12:34:22,stabil,225.0,0.88,192.7,0.97
2026-05-06 12:34:23,stabil,225.0,0.88,192.7,0.97
2026-05-06 12:34:24,stabil,225.4,0.89,194.1,0.97
2026-05-06 12:34:25,stabil,225.5,0.87,191.8,0.97
2026-05-06 12:34:26,stabil,225.5,0.87,191.0,0.97
2026-05-06 12:34:27,stabil,225.5,0.87,191.0,0.97
2026-05-06 12:34:28,stabil,225.0,0.87,191.4,0.97
2026-05-06 12:34:29,stabil,225.2,0.88,193.4,0.97
2026-05-06 12:34:30,stabil,225.3,0.92,200.6,0.97
2026-05-06 12:34:31,stabil,224.8,0.95,206.2,0.97
2026-05-06 12:34:32,stabil,224.8,0.95,206.2,0.97
2026-05-06 12:34:34,stabil,224.8,0.93,202.7,0.97
2026-05-06 12:34:35,stabil,224.3,0.93,202.7,0.97
2026-05-06 12:34:36,stabil,224.1,0.87,190.4,0.97
2026-05-06 12:34:37,stabil,224.1,0.87,190.4,0.97
2026-05-06 12:34:39,stabil,224.3,0.88,191.6,0.97
2026-05-06 12:34:40,stabil,224.0,0.88,192.9,0.97
2026-05-06 12:34:41,stabil,224.0,0.88,190.6,0.97
2026-05-06 12:34:42,stabil,224.1,0.88,191.6,0.97
2026-05-06 12:34:43,stabil,224.1,0.88,191.6,0.97
2026-05-06 12:34:44,stabil,224.0,0.88,191.0,0.97
2026-05-06 12:34:45,stabil,223.7,0.88,191.8,0.97
2026-05-06 12:34:46,stabil,223.9,0.88,191.0,0.97
2026-05-06 12:34:47,stabil,223.9,0.88,191.0,0.97
2026-05-06 12:34:48,stabil,224.1,0.88,191.2,0.97
2026-05-06 12:34:49,stabil,224.0,0.9,196.0,0.97
2026-05-06 12:34:50,stabil,223.6,0.93,200.9,0.97
2026-05-06 12:34:51,stabil,223.8,0.92,199.8,0.97
2026-05-06 12:34:52,stabil,223.7,0.97,209.8,0.97
2026-05-06 12:34:53,stabil,223.9,0.92,199.0,0.97
2026-05-06 12:34:54,stabil,224.0,0.93,201.9,0.97
2026-05-06 12:34:58,stabil,224.2,0.92,199.3,0.97
2026-05-06 12:34:59,stabil,224.2,0.92,199.3,0.97
2026-05-06 12:35:00,stabil,223.9,0.93,201.9,0.97
2026-05-06 12:35:01,stabil,223.7,0.93,200.8,0.97
2026-05-06 12:35:02,stabil,223.6,0.93,200.4,0.97
2026-05-06 12:35:03,stabil,223.6,1.02,221.1,0.97
2026-05-06 12:35:04,stabil,223.6,1.02,221.1,0.97
2026-05-06 12:35:06,stabil,223.9,0.97,210.4,0.97
2026-05-06 12:35:07,stabil,224.5,0.94,206.1,0.97
2026-05-06 12:35:08,stabil,224.5,0.92,199.8,0.97
2026-05-06 12:35:09,stabil,224.5,0.92,200.7,0.97
2026-05-06 12:35:10,stabil,224.5,0.92,200.7,0.97
2026-05-06 12:35:11,stabil,224.3,0.93,202.9,0.97
2026-05-06 12:35:12,stabil,224.6,0.92,200.0,0.97
2026-05-06 12:35:13,stabil,224.4,0.96,208.7,0.97
2026-05-06 12:35:14,stabil,224.4,0.92,200.6,0.97
2026-05-06 12:35:16,stabil,224.2,0.92,199.7,0.97
2026-05-06 12:35:17,stabil,224.4,0.93,201.4,0.97
2026-05-06 12:35:19,stabil,224.8,0.93,201.7,0.97
2026-05-06 12:35:20,stabil,224.9,0.93,202.7,0.97
2026-05-06 12:35:21,stabil,224.5,0.92,200.1,0.97
2026-05-06 12:35:23,stabil,224.4,0.92,200.6,0.97
2026-05-06 12:35:24,stabil,224.1,0.92,200.1,0.97
2026-05-06 12:35:25,stabil,224.1,0.93,201.1,0.97
2026-05-06 12:35:27,stabil,223.9,0.92,200.3,0.97
2026-05-06 12:35:28,stabil,224.0,0.92,200.3,0.97
2026-05-06 12:35:29,stabil,224.3,0.89,192.9,0.97
2026-05-06 12:35:30,stabil,224.6,0.93,187.9,0.9
2026-05-06 12:35:31,stabil,224.6,0.93,187.9,0.9
2026-05-06 12:35:32,stabil,224.7,0.87,179.5,0.92
2026-05-06 12:35:34,stabil,224.7,0.87,179.5,0.92
2026-05-06 12:35:35,stabil,224.4,0.96,198.1,0.92
2026-05-06 12:35:36,stabil,224.2,1.0,208.2,0.93
2026-05-06 12:35:37,stabil,224.2,1.0,208.2,0.93
2026-05-06 12:35:38,stabil,224.6,0.96,197.8,0.92
2026-05-06 12:35:39,stabil,224.5,0.91,186.9,0.91
2026-05-06 12:35:40,stabil,224.5,0.91,185.3,0.91
2026-05-06 12:35:41,stabil,224.9,0.92,188.8,0.91
2026-05-06 12:35:42,stabil,224.9,0.92,188.8,0.91
2026-05-06 12:35:44,stabil,225.0,0.91,186.4,0.91
2026-05-06 12:35:45,stabil,224.9,0.91,186.0,0.91
2026-05-06 12:35:49,stabil,224.6,0.91,185.5,0.91
2026-05-06 12:35:50,stabil,224.6,0.91,185.5,0.91
2026-05-06 12:35:51,stabil,224.7,0.91,187.1,0.91
2026-05-06 12:35:53,stabil,224.7,0.9,184.3,0.91
2026-05-06 12:35:54,stabil,224.8,0.95,194.5,0.91
2026-05-06 12:35:55,stabil,224.8,0.95,194.5,0.91
2026-05-06 12:35:56,stabil,224.5,0.91,187.0,0.91
2026-05-06 12:35:57,stabil,224.5,0.9,184.4,0.91
2026-05-06 12:35:58,stabil,224.3,0.91,185.2,0.91
2026-05-06 12:36:00,stabil,224.3,0.91,185.2,0.91
2026-05-06 12:36:01,stabil,224.1,0.92,186.3,0.91
2026-05-06 12:36:02,stabil,223.9,0.9,185.0,0.92
2026-05-06 12:36:03,stabil,224.5,0.9,184.6,0.91
2026-05-06 12:36:04,stabil,224.4,0.9,184.7,0.91
2026-05-06 12:36:05,stabil,224.4,0.9,184.7,0.91
2026-05-06 12:36:06,stabil,224.3,0.92,187.8,0.91
2026-05-06 12:36:07,stabil,224.6,0.95,194.3,0.91
2026-05-06 12:36:08,stabil,224.9,0.97,199.9,0.92
2026-05-06 12:36:09,stabil,225.2,0.95,194.9,0.91
2026-05-06 12:36:10,stabil,225.2,0.95,194.9,0.91
2026-05-06 12:36:11,stabil,225.3,0.91,187.6,0.91
2026-05-06 12:36:12,stabil,225.3,0.91,185.5,0.91
2026-05-06 12:36:14,stabil,224.6,0.9,184.7,0.91
2026-05-06 12:36:15,stabil,224.8,0.94,193.8,0.92
2026-05-06 12:36:16,stabil,225.2,0.91,185.5,0.91
2026-05-06 12:36:20,stabil,225.3,0.96,198.7,0.92
2026-05-06 12:36:21,stabil,225.2,0.9,185.4,0.91
2026-05-06 12:36:22,stabil,225.2,0.9,185.4,0.91
2026-05-06 12:36:23,stabil,225.4,0.9,185.0,0.91
2026-05-06 12:36:24,stabil,225.3,0.92,185.9,0.9
2026-05-06 12:36:25,stabil,225.1,1.15,246.7,0.95
2026-05-06 12:36:26,stabil,225.3,1.13,241.7,0.95
2026-05-06 12:36:27,stabil,225.3,1.13,241.7,0.95
2026-05-06 12:36:29,stabil,225.4,1.1,236.0,0.95
2026-05-06 12:36:30,stabil,225.5,1.09,234.1,0.95
2026-05-06 12:36:31,stabil,225.8,1.11,237.5,0.95
2026-05-06 12:36:32,stabil,225.8,1.11,237.5,0.95
2026-05-06 12:36:33,stabil,225.7,1.1,235.4,0.95
2026-05-06 12:36:34,stabil,225.7,1.09,235.0,0.95
2026-05-06 12:36:35,stabil,226.4,1.09,234.8,0.95
2026-05-06 12:36:37,stabil,226.6,1.11,238.3,0.95
2026-05-06 12:36:38,stabil,226.9,1.14,247.5,0.95
2026-05-06 12:36:39,stabil,226.8,1.17,252.1,0.95
2026-05-06 12:36:41,stabil,227.0,1.19,256.5,0.95
2026-05-06 12:36:42,stabil,227.0,1.19,256.5,0.95
2026-05-06 12:36:46,stabil,226.8,1.1,236.7,0.95
2026-05-06 12:36:47,stabil,226.5,1.11,238.4,0.95
2026-05-06 12:36:48,stabil,226.1,1.08,233.0,0.95
2026-05-06 12:36:49,stabil,226.3,1.08,232.7,0.95
2026-05-06 12:36:50,stabil,226.3,1.08,232.7,0.95
2026-05-06 12:36:51,stabil,226.1,1.09,234.7,0.95
2026-05-06 12:36:52,stabil,226.3,1.08,232.0,0.95
2026-05-06 12:36:53,stabil,226.5,1.1,237.3,0.95
2026-05-06 12:36:54,stabil,226.5,1.1,237.3,0.95
2026-05-06 12:36:55,stabil,226.7,1.09,233.8,0.95
2026-05-06 12:36:56,stabil,226.7,1.09,235.3,0.95
2026-05-06 12:36:57,stabil,226.6,1.1,234.5,0.94
2026-05-06 12:36:58,stabil,226.8,0.98,216.0,0.98
2026-05-06 12:36:59,stabil,226.8,0.98,216.0,0.98
2026-05-06 12:37:01,stabil,227.0,0.9,198.4,0.97
2026-05-06 12:37:02,stabil,227.1,0.91,199.6,0.97
2026-05-06 12:37:04,stabil,227.7,0.9,198.3,0.97
2026-05-06 12:37:05,stabil,227.7,0.9,198.3,0.97
2026-05-06 12:37:06,stabil,227.5,0.89,198.0,0.97
2026-05-06 12:37:07,stabil,227.5,0.9,199.8,0.97
2026-05-06 12:37:08,stabil,227.3,0.91,200.0,0.97
2026-05-06 12:37:09,stabil,227.3,0.91,200.0,0.97
2026-05-06 12:37:10,stabil,227.3,0.91,199.7,0.97
2026-05-06 12:37:11,stabil,227.3,1.0,220.3,0.97
2026-05-06 12:37:12,stabil,227.2,0.95,208.3,0.97
2026-05-06 12:37:14,stabil,226.6,0.91,200.7,0.98
2026-05-06 12:37:15,stabil,226.8,0.9,198.4,0.97
2026-05-06 12:37:16,stabil,226.8,0.9,197.1,0.97
2026-05-06 12:37:17,stabil,226.7,0.91,200.3,0.97
2026-05-06 12:37:18,stabil,226.7,0.91,200.3,0.97
2026-05-06 12:37:19,stabil,226.6,0.9,198.8,0.97
2026-05-06 12:37:20,stabil,226.5,0.94,206.1,0.97
2026-05-06 12:37:21,stabil,226.2,0.9,197.4,0.97
2026-05-06 12:37:22,stabil,226.0,0.91,200.4,0.97
2026-05-06 12:37:23,stabil,225.9,0.9,197.8,0.97
2026-05-06 12:37:24,stabil,225.7,0.9,196.2,0.97
2026-05-06 12:37:26,stabil,225.8,0.9,197.2,0.97
2026-05-06 12:37:27,stabil,225.8,0.91,199.3,0.97
2026-05-06 12:37:28,stabil,225.7,0.9,196.9,0.97
2026-05-06 12:37:29,stabil,225.8,0.9,196.9,0.97
2026-05-06 12:37:30,stabil,225.9,0.9,197.2,0.97
2026-05-06 12:37:31,stabil,225.9,0.9,197.2,0.97
2026-05-06 12:37:32,stabil,225.2,0.91,199.2,0.97
2026-05-06 12:37:33,stabil,225.2,0.9,196.2,0.97
2026-05-06 12:37:34,stabil,225.5,0.9,197.3,0.97
2026-05-06 12:37:36,stabil,225.9,0.9,197.5,0.97
2026-05-06 12:37:38,stabil,225.8,0.94,204.9,0.97
2026-05-06 12:37:39,stabil,225.9,0.9,197.0,0.97
2026-05-06 12:37:40,stabil,226.3,0.93,203.0,0.96
2026-05-06 12:37:41,stabil,226.3,0.93,203.0,0.96
2026-05-06 12:37:42,stabil,226.3,0.96,210.7,0.97
2026-05-06 12:37:43,stabil,226.4,0.99,217.2,0.97
2026-05-06 12:37:44,stabil,226.0,0.95,207.8,0.97
2026-05-06 12:37:45,stabil,225.7,0.9,198.1,0.97
2026-05-06 12:37:46,stabil,225.7,0.9,198.1,0.97
2026-05-06 12:37:47,stabil,225.5,0.9,197.1,0.97
2026-05-06 12:37:48,stabil,225.3,0.91,197.9,0.97
2026-05-06 12:37:49,stabil,225.5,0.9,197.2,0.97
2026-05-06 12:37:50,stabil,225.5,0.9,197.2,0.97
2026-05-06 12:37:51,stabil,225.6,0.9,196.8,0.97
2026-05-06 12:37:52,stabil,225.5,0.89,196.1,0.97
2026-05-06 12:37:53,stabil,225.6,0.91,198.8,0.97
2026-05-06 12:37:54,stabil,225.5,0.9,197.3,0.97
2026-05-06 12:37:55,stabil,225.2,0.9,197.4,0.97
2026-05-06 12:37:59,stabil,225.3,0.93,203.6,0.97
2026-05-06 12:38:00,stabil,225.6,0.94,205.4,0.97
2026-05-06 12:38:01,stabil,225.5,0.94,205.6,0.97
2026-05-06 12:38:02,stabil,225.6,0.91,199.3,0.97
2026-05-06 12:38:04,stabil,225.6,0.91,199.3,0.97
2026-05-06 12:38:05,stabil,226.1,0.9,197.6,0.97
2026-05-06 12:38:06,stabil,226.2,0.89,196.1,0.97
2026-05-06 12:38:07,stabil,226.1,0.9,197.5,0.97
2026-05-06 12:38:08,stabil,225.3,0.91,199.4,0.97
2026-05-06 12:38:09,stabil,225.3,0.91,199.4,0.97
2026-05-06 12:38:10,stabil,225.6,0.9,196.8,0.97
2026-05-06 12:38:11,stabil,225.2,0.9,195.8,0.97
2026-05-06 12:38:12,stabil,225.1,0.91,199.1,0.97
2026-05-06 12:38:13,stabil,225.1,0.91,199.1,0.97
2026-05-06 12:38:14,stabil,225.2,0.91,199.2,0.97
2026-05-06 12:38:15,stabil,225.0,0.9,195.9,0.97
2026-05-06 12:38:16,stabil,225.2,0.9,196.4,0.97
2026-05-06 12:38:17,stabil,225.2,0.9,196.5,0.97
2026-05-06 12:38:18,stabil,225.2,0.9,196.5,0.97
2026-05-06 12:38:19,stabil,225.3,0.91,198.7,0.97
2026-05-06 12:38:20,stabil,225.2,0.9,195.6,0.97
2026-05-06 12:38:21,stabil,225.1,0.9,196.9,0.97
2026-05-06 12:38:22,stabil,225.2,0.93,202.3,0.96
2026-05-06 12:38:23,stabil,225.4,0.92,201.9,0.98
2026-05-06 12:38:25,stabil,225.4,0.9,197.3,0.97
2026-05-06 12:38:26,stabil,225.4,0.9,197.3,0.97
2026-05-06 12:38:27,stabil,225.4,0.91,198.6,0.97
2026-05-06 12:38:29,stabil,225.5,1.01,221.0,0.97
2026-05-06 12:38:30,stabil,225.3,0.94,205.5,0.97
2026-05-06 12:38:31,stabil,225.4,0.92,201.4,0.97
2026-05-06 12:38:32,stabil,225.4,0.92,201.4,0.97
2026-05-06 12:38:33,stabil,225.3,0.91,198.3,0.97
2026-05-06 12:38:34,stabil,225.1,0.9,198.8,0.98
2026-05-06 12:38:35,stabil,225.1,0.9,197.1,0.97
2026-05-06 12:38:37,stabil,225.5,0.9,196.8,0.97
2026-05-06 12:38:38,stabil,225.9,0.91,198.8,0.97
2026-05-06 12:38:39,stabil,226.1,0.9,197.7,0.97
2026-05-06 12:38:40,stabil,226.0,0.9,197.8,0.97
2026-05-06 12:38:41,stabil,226.0,0.9,197.8,0.97
2026-05-06 12:38:42,stabil,225.9,0.9,197.2,0.97
2026-05-06 12:38:43,stabil,225.8,0.91,198.9,0.97
2026-05-06 12:38:44,stabil,226.4,0.94,207.0,0.97
2026-05-06 12:38:45,stabil,226.8,0.9,197.8,0.97
2026-05-06 12:38:46,stabil,227.1,0.89,197.1,0.97
2026-05-06 12:38:47,stabil,227.5,0.91,200.3,0.97
2026-05-06 12:38:49,stabil,227.4,0.9,198.8,0.97
2026-05-06 12:38:50,stabil,226.9,0.9,198.7,0.97
2026-05-06 12:38:51,stabil,226.7,0.9,197.2,0.97
2026-05-06 12:38:55,stabil,227.1,0.89,196.9,0.97
2026-05-06 12:38:56,stabil,227.0,0.9,197.2,0.97
2026-05-06 12:38:58,stabil,227.0,0.91,200.8,0.97
2026-05-06 12:38:59,stabil,226.8,0.94,205.5,0.97
2026-05-06 12:39:00,stabil,226.8,0.94,205.5,0.97
2026-05-06 12:39:01,stabil,226.7,0.97,214.3,0.97
2026-05-06 12:39:02,stabil,227.1,0.95,208.3,0.97
2026-05-06 12:39:03,stabil,227.3,0.91,200.8,0.97
2026-05-06 12:39:05,stabil,227.2,0.93,203.8,0.96
2026-05-06 12:39:06,stabil,226.6,0.91,200.7,0.98
2026-05-06 12:39:07,stabil,226.6,0.9,197.9,0.97
2026-05-06 12:39:08,stabil,226.6,0.9,197.9,0.97
2026-05-06 12:39:09,stabil,227.2,0.91,200.0,0.97
2026-05-06 12:39:10,stabil,227.8,0.89,197.7,0.97
2026-05-06 12:39:12,stabil,228.2,0.9,199.9,0.97
2026-05-06 12:39:13,stabil,228.2,0.9,199.9,0.97
2026-05-06 12:39:14,stabil,228.1,0.91,201.5,0.97
2026-05-06 12:39:16,stabil,227.9,0.9,199.5,0.97
2026-05-06 12:39:17,stabil,227.9,0.9,199.5,0.97
2026-05-06 12:39:24,stabil,227.5,0.97,213.0,0.97
2026-05-06 12:39:25,stabil,227.5,1.06,233.1,0.97
2026-05-06 12:39:26,stabil,227.5,1.06,233.1,0.97
2026-05-06 12:39:27,stabil,226.9,0.96,212.7,0.97
2026-05-06 12:39:28,stabil,226.9,0.91,200.3,0.97
2026-05-06 12:39:29,stabil,226.8,0.91,199.8,0.97
2026-05-06 12:39:31,stabil,227.1,0.9,198.2,0.97
2026-05-06 12:39:32,stabil,227.1,0.9,198.2,0.97
2026-05-06 12:39:33,stabil,227.2,0.9,197.5,0.97
2026-05-06 12:39:34,stabil,227.3,0.91,200.9,0.97
2026-05-06 12:39:35,stabil,226.9,0.9,198.5,0.97
2026-05-06 12:39:36,stabil,226.9,0.9,198.5,0.97
2026-05-06 12:39:37,stabil,226.8,0.9,198.3,0.97
2026-05-06 12:39:38,stabil,226.5,0.9,198.3,0.97
2026-05-06 12:39:40,stabil,226.6,0.91,201.2,0.97
2026-05-06 12:39:41,stabil,226.7,0.9,198.8,0.97
2026-05-06 12:39:42,stabil,226.6,0.9,197.5,0.97
2026-05-06 12:39:43,stabil,226.6,0.9,198.4,0.97
2026-05-06 12:39:44,stabil,226.3,0.91,200.7,0.97
2026-05-06 12:39:45,stabil,226.3,0.91,200.7,0.97
2026-05-06 12:39:46,stabil,225.9,0.9,197.2,0.97
2026-05-06 12:39:47,stabil,226.3,0.94,205.6,0.97
2026-05-06 12:39:48,stabil,226.5,0.9,197.7,0.97
2026-05-06 12:39:49,stabil,226.5,0.9,197.7,0.97
2026-05-06 12:39:50,stabil,226.5,0.91,199.5,0.97
2026-05-06 12:39:51,stabil,226.4,0.9,197.2,0.97
2026-05-06 12:39:52,stabil,226.6,0.9,198.6,0.97
2026-05-06 12:39:53,stabil,226.6,0.91,200.8,0.97
2026-05-06 12:39:54,stabil,226.6,0.91,200.8,0.97
2026-05-06 12:39:55,stabil,226.8,0.98,215.1,0.97
2026-05-06 12:39:58,stabil,226.6,1.01,222.4,0.97
2026-05-06 12:39:59,stabil,226.6,1.01,222.4,0.97
2026-05-06 12:40:00,stabil,226.6,0.94,207.3,0.97
2026-05-06 12:40:01,stabil,226.8,0.9,198.2,0.97
2026-05-06 12:40:02,stabil,226.8,0.9,199.0,0.97
2026-05-06 12:40:03,stabil,226.7,0.9,198.4,0.97
2026-05-06 12:40:04,stabil,226.7,0.9,198.4,0.97
2026-05-06 12:40:05,stabil,226.6,0.9,198.8,0.97
2026-05-06 12:40:06,stabil,226.9,0.9,199.0,0.97
2026-05-06 12:40:07,stabil,227.1,0.94,207.6,0.97
2026-05-06 12:40:08,stabil,227.1,0.94,207.6,0.97
2026-05-06 12:40:09,stabil,227.1,0.9,197.8,0.97
2026-05-06 12:40:10,stabil,227.0,0.9,199.3,0.97
2026-05-06 12:40:12,stabil,227.4,0.9,198.7,0.97
2026-05-06 12:40:13,stabil,226.9,0.9,198.5,0.97
2026-05-06 12:40:14,stabil,227.4,0.89,197.4,0.97
2026-05-06 12:40:15,stabil,227.9,0.91,201.1,0.97
2026-05-06 12:40:16,stabil,228.5,0.9,199.3,0.97
2026-05-06 12:40:17,stabil,228.5,0.9,199.3,0.97
2026-05-06 12:40:18,stabil,228.5,0.89,198.6,0.97
2026-05-06 12:40:19,stabil,228.1,0.89,197.5,0.97
2026-05-06 12:40:20,stabil,227.8,0.9,198.6,0.97
2026-05-06 12:40:21,stabil,227.8,0.9,198.6,0.97
2026-05-06 12:40:22,stabil,228.1,0.9,200.3,0.97
2026-05-06 12:40:25,stabil,228.0,0.91,201.7,0.97
2026-05-06 12:40:26,stabil,228.3,0.9,199.3,0.97
2026-05-06 12:40:27,stabil,228.3,0.9,199.3,0.97
2026-05-06 12:40:28,stabil,228.0,0.95,209.5,0.96
2026-05-06 12:40:29,stabil,228.3,1.0,222.1,0.98
2026-05-06 12:40:30,stabil,228.3,0.95,210.7,0.97
2026-05-06 12:40:31,stabil,228.3,0.95,210.7,0.97
2026-05-06 12:40:32,stabil,228.0,0.89,198.3,0.97
2026-05-06 12:40:33,stabil,227.9,0.9,198.7,0.97
2026-05-06 12:40:34,stabil,227.5,0.9,199.1,0.97
2026-05-06 12:40:35,stabil,227.4,0.91,200.9,0.97
2026-05-06 12:40:36,stabil,227.4,0.91,200.9,0.97
2026-05-06 12:40:38,stabil,227.9,0.95,211.1,0.97
2026-05-06 12:40:40,stabil,228.1,0.9,199.1,0.97
2026-05-06 12:40:41,stabil,227.9,0.91,201.7,0.97
2026-05-06 12:40:42,stabil,227.8,0.93,204.6,0.97
2026-05-06 12:40:43,stabil,227.9,0.91,201.5,0.97
2026-05-06 12:40:44,stabil,227.9,0.91,201.5,0.97
2026-05-06 12:40:45,stabil,228.2,0.91,200.6,0.97
2026-05-06 12:40:46,stabil,228.2,0.9,200.0,0.97
2026-05-06 12:40:47,stabil,228.1,0.9,199.3,0.97
2026-05-06 12:40:48,stabil,228.1,0.9,199.2,0.97
2026-05-06 12:40:49,stabil,227.7,0.94,207.8,0.97
2026-05-06 12:40:50,stabil,227.7,0.9,199.4,0.98
2026-05-06 12:40:52,stabil,227.7,0.9,199.1,0.97
2026-05-06 12:40:54,stabil,227.8,0.93,204.6,0.97
2026-05-06 12:40:55,stabil,227.9,0.95,209.9,0.97
2026-05-06 12:40:56,stabil,227.8,0.91,201.7,0.97
2026-05-06 12:40:57,stabil,227.6,0.9,198.5,0.97
2026-05-06 12:40:59,stabil,227.8,0.9,200.3,0.97
2026-05-06 12:41:01,stabil,227.7,0.96,213.1,0.97
2026-05-06 12:41:02,stabil,227.7,0.96,211.2,0.97
2026-05-06 12:41:03,stabil,227.7,0.96,211.2,0.97
2026-05-06 12:41:04,stabil,227.4,0.91,200.8,0.97
2026-05-06 12:41:05,stabil,227.1,0.91,200.4,0.97
2026-05-06 12:41:06,stabil,227.2,0.91,199.9,0.97
2026-05-06 12:41:07,stabil,227.2,0.94,207.3,0.97
2026-05-06 12:41:08,stabil,227.6,0.9,198.3,0.97
2026-05-06 12:41:09,stabil,227.4,0.94,207.4,0.97
2026-05-06 12:41:11,stabil,227.6,0.92,203.6,0.97
2026-05-06 12:41:12,stabil,227.6,0.92,203.6,0.97
2026-05-06 12:41:13,stabil,227.3,0.91,200.1,0.97
2026-05-06 12:41:14,stabil,227.1,0.9,198.4,0.97
2026-05-06 12:41:15,stabil,227.1,0.91,200.7,0.97
2026-05-06 12:41:16,stabil,227.1,0.9,198.7,0.97
2026-05-06 12:41:17,stabil,227.1,0.9,198.7,0.97
2026-05-06 12:41:18,stabil,226.6,0.9,197.3,0.97
2026-05-06 12:41:19,stabil,226.6,0.9,198.8,0.97
2026-05-06 12:41:20,stabil,226.8,0.91,200.7,0.97
2026-05-06 12:41:21,stabil,227.3,0.9,199.0,0.97
2026-05-06 12:41:23,stabil,227.7,0.9,198.7,0.97
2026-05-06 12:41:24,stabil,227.1,0.9,199.0,0.97
2026-05-06 12:41:25,stabil,226.9,0.91,200.6,0.97
2026-05-06 12:41:26,stabil,226.9,0.91,200.6,0.97
2026-05-06 12:41:29,stabil,226.6,0.9,198.9,0.97
2026-05-06 12:41:30,stabil,226.6,0.91,201.7,0.97
2026-05-06 12:41:31,stabil,226.6,0.91,201.7,0.97
2026-05-06 12:41:32,stabil,226.8,1.01,221.8,0.97
2026-05-06 12:41:33,stabil,226.8,0.94,206.3,0.97
2026-05-06 12:41:34,stabil,226.9,0.94,208.1,0.97
2026-05-06 12:41:35,stabil,226.9,0.94,208.1,0.97
2026-05-06 12:41:36,stabil,226.9,0.91,200.2,0.97
2026-05-06 12:41:37,stabil,226.9,0.91,200.8,0.97
2026-05-06 12:41:38,stabil,227.0,0.9,199.2,0.97
2026-05-06 12:41:40,stabil,226.8,0.9,199.0,0.97
2026-05-06 12:41:41,stabil,226.9,0.91,199.9,0.97
2026-05-06 12:41:42,stabil,226.9,0.9,198.7,0.97
2026-05-06 12:41:43,stabil,227.1,0.9,199.6,0.97
2026-05-06 12:41:44,stabil,227.1,0.9,199.6,0.97
2026-05-06 12:41:46,stabil,227.2,0.91,200.5,0.97
2026-05-06 12:41:47,stabil,227.4,0.9,199.2,0.97
2026-05-06 12:41:48,stabil,227.2,0.9,198.7,0.97
2026-05-06 12:41:49,stabil,227.2,0.9,198.7,0.97
2026-05-06 12:41:50,stabil,226.7,0.89,197.3,0.97
2026-05-06 12:41:51,stabil,226.8,0.91,200.3,0.97
2026-05-06 12:41:52,stabil,226.7,0.94,207.9,0.97
2026-05-06 12:41:53,stabil,226.9,0.94,207.5,0.97
2026-05-06 12:41:55,stabil,227.1,0.9,199.8,0.97
2026-05-06 12:41:56,stabil,226.9,0.91,200.5,0.97
2026-05-06 12:41:57,stabil,226.9,0.9,197.8,0.97
2026-05-06 12:41:58,stabil,226.9,0.9,197.8,0.97
2026-05-06 12:41:59,stabil,226.8,0.9,197.7,0.97
2026-05-06 12:42:00,stabil,227.0,0.91,201.3,0.97
2026-05-06 12:42:02,stabil,227.0,0.92,201.2,0.97
2026-05-06 12:42:03,stabil,227.0,0.92,201.2,0.97
2026-05-06 12:42:04,stabil,227.2,1.0,220.3,0.97
2026-05-06 12:42:05,stabil,227.0,0.94,207.1,0.97
2026-05-06 12:42:06,stabil,226.9,0.92,203.4,0.98
2026-05-06 12:42:07,stabil,226.9,0.92,203.4,0.98
2026-05-06 12:42:08,stabil,226.7,0.9,198.1,0.97
2026-05-06 12:42:09,stabil,226.7,0.9,198.1,0.97
2026-05-06 12:42:10,stabil,226.9,0.9,198.8,0.97
2026-05-06 12:42:14,stabil,226.5,0.94,207.5,0.97
2026-05-06 12:42:15,stabil,227.0,0.9,199.1,0.97
2026-05-06 12:42:16,stabil,227.4,0.9,200.2,0.97
2026-05-06 12:42:17,stabil,227.4,0.9,200.2,0.97
2026-05-06 12:42:18,stabil,227.6,0.9,198.4,0.97
2026-05-06 12:42:19,stabil,227.4,0.9,199.2,0.97
2026-05-06 12:42:20,stabil,227.3,0.9,199.1,0.97
2026-05-06 12:42:21,stabil,227.3,0.9,199.1,0.97
2026-05-06 12:42:22,stabil,227.1,0.9,199.7,0.97
2026-05-06 12:42:23,stabil,227.3,0.9,199.1,0.97
2026-05-06 12:42:24,stabil,227.4,0.94,205.6,0.97
2026-05-06 12:42:25,stabil,227.2,0.94,208.4,0.98
2026-05-06 12:42:26,stabil,227.2,0.94,208.4,0.98
2026-05-06 12:42:27,stabil,227.3,0.91,200.1,0.97
2026-05-06 12:42:28,stabil,227.3,0.9,198.9,0.97
2026-05-06 12:42:30,stabil,227.4,0.9,198.8,0.97
2026-05-06 12:42:31,stabil,227.2,0.9,198.5,0.97
2026-05-06 12:42:32,stabil,227.3,0.91,200.1,0.97
2026-05-06 12:42:33,stabil,227.2,0.9,199.6,0.97
2026-05-06 12:42:34,stabil,226.7,0.98,214.2,0.97
2026-05-06 12:42:35,stabil,226.7,0.98,214.2,0.97
2026-05-06 12:42:37,stabil,226.8,0.95,209.4,0.97
2026-05-06 12:42:38,stabil,226.9,0.9,198.2,0.97
2026-05-06 12:42:42,stabil,226.8,0.91,200.0,0.97
2026-05-06 12:42:43,stabil,227.0,0.9,198.3,0.97
2026-05-06 12:42:44,stabil,227.0,0.9,198.3,0.97
2026-05-06 12:42:45,stabil,227.0,0.89,197.4,0.97
2026-05-06 12:42:46,stabil,226.9,0.9,198.4,0.97
2026-05-06 12:42:47,stabil,226.9,0.91,199.8,0.97
2026-05-06 12:42:48,stabil,226.6,0.89,197.1,0.97
2026-05-06 12:42:49,stabil,226.6,0.89,197.1,0.97
2026-05-06 12:42:50,stabil,225.9,0.9,196.5,0.97
2026-05-06 12:42:51,stabil,226.0,0.9,197.5,0.97
2026-05-06 12:42:52,stabil,226.2,0.94,206.4,0.97
2026-05-06 12:42:53,stabil,226.2,0.94,206.4,0.97
2026-05-06 12:42:54,stabil,226.3,0.9,197.1,0.97
2026-05-06 12:42:55,stabil,226.7,0.93,203.4,0.96
2026-05-06 12:42:56,stabil,226.5,0.93,205.1,0.98
2026-05-06 12:42:57,stabil,226.2,0.98,215.3,0.97
2026-05-06 12:42:58,stabil,226.2,0.98,215.3,0.97
2026-05-06 12:42:59,stabil,226.2,0.97,212.8,0.97
2026-05-06 12:43:00,stabil,226.4,0.98,214.2,0.97
2026-05-06 12:43:01,stabil,226.5,0.91,199.2,0.97
2026-05-06 12:43:02,stabil,226.5,0.91,199.2,0.97
2026-05-06 12:43:03,stabil,226.3,0.91,199.7,0.97
2026-05-06 12:43:04,stabil,226.2,0.9,198.6,0.97
2026-05-06 12:43:05,stabil,226.4,0.91,200.2,0.97
2026-05-06 12:43:06,stabil,226.3,0.93,203.7,0.97
2026-05-06 12:43:07,stabil,226.3,0.93,203.7,0.97
2026-05-06 12:43:09,stabil,226.4,0.91,200.4,0.97
2026-05-06 12:43:10,stabil,226.7,0.91,201.2,0.97
2026-05-06 12:43:11,stabil,226.5,0.9,197.1,0.97
2026-05-06 12:43:13,stabil,226.6,0.92,202.1,0.97
2026-05-06 12:43:14,stabil,226.6,0.9,197.6,0.97
2026-05-06 12:43:15,stabil,226.2,0.9,197.1,0.97
2026-05-06 12:43:16,stabil,226.2,0.9,197.1,0.97
2026-05-06 12:43:17,stabil,226.6,0.97,211.6,0.97
2026-05-06 12:43:18,stabil,226.5,0.9,198.9,0.98
2026-05-06 12:43:19,stabil,226.2,0.91,200.4,0.97
2026-05-06 12:43:20,stabil,226.2,0.9,197.7,0.97
2026-05-06 12:43:21,stabil,226.2,0.9,197.7,0.97
2026-05-06 12:43:23,stabil,226.3,0.9,197.8,0.97
2026-05-06 12:43:24,stabil,226.1,0.9,197.0,0.97
2026-05-06 12:43:25,stabil,226.1,0.9,197.0,0.97
2026-05-06 12:43:26,stabil,226.1,0.89,196.3,0.97
2026-05-06 12:43:27,stabil,226.2,0.91,199.5,0.97
2026-05-06 12:43:28,stabil,226.1,0.98,213.3,0.97
2026-05-06 12:43:29,stabil,225.9,0.94,207.9,0.97
2026-05-06 12:43:30,stabil,225.9,0.94,207.9,0.97
2026-05-06 12:43:31,stabil,225.9,0.94,206.1,0.97
2026-05-06 12:43:32,stabil,226.0,0.91,199.4,0.97
2026-05-06 12:43:33,stabil,226.0,0.9,197.2,0.97
2026-05-06 12:43:34,stabil,226.0,0.9,197.2,0.97
2026-05-06 12:43:36,stabil,226.2,0.91,199.0,0.97
2026-05-06 12:43:38,stabil,226.4,0.91,199.9,0.97
2026-05-06 12:43:39,stabil,226.4,0.91,199.9,0.97
2026-05-06 12:43:40,stabil,227.2,0.89,197.5,0.97
2026-05-06 12:43:41,stabil,227.3,0.9,198.1,0.97
2026-05-06 12:43:42,stabil,227.0,0.91,199.6,0.97
2026-05-06 12:43:43,stabil,226.5,0.9,197.4,0.97
2026-05-06 12:43:44,stabil,226.5,0.9,197.4,0.97
2026-05-06 12:43:45,stabil,226.4,0.9,197.7,0.97
2026-05-06 12:43:47,stabil,226.8,0.91,200.2,0.97
2026-05-06 12:43:48,stabil,226.8,0.91,200.2,0.97
2026-05-06 12:43:49,stabil,226.7,0.9,197.6,0.97
2026-05-06 12:43:50,stabil,226.8,0.9,198.9,0.97
2026-05-06 12:43:51,stabil,226.8,0.9,198.3,0.97
2026-05-06 12:43:52,stabil,226.5,0.91,199.6,0.97
2026-05-06 12:43:54,stabil,226.3,0.9,196.8,0.97
2026-05-06 12:43:55,stabil,226.6,0.9,198.4,0.97
2026-05-06 12:43:56,stabil,226.6,0.9,198.0,0.97
2026-05-06 12:43:57,stabil,226.6,0.9,198.0,0.97
2026-05-06 12:43:58,stabil,226.8,0.91,199.6,0.97
2026-05-06 12:44:02,stabil,226.7,0.94,205.5,0.97
2026-05-06 12:44:03,stabil,226.9,0.93,205.6,0.97
2026-05-06 12:44:04,stabil,227.1,0.9,198.2,0.97
2026-05-06 12:44:06,stabil,227.3,0.9,197.1,0.96
2026-05-06 12:44:07,stabil,227.0,0.89,197.1,0.97
2026-05-06 12:44:08,stabil,226.5,0.91,199.1,0.97
2026-05-06 12:44:09,stabil,226.2,0.9,197.3,0.97
2026-05-06 12:44:10,stabil,226.5,0.9,197.6,0.97
2026-05-06 12:44:11,stabil,226.8,0.89,196.9,0.97
2026-05-06 12:44:12,stabil,226.8,0.89,196.9,0.97
2026-05-06 12:44:13,stabil,227.0,0.91,199.9,0.97
2026-05-06 12:44:14,stabil,226.9,0.9,197.9,0.97
2026-05-06 12:44:15,stabil,226.9,0.9,197.7,0.97
2026-05-06 12:44:17,stabil,226.9,0.9,197.7,0.97
2026-05-06 12:44:18,stabil,226.9,0.91,200.7,0.97
2026-05-06 12:44:19,stabil,227.0,0.94,207.2,0.97
2026-05-06 12:44:20,stabil,227.0,0.94,207.2,0.97
2026-05-06 12:44:21,stabil,227.0,0.89,196.6,0.97
2026-05-06 12:44:22,stabil,226.3,0.9,197.3,0.97
2026-05-06 12:44:23,stabil,226.7,0.91,200.2,0.97
2026-05-06 12:44:24,stabil,226.9,0.9,197.6,0.97
2026-05-06 12:44:25,stabil,226.9,0.9,197.6,0.97
2026-05-06 12:44:26,stabil,227.0,0.9,197.2,0.97
2026-05-06 12:44:27,stabil,226.8,0.9,197.6,0.97
2026-05-06 12:44:28,stabil,227.0,0.91,199.8,0.97
2026-05-06 12:44:29,stabil,227.0,0.91,199.8,0.97
2026-05-06 12:44:30,stabil,227.1,0.9,198.1,0.97
2026-05-06 12:44:31,stabil,226.5,0.93,203.3,0.97
2026-05-06 12:44:32,stabil,226.2,1.02,223.8,0.97
2026-05-06 12:44:33,stabil,226.3,0.96,210.1,0.97
2026-05-06 12:44:34,stabil,226.3,0.96,210.1,0.97
2026-05-06 12:44:35,stabil,226.3,0.9,197.0,0.97
2026-05-06 12:44:36,stabil,226.2,0.9,197.6,0.97
2026-05-06 12:44:37,stabil,226.4,0.9,198.0,0.97
2026-05-06 12:44:38,stabil,226.5,0.9,198.9,0.97
2026-05-06 12:44:39,stabil,226.5,0.9,198.9,0.97
2026-05-06 12:44:40,stabil,226.6,0.9,197.8,0.97
2026-05-06 12:44:42,stabil,226.5,0.94,206.2,0.97
2026-05-06 12:44:43,stabil,226.6,0.9,197.8,0.97
2026-05-06 12:44:45,stabil,227.0,0.9,198.8,0.97
2026-05-06 12:44:46,stabil,226.8,0.9,197.6,0.97
2026-05-06 12:44:47,stabil,226.5,0.9,197.2,0.97
2026-05-06 12:44:48,stabil,226.5,0.9,197.2,0.97
2026-05-06 12:44:49,stabil,226.5,0.91,199.1,0.97
2026-05-06 12:44:50,stabil,226.3,0.9,197.3,0.97
2026-05-06 12:44:51,stabil,226.5,0.9,197.5,0.97
2026-05-06 12:44:52,stabil,226.5,0.9,197.5,0.97
2026-05-06 12:44:53,stabil,226.6,0.89,196.9,0.97
2026-05-06 12:44:55,stabil,226.8,0.9,198.1,0.97
2026-05-06 12:44:56,stabil,226.5,0.9,197.3,0.97
2026-05-06 12:44:57,stabil,226.5,0.9,197.3,0.97
2026-05-06 12:44:58,stabil,226.4,0.9,197.5,0.97
2026-05-06 12:44:59,stabil,226.5,0.91,199.8,0.97
2026-05-06 12:45:00,stabil,226.2,0.9,197.9,0.97
2026-05-06 12:45:01,stabil,226.2,0.9,197.9,0.97
2026-05-06 12:45:02,stabil,226.2,0.94,206.6,0.97
2026-05-06 12:45:03,stabil,226.5,0.95,208.7,0.97
2026-05-06 12:45:04,stabil,226.7,0.97,214.3,0.97
2026-05-06 12:45:05,stabil,226.4,0.94,206.5,0.97
2026-05-06 12:45:06,stabil,226.3,0.9,196.5,0.97
2026-05-06 12:45:07,stabil,226.3,0.9,196.5,0.97
2026-05-06 12:45:08,stabil,226.1,0.9,197.8,0.97
2026-05-06 12:45:09,stabil,226.1,0.91,199.7,0.97
2026-05-06 12:45:12,stabil,226.1,0.9,196.7,0.97
2026-05-06 12:45:13,stabil,226.2,0.9,197.4,0.97
2026-05-06 12:45:14,stabil,226.5,0.9,198.0,0.97
2026-05-06 12:45:15,stabil,226.6,0.91,199.5,0.97
2026-05-06 12:45:17,stabil,226.3,0.9,197.4,0.97
2026-05-06 12:45:18,stabil,226.2,0.9,197.5,0.97
2026-05-06 12:45:19,stabil,226.2,0.91,198.9,0.97
2026-05-06 12:45:20,stabil,226.2,0.91,198.9,0.97
2026-05-06 12:45:21,stabil,226.4,0.9,197.2,0.97
2026-05-06 12:45:23,stabil,226.3,0.9,198.3,0.97
2026-05-06 12:45:24,stabil,226.3,0.9,198.3,0.97
2026-05-06 12:45:25,stabil,226.2,0.9,198.9,0.97
2026-05-06 12:45:26,stabil,226.4,0.9,197.7,0.97
2026-05-06 12:45:27,stabil,226.4,0.9,198.4,0.97
2026-05-06 12:45:28,stabil,226.6,0.9,198.2,0.97
2026-05-06 12:45:29,stabil,226.6,0.9,198.2,0.97
2026-05-06 12:45:30,stabil,226.4,0.91,200.1,0.97
2026-05-06 12:45:31,stabil,226.4,0.9,198.7,0.97
2026-05-06 12:45:32,stabil,226.5,0.91,199.8,0.97
2026-05-06 12:45:33,stabil,226.5,0.91,200.1,0.97
2026-05-06 12:45:34,stabil,226.5,0.91,200.1,0.97
2026-05-06 12:45:36,stabil,226.6,0.94,206.9,0.97
2026-05-06 12:45:37,stabil,226.5,0.95,208.2,0.97
2026-05-06 12:45:38,stabil,226.5,0.91,199.6,0.97
2026-05-06 12:45:40,stabil,226.8,0.91,199.8,0.97
2026-05-06 12:45:41,stabil,226.6,0.9,199.2,0.97
2026-05-06 12:45:42,stabil,226.3,0.9,197.9,0.97
2026-05-06 12:45:43,stabil,226.3,0.9,197.9,0.97
2026-05-06 12:45:44,stabil,226.4,0.95,209.3,0.97
2026-05-06 12:45:45,stabil,226.8,0.9,199.4,0.97
2026-05-06 12:45:46,stabil,226.8,0.9,198.9,0.97
2026-05-06 12:45:47,stabil,226.5,0.9,197.7,0.97
2026-05-06 12:45:49,stabil,226.5,0.9,197.7,0.97
2026-05-06 12:45:50,stabil,226.5,0.91,200.1,0.97
2026-05-06 12:45:51,stabil,226.1,0.9,198.1,0.97
2026-05-06 12:45:52,stabil,226.1,0.9,198.1,0.97
2026-05-06 12:45:53,stabil,226.1,0.91,198.9,0.97
2026-05-06 12:45:54,stabil,226.1,0.92,200.8,0.97
2026-05-06 12:45:55,stabil,226.3,0.91,199.1,0.97
2026-05-06 12:45:56,stabil,226.3,0.91,199.1,0.97
2026-05-06 12:45:57,stabil,226.3,0.9,197.3,0.97
2026-05-06 12:45:58,stabil,226.0,0.9,198.5,0.97
2026-05-06 12:45:59,stabil,225.7,0.91,200.1,0.97
2026-05-06 12:46:01,stabil,226.0,0.9,197.3,0.97
2026-05-06 12:46:02,stabil,226.2,0.9,198.0,0.97
2026-05-06 12:46:03,stabil,226.2,0.9,198.2,0.97
2026-05-06 12:46:04,stabil,226.4,0.95,209.6,0.97
2026-05-06 12:46:05,stabil,226.9,0.9,198.4,0.97
2026-05-06 12:46:06,stabil,226.9,0.9,198.4,0.97
2026-05-06 12:46:07,stabil,226.8,1.0,220.1,0.97
2026-05-06 12:46:09,stabil,226.7,0.94,207.3,0.97
2026-05-06 12:46:10,stabil,226.6,0.93,204.4,0.97
2026-05-06 12:46:11,stabil,226.4,0.9,197.5,0.97
2026-05-06 12:46:12,stabil,226.4,0.9,197.5,0.97
2026-05-06 12:46:16,stabil,226.4,0.9,199.1,0.97
2026-05-06 12:46:17,stabil,226.1,0.9,197.4,0.97
2026-05-06 12:46:18,stabil,225.9,0.9,197.9,0.97
2026-05-06 12:46:19,stabil,226.1,0.91,199.0,0.97
2026-05-06 12:46:20,stabil,226.1,0.91,199.0,0.97
2026-05-06 12:46:21,stabil,226.2,0.9,198.1,0.97
2026-05-06 12:46:22,stabil,225.9,0.91,198.5,0.97
2026-05-06 12:46:26,stabil,225.5,0.92,202.1,0.98
2026-05-06 12:46:27,stabil,225.3,0.9,197.1,0.97
2026-05-06 12:46:28,stabil,225.6,0.9,196.4,0.97
2026-05-06 12:46:29,stabil,225.6,0.9,196.4,0.97
2026-05-06 12:46:31,stabil,225.6,0.9,198.0,0.97
2026-05-06 12:46:33,stabil,225.6,0.9,197.6,0.97
2026-05-06 12:46:34,stabil,225.6,0.9,197.6,0.97
2026-05-06 12:46:35,stabil,225.7,0.91,199.7,0.97
2026-05-06 12:46:37,stabil,225.4,0.94,204.2,0.97
2026-05-06 12:46:39,stabil,225.4,0.94,204.2,0.97
2026-05-06 12:46:40,stabil,225.2,0.99,216.0,0.97
2026-05-06 12:46:41,stabil,225.2,0.96,209.3,0.97
2026-05-06 12:46:42,stabil,225.3,0.91,198.6,0.97
2026-05-06 12:46:43,stabil,224.8,0.91,198.2,0.97
2026-05-06 12:46:44,stabil,224.8,0.91,198.2,0.97
2026-05-06 12:46:45,stabil,225.1,0.91,198.6,0.97
2026-05-06 12:46:46,stabil,225.2,0.91,199.7,0.97
2026-05-06 12:46:47,stabil,225.3,0.94,205.5,0.97
2026-05-06 12:46:48,stabil,225.3,0.94,205.5,0.97
2026-05-06 12:46:49,stabil,225.5,0.9,198.1,0.97
2026-05-06 12:46:50,stabil,225.5,0.91,199.8,0.97
2026-05-06 12:46:51,stabil,225.5,0.9,196.8,0.97
2026-05-06 12:46:52,stabil,225.5,0.9,196.8,0.97
2026-05-06 12:46:53,stabil,225.7,0.9,198.0,0.97
2026-05-06 12:46:54,stabil,225.5,0.94,204.7,0.97
2026-05-06 12:46:55,stabil,225.4,0.91,199.4,0.97
2026-05-06 12:46:56,stabil,225.4,0.91,199.4,0.97
2026-05-06 12:46:57,stabil,225.5,0.9,197.0,0.97
2026-05-06 12:46:58,stabil,225.5,0.9,197.7,0.97
2026-05-06 12:47:00,stabil,226.0,0.91,199.6,0.97
2026-05-06 12:47:04,stabil,225.9,1.1,232.8,0.94
2026-05-06 12:47:05,stabil,225.6,1.1,236.5,0.95
2026-05-06 12:47:06,stabil,225.6,1.1,236.5,0.95
2026-05-06 12:47:08,stabil,225.9,1.12,240.6,0.95
2026-05-06 12:47:09,stabil,226.0,1.18,253.5,0.95
2026-05-06 12:47:11,stabil,226.2,1.19,256.8,0.95
2026-05-06 12:47:12,stabil,226.2,1.16,248.8,0.95
2026-05-06 12:47:13,stabil,226.3,1.12,240.0,0.95
2026-05-06 12:47:14,stabil,226.1,1.12,239.7,0.95
2026-05-06 12:47:16,stabil,226.1,1.12,239.7,0.95
2026-05-06 12:47:17,stabil,226.0,1.13,242.3,0.95
2026-05-06 12:47:19,stabil,226.1,1.12,239.5,0.95
2026-05-06 12:47:20,stabil,226.1,1.12,239.5,0.95
2026-05-06 12:47:21,stabil,226.3,1.13,241.8,0.95
2026-05-06 12:47:22,stabil,226.3,1.12,240.0,0.95
2026-05-06 12:47:23,stabil,226.5,1.11,238.4,0.94
2026-05-06 12:47:24,stabil,226.5,1.11,238.4,0.94
2026-05-06 12:47:25,stabil,226.5,1.12,239.8,0.95
2026-05-06 12:47:29,stabil,226.2,1.12,240.9,0.95
2026-05-06 12:47:30,stabil,226.3,1.11,238.5,0.95
2026-05-06 12:47:31,stabil,226.6,1.13,241.4,0.95
2026-05-06 12:47:32,stabil,226.8,1.11,238.3,0.95
2026-05-06 12:47:33,stabil,226.8,1.11,238.3,0.95
2026-05-06 12:47:34,stabil,227.0,1.11,239.1,0.95
2026-05-06 12:47:35,stabil,226.8,1.12,239.5,0.95
2026-05-06 12:47:36,stabil,226.7,1.12,241.1,0.95
2026-05-06 12:47:37,stabil,226.8,1.12,239.1,0.94
2026-05-06 12:47:38,stabil,226.8,1.12,239.1,0.94
2026-05-06 12:47:39,stabil,227.0,1.12,239.6,0.94
2026-05-06 12:47:40,stabil,227.1,1.12,241.3,0.95
2026-05-06 12:47:41,stabil,227.1,1.21,259.4,0.95
2026-05-06 12:47:43,stabil,227.1,1.21,259.4,0.95
2026-05-06 12:47:44,stabil,227.0,1.15,246.8,0.95
2026-05-06 12:47:45,stabil,226.9,1.15,248.5,0.95
2026-05-06 12:47:46,stabil,227.0,1.12,239.8,0.95
2026-05-06 12:47:47,stabil,227.2,1.12,240.6,0.94
2026-05-06 12:47:48,stabil,227.1,1.13,241.6,0.94
2026-05-06 12:47:49,stabil,226.8,1.14,245.9,0.95
2026-05-06 12:47:50,stabil,226.7,1.11,238.4,0.95
2026-05-06 12:47:51,stabil,226.7,1.11,238.4,0.95
2026-05-06 12:47:52,stabil,226.6,1.14,244.1,0.94
2026-05-06 12:47:53,stabil,226.6,1.16,249.0,0.95
2026-05-06 12:47:54,stabil,226.7,1.14,245.7,0.95
2026-05-06 12:47:56,stabil,226.4,1.12,240.3,0.95
2026-05-06 12:47:57,stabil,226.5,1.15,246.1,0.94
2026-05-06 12:47:58,stabil,226.4,1.22,264.3,0.96
2026-05-06 12:47:59,stabil,226.5,1.17,251.0,0.95
2026-05-06 12:48:00,stabil,226.7,1.12,241.0,0.95
2026-05-06 12:48:01,stabil,226.7,1.12,241.0,0.95
2026-05-06 12:48:02,stabil,226.7,1.13,241.9,0.95
2026-05-06 12:48:03,stabil,226.7,1.13,241.8,0.95
2026-05-06 12:48:04,stabil,226.6,1.11,238.1,0.95
2026-05-06 12:48:05,stabil,226.6,1.11,238.1,0.95
2026-05-06 12:48:06,stabil,226.9,1.12,239.6,0.94
2026-05-06 12:48:07,stabil,227.0,1.12,240.6,0.95
2026-05-06 12:48:08,stabil,226.6,1.11,238.1,0.95
2026-05-06 12:48:10,stabil,226.8,1.15,246.7,0.95
2026-05-06 12:48:12,stabil,226.7,1.13,241.8,0.94
2026-05-06 12:48:13,stabil,226.5,1.12,240.7,0.95
2026-05-06 12:48:14,stabil,226.4,1.11,238.2,0.95
2026-05-06 12:48:15,stabil,226.4,1.11,238.2,0.95
2026-05-06 12:48:16,stabil,226.4,1.12,239.1,0.95
2026-05-06 12:48:17,stabil,226.3,1.12,240.5,0.95
2026-05-06 12:48:18,stabil,226.5,1.11,239.0,0.95
2026-05-06 12:48:19,stabil,226.5,1.11,238.1,0.95
2026-05-06 12:48:20,stabil,226.5,1.11,238.1,0.95
2026-05-06 12:48:21,stabil,226.3,1.12,241.0,0.95
2026-05-06 12:48:22,stabil,226.3,1.12,239.3,0.95
2026-05-06 12:48:23,stabil,225.8,1.13,242.4,0.95
2026-05-06 12:48:24,stabil,225.8,1.13,242.4,0.95
2026-05-06 12:48:25,stabil,226.0,1.12,239.0,0.95
2026-05-06 12:48:26,stabil,226.2,1.12,240.8,0.95
2026-05-06 12:48:27,stabil,226.3,1.15,245.7,0.94
2026-05-06 12:48:28,stabil,226.3,1.15,245.7,0.94
2026-05-06 12:48:29,stabil,226.2,1.19,257.3,0.95
2026-05-06 12:48:30,stabil,226.2,1.18,254.0,0.95
2026-05-06 12:48:32,stabil,226.1,1.26,271.3,0.96
2026-05-06 12:48:33,stabil,226.1,1.26,271.3,0.96
2026-05-06 12:48:34,stabil,226.1,1.17,252.8,0.95
2026-05-06 12:48:35,stabil,225.8,1.12,238.5,0.95
2026-05-06 12:48:36,stabil,225.7,1.12,238.9,0.95
2026-05-06 12:48:37,stabil,225.7,1.12,238.9,0.95
2026-05-06 12:48:38,stabil,225.8,1.11,238.3,0.95
2026-05-06 12:48:39,stabil,225.9,1.11,238.2,0.95
2026-05-06 12:48:40,stabil,226.2,1.11,237.9,0.95
2026-05-06 12:48:42,stabil,226.2,1.12,240.0,0.95
2026-05-06 12:48:44,stabil,226.2,1.11,238.4,0.95
2026-05-06 12:48:45,stabil,226.1,1.12,238.7,0.95
2026-05-06 12:48:47,stabil,226.1,1.11,237.6,0.95
2026-05-06 12:48:48,stabil,226.3,1.12,240.8,0.95
2026-05-06 12:48:49,stabil,226.2,1.12,238.9,0.95
2026-05-06 12:48:50,stabil,226.1,1.11,238.6,0.95
2026-05-06 12:48:51,stabil,226.4,1.11,237.8,0.95
2026-05-06 12:48:52,stabil,226.3,1.12,240.5,0.95
2026-05-06 12:48:53,stabil,226.2,1.16,250.4,0.95
2026-05-06 12:48:54,stabil,226.2,1.11,237.3,0.95
2026-05-06 12:48:55,stabil,226.5,1.11,238.1,0.95
2026-05-06 12:48:56,stabil,226.5,1.11,238.1,0.95
2026-05-06 12:48:57,stabil,226.7,1.12,240.8,0.95
2026-05-06 12:48:58,stabil,226.8,1.12,241.2,0.95
2026-05-06 12:48:59,stabil,226.2,1.11,237.5,0.95
2026-05-06 12:49:00,stabil,226.2,1.11,237.5,0.95
2026-05-06 12:49:01,stabil,226.1,1.12,239.0,0.95
2026-05-06 12:49:02,stabil,226.0,1.2,257.1,0.95
2026-05-06 12:49:03,stabil,226.2,1.18,253.6,0.95
2026-05-06 12:49:10,stabil,225.7,1.11,237.7,0.95
2026-05-06 12:49:14,stabil,225.7,1.15,245.9,0.95
2026-05-06 12:49:16,stabil,225.2,1.11,237.4,0.95
2026-05-06 12:49:17,stabil,225.2,1.11,237.4,0.95
2026-05-06 12:49:18,stabil,225.4,1.12,238.9,0.95
2026-05-06 12:49:19,stabil,225.4,1.12,237.0,0.94
2026-05-06 12:49:20,stabil,224.6,1.11,237.0,0.95
2026-05-06 12:49:21,stabil,224.4,1.11,236.6,0.95
2026-05-06 12:49:22,stabil,224.8,1.11,236.9,0.95
2026-05-06 12:49:23,stabil,224.9,1.12,239.3,0.95
2026-05-06 12:49:24,stabil,224.7,1.11,237.3,0.95
2026-05-06 12:49:25,stabil,224.7,1.11,237.3,0.95
2026-05-06 12:49:26,stabil,224.8,1.11,236.0,0.95
2026-05-06 12:49:27,stabil,224.8,1.12,238.8,0.95
2026-05-06 12:49:28,stabil,224.8,1.12,238.8,0.95
2026-05-06 12:49:29,stabil,224.7,1.11,236.6,0.95
2026-05-06 12:49:30,stabil,224.6,1.11,236.5,0.95
2026-05-06 12:49:31,stabil,224.5,1.11,236.3,0.95
2026-05-06 12:49:32,stabil,224.5,1.11,236.3,0.95
2026-05-06 12:49:33,stabil,224.6,1.13,239.8,0.95
2026-05-06 12:49:34,stabil,224.8,1.14,242.7,0.95
2026-05-06 12:49:35,stabil,224.8,1.24,265.2,0.95
2026-05-06 12:49:36,stabil,225.0,1.16,248.1,0.95
2026-05-06 12:49:37,stabil,225.0,1.16,248.1,0.95
2026-05-06 12:49:38,stabil,225.0,1.13,241.7,0.95
2026-05-06 12:49:39,stabil,224.5,1.11,236.7,0.95
2026-05-06 12:49:41,stabil,224.5,1.11,235.7,0.95
2026-05-06 12:49:45,stabil,224.6,1.11,237.3,0.95
2026-05-06 12:49:46,stabil,224.5,1.11,236.4,0.95
2026-05-06 12:49:47,stabil,224.5,1.11,236.4,0.95
2026-05-06 12:49:48,stabil,224.6,1.11,237.1,0.95
2026-05-06 12:49:49,stabil,224.7,1.12,239.3,0.95
2026-05-06 12:49:51,stabil,224.5,1.12,237.4,0.95
2026-05-06 12:49:52,stabil,224.5,1.12,237.4,0.95
2026-05-06 12:49:53,stabil,224.4,1.12,237.1,0.95
2026-05-06 12:49:54,stabil,224.4,1.12,238.8,0.95
2026-05-06 12:49:55,stabil,224.3,1.11,236.1,0.95
2026-05-06 12:49:56,stabil,224.4,1.15,245.2,0.95
2026-05-06 12:49:57,stabil,224.2,1.11,236.3,0.95
2026-05-06 12:49:58,stabil,224.1,1.12,237.7,0.95
2026-05-06 12:49:59,stabil,224.2,1.12,236.8,0.95
2026-05-06 12:50:00,stabil,224.2,1.12,236.8,0.95
2026-05-06 12:50:01,stabil,224.5,1.12,237.6,0.95
2026-05-06 12:50:02,stabil,224.6,1.12,238.2,0.95
2026-05-06 12:50:03,stabil,224.3,1.13,239.6,0.95
2026-05-06 12:50:04,stabil,224.3,1.13,239.6,0.95
2026-05-06 12:50:05,stabil,224.0,1.12,238.3,0.95
2026-05-06 12:50:06,stabil,224.0,1.15,244.4,0.95
2026-05-06 12:50:08,stabil,224.0,1.18,252.9,0.96
2026-05-06 12:50:09,stabil,224.6,1.16,248.5,0.95
2026-05-06 12:50:10,stabil,224.6,1.16,248.5,0.95
2026-05-06 12:50:11,stabil,224.4,1.11,237.1,0.95
2026-05-06 12:50:12,stabil,224.4,1.08,231.7,0.95
2026-05-06 12:50:13,stabil,224.5,1.07,229.2,0.95
2026-05-06 12:50:14,stabil,224.5,1.07,229.2,0.95
2026-05-06 12:50:15,stabil,224.3,1.09,232.9,0.95
2026-05-06 12:50:17,stabil,224.4,1.12,239.2,0.96
2026-05-06 12:50:18,stabil,224.3,1.08,230.6,0.95
2026-05-06 12:50:19,stabil,224.3,1.09,233.5,0.95
2026-05-06 12:50:21,stabil,224.5,1.08,231.5,0.95
2026-05-06 12:50:22,stabil,223.6,1.09,231.0,0.95
2026-05-06 12:50:23,stabil,223.6,1.09,231.0,0.95
2026-05-06 12:50:24,stabil,223.9,1.09,233.2,0.95
2026-05-06 12:50:25,stabil,223.9,1.08,231.0,0.95
2026-05-06 12:50:27,stabil,224.2,1.08,230.9,0.95
2026-05-06 12:50:28,stabil,224.2,1.08,230.9,0.95
2026-05-06 12:50:29,stabil,223.8,1.09,232.4,0.95
2026-05-06 12:50:30,stabil,223.7,1.08,229.7,0.95
2026-05-06 12:50:31,stabil,223.9,1.08,230.5,0.95
2026-05-06 12:50:33,stabil,224.0,1.08,231.4,0.95
2026-05-06 12:50:35,stabil,223.9,1.08,229.8,0.95
2026-05-06 12:50:36,stabil,223.9,1.08,229.8,0.95
2026-05-06 12:50:38,stabil,223.8,1.09,232.6,0.95
2026-05-06 12:50:39,stabil,223.8,1.19,253.3,0.95
2026-05-06 12:50:40,stabil,224.1,1.13,242.8,0.96
2026-05-06 12:50:41,stabil,224.0,1.12,240.2,0.95
2026-05-06 12:50:42,stabil,224.0,1.12,240.2,0.95
2026-05-06 12:50:43,stabil,223.9,1.0,215.2,0.97
2026-05-06 12:50:44,stabil,223.7,0.92,198.4,0.97
2026-05-06 12:50:45,stabil,223.8,0.9,197.6,0.98
2026-05-06 12:50:46,stabil,223.8,0.91,196.9,0.97
2026-05-06 12:50:47,stabil,223.8,0.91,196.9,0.97
2026-05-06 12:50:48,stabil,224.0,0.91,198.6,0.97
2026-05-06 12:50:52,stabil,223.7,0.91,197.2,0.97
2026-05-06 12:50:53,stabil,223.9,0.91,197.9,0.97
2026-05-06 12:50:54,stabil,223.7,0.91,196.9,0.97
2026-05-06 12:50:56,stabil,223.6,0.91,196.7,0.97
2026-05-06 12:50:57,stabil,223.4,0.9,196.5,0.97
2026-05-06 12:50:59,stabil,223.7,0.91,197.5,0.97
2026-05-06 12:51:00,stabil,223.7,0.91,197.5,0.97
2026-05-06 12:51:01,stabil,223.7,0.91,197.5,0.97
2026-05-06 12:51:03,stabil,224.0,0.9,196.9,0.97
2026-05-06 12:51:04,stabil,223.9,0.92,198.8,0.97
2026-05-06 12:51:05,stabil,223.9,0.92,198.8,0.97
2026-05-06 12:51:06,stabil,224.0,0.91,197.3,0.97
2026-05-06 12:51:07,stabil,223.9,0.9,196.7,0.97
2026-05-06 12:51:08,stabil,224.1,0.91,197.6,0.97
2026-05-06 12:51:09,stabil,224.1,0.91,197.6,0.97
2026-05-06 12:51:10,stabil,223.9,0.92,199.8,0.97
2026-05-06 12:51:11,stabil,223.6,1.0,216.9,0.97
2026-05-06 12:51:12,stabil,223.6,0.94,203.9,0.97
2026-05-06 12:51:13,stabil,223.6,0.93,203.0,0.97
2026-05-06 12:51:14,stabil,223.6,0.93,203.0,0.97
2026-05-06 12:51:15,stabil,223.8,0.92,198.8,0.97
2026-05-06 12:51:16,stabil,223.5,0.91,196.4,0.97
2026-05-06 12:51:18,stabil,223.7,0.91,196.7,0.97
2026-05-06 12:51:19,stabil,223.6,0.92,198.7,0.97
2026-05-06 12:51:20,stabil,224.0,0.94,205.0,0.97
2026-05-06 12:51:21,stabil,224.0,0.97,209.3,0.97
2026-05-06 12:51:22,stabil,223.7,0.94,204.0,0.97
2026-05-06 12:51:23,stabil,223.7,0.94,204.0,0.97
2026-05-06 12:51:24,stabil,223.6,0.92,199.5,0.97
2026-05-06 12:51:25,stabil,223.5,0.9,196.6,0.97
2026-05-06 12:51:26,stabil,223.8,0.91,197.4,0.97
2026-05-06 12:51:27,stabil,223.8,0.91,197.4,0.97
2026-05-06 12:51:28,stabil,223.9,0.91,197.4,0.97
2026-05-06 12:51:30,stabil,224.0,0.91,199.0,0.97
2026-05-06 12:51:31,stabil,223.7,0.9,196.4,0.97
2026-05-06 12:51:32,stabil,223.7,0.91,197.4,0.97
2026-05-06 12:51:33,stabil,223.7,0.91,197.4,0.97
2026-05-06 12:51:34,stabil,223.7,0.91,197.3,0.97
2026-05-06 12:51:35,stabil,223.8,0.91,198.5,0.97
2026-05-06 12:51:36,stabil,223.8,0.91,197.4,0.97
2026-05-06 12:51:37,stabil,223.8,0.91,197.4,0.97
2026-05-06 12:51:38,stabil,223.5,0.91,196.7,0.97
2026-05-06 12:51:39,stabil,223.1,0.9,196.1,0.97
2026-05-06 12:51:40,stabil,223.3,0.92,198.1,0.97
2026-05-06 12:51:41,stabil,223.4,0.97,210.4,0.97
2026-05-06 12:51:42,stabil,223.4,0.97,210.4,0.97
2026-05-06 12:51:43,stabil,223.4,1.0,217.5,0.97
2026-05-06 12:51:44,stabil,223.3,0.95,205.7,0.97
2026-05-06 12:51:45,stabil,224.2,0.91,197.4,0.97
2026-05-06 12:51:46,stabil,224.2,0.91,197.4,0.97
2026-05-06 12:51:47,stabil,223.9,0.91,197.0,0.97
2026-05-06 12:51:49,stabil,223.9,0.92,198.8,0.97
2026-05-06 12:51:50,stabil,223.9,0.92,198.8,0.97
2026-05-06 12:51:51,stabil,223.9,0.91,197.0,0.97
2026-05-06 12:51:52,stabil,223.7,0.91,198.2,0.97
2026-05-06 12:51:53,stabil,223.8,0.91,196.8,0.97
2026-05-06 12:51:54,stabil,224.3,0.94,203.9,0.97
2026-05-06 12:51:55,stabil,224.3,0.94,203.9,0.97
2026-05-06 12:51:56,stabil,224.4,0.91,197.4,0.97
2026-05-06 12:51:57,stabil,223.9,0.9,195.7,0.97
2026-05-06 12:51:59,stabil,224.2,0.9,196.3,0.97
2026-05-06 12:52:00,stabil,224.2,0.9,196.3,0.97
2026-05-06 12:52:01,stabil,224.4,0.91,199.0,0.97
2026-05-06 12:52:02,stabil,224.2,0.94,202.4,0.97
2026-05-06 12:52:03,stabil,223.9,0.91,199.1,0.98
2026-05-06 12:52:04,stabil,223.8,0.9,196.6,0.97
2026-05-06 12:52:05,stabil,223.8,0.9,196.6,0.97
2026-05-06 12:52:06,stabil,223.6,0.91,198.5,0.97
2026-05-06 12:52:07,stabil,223.6,0.9,195.5,0.97
2026-05-06 12:52:08,stabil,223.8,0.9,196.3,0.97
2026-05-06 12:52:09,stabil,223.8,0.9,196.3,0.97
2026-05-06 12:52:10,stabil,224.1,0.9,196.4,0.97
2026-05-06 12:52:11,stabil,224.4,0.91,198.7,0.97
2026-05-06 12:52:12,stabil,224.6,0.91,198.0,0.97
2026-05-06 12:52:13,stabil,224.5,0.96,208.1,0.97
2026-05-06 12:52:14,stabil,224.5,0.96,208.1,0.97
2026-05-06 12:52:15,stabil,224.4,0.97,212.5,0.97
2026-05-06 12:52:16,stabil,224.7,0.9,197.3,0.97
2026-05-06 12:52:17,stabil,224.5,0.91,197.6,0.97
2026-05-06 12:52:18,stabil,224.5,0.91,197.6,0.97
2026-05-06 12:52:19,stabil,224.4,0.9,197.3,0.97
2026-05-06 12:52:20,stabil,224.7,0.91,198.3,0.97
2026-05-06 12:52:21,stabil,224.7,0.91,197.6,0.97
2026-05-06 12:52:22,stabil,224.7,0.91,197.6,0.97
2026-05-06 12:52:23,stabil,224.8,0.94,205.5,0.97
2026-05-06 12:52:24,stabil,225.0,0.9,196.8,0.97
2026-05-06 12:52:25,stabil,225.3,0.91,199.0,0.97
2026-05-06 12:52:26,stabil,225.4,0.9,197.5,0.97
2026-05-06 12:52:27,stabil,225.4,0.9,197.5,0.97
2026-05-06 12:52:28,stabil,225.0,0.9,197.4,0.97
2026-05-06 12:52:29,stabil,225.2,0.9,196.8,0.97
2026-05-06 12:52:31,stabil,225.1,0.92,199.8,0.97
2026-05-06 12:52:32,stabil,225.1,0.92,199.8,0.97
2026-05-06 12:52:33,stabil,225.3,0.9,197.4,0.97
2026-05-06 12:52:34,stabil,225.4,0.9,197.0,0.97
2026-05-06 12:52:35,stabil,225.1,0.9,196.5,0.97
2026-05-06 12:52:36,stabil,224.9,0.91,199.4,0.97
2026-05-06 12:52:37,stabil,224.9,0.91,199.4,0.97
2026-05-06 12:52:38,stabil,225.3,0.9,198.0,0.97
2026-05-06 12:52:39,stabil,225.3,0.9,196.7,0.97
2026-05-06 12:52:46,stabil,224.9,0.98,213.2,0.97
2026-05-06 12:52:47,stabil,225.0,0.94,206.7,0.97
2026-05-06 12:52:48,stabil,225.3,0.94,205.9,0.97
2026-05-06 12:52:49,stabil,225.2,0.9,196.9,0.97
2026-05-06 12:52:50,stabil,225.4,0.9,197.5,0.97
2026-05-06 12:52:51,stabil,225.2,0.91,199.2,0.97
2026-05-06 12:52:52,stabil,225.3,0.9,196.2,0.97
2026-05-06 12:52:53,stabil,225.2,0.9,197.7,0.97
2026-05-06 12:52:54,stabil,225.2,0.9,197.7,0.97
2026-05-06 12:52:55,stabil,225.2,0.9,197.5,0.97
2026-05-06 12:52:56,stabil,224.9,0.91,198.2,0.97
2026-05-06 12:52:58,stabil,225.0,1.0,216.4,0.96
2026-05-06 12:53:00,stabil,224.8,0.94,205.8,0.97
2026-05-06 12:53:01,stabil,224.6,0.98,212.5,0.97
2026-05-06 12:53:02,stabil,225.1,0.9,198.1,0.97
2026-05-06 12:53:03,stabil,225.3,0.91,198.0,0.97
2026-05-06 12:53:04,stabil,225.3,0.91,198.0,0.97
2026-05-06 12:53:05,stabil,225.2,0.9,197.4,0.97
2026-05-06 12:53:06,stabil,225.0,0.95,207.0,0.97
2026-05-06 12:53:07,stabil,225.3,0.9,197.0,0.97
2026-05-06 12:53:09,stabil,225.4,0.9,197.6,0.97
2026-05-06 12:53:10,stabil,225.4,0.9,197.7,0.97
2026-05-06 12:53:11,stabil,225.5,0.91,199.1,0.97
2026-05-06 12:53:12,stabil,225.1,0.9,197.4,0.97
2026-05-06 12:53:13,stabil,224.9,0.9,197.2,0.97
2026-05-06 12:53:14,stabil,224.8,0.91,197.9,0.97
2026-05-06 12:53:15,stabil,224.9,0.91,198.5,0.97
2026-05-06 12:53:16,stabil,225.4,0.9,197.1,0.97
2026-05-06 12:53:17,stabil,225.4,0.9,197.1,0.97
2026-05-06 12:53:18,stabil,225.3,0.9,196.9,0.97
2026-05-06 12:53:19,stabil,224.8,0.9,196.2,0.97
2026-05-06 12:53:20,stabil,224.5,0.91,198.6,0.97
2026-05-06 12:53:22,stabil,224.6,0.9,197.5,0.97
2026-05-06 12:53:23,stabil,224.6,0.9,197.5,0.97
2026-05-06 12:53:24,stabil,224.8,0.91,197.8,0.97
2026-05-06 12:53:25,stabil,225.2,0.9,196.6,0.97
2026-05-06 12:53:26,stabil,225.3,0.95,207.6,0.97
2026-05-06 12:53:27,stabil,225.3,0.95,207.6,0.97
2026-05-06 12:53:28,stabil,225.3,0.91,198.4,0.97
2026-05-06 12:53:29,stabil,225.0,1.0,217.6,0.97
2026-05-06 12:53:31,stabil,225.3,0.94,207.2,0.98
2026-05-06 12:53:35,stabil,225.2,0.9,197.6,0.97
2026-05-06 12:53:36,stabil,225.4,0.91,199.6,0.97
2026-05-06 12:53:37,stabil,225.4,0.91,199.6,0.97
2026-05-06 12:53:38,stabil,225.5,0.9,198.1,0.97
2026-05-06 12:53:39,stabil,225.4,0.9,197.3,0.97
2026-05-06 12:53:40,stabil,225.7,0.9,198.4,0.97
2026-05-06 12:53:41,stabil,225.7,0.9,198.4,0.97
2026-05-06 12:53:42,stabil,226.0,0.91,200.3,0.97
2026-05-06 12:53:43,stabil,225.9,0.9,196.8,0.97
2026-05-06 12:53:44,stabil,225.7,0.9,197.2,0.97
2026-05-06 12:53:45,stabil,225.6,0.9,198.3,0.97
2026-05-06 12:53:46,stabil,225.6,0.9,198.3,0.97
2026-05-06 12:53:47,stabil,225.1,0.9,196.6,0.97
2026-05-06 12:53:48,stabil,225.3,0.9,197.7,0.97
2026-05-06 12:53:49,stabil,225.3,0.9,197.7,0.97
2026-05-06 12:53:50,stabil,225.4,0.9,197.9,0.97
2026-05-06 12:53:51,stabil,225.5,0.91,199.0,0.97
2026-05-06 12:53:52,stabil,225.6,0.9,197.6,0.97
2026-05-06 12:53:53,stabil,225.5,0.9,197.5,0.97
2026-05-06 12:53:54,stabil,225.5,0.9,197.5,0.97
2026-05-06 12:53:56,stabil,225.5,0.91,198.4,0.97
2026-05-06 12:53:59,stabil,225.5,0.91,198.7,0.97
2026-05-06 12:54:00,stabil,225.5,0.93,201.8,0.97
2026-05-06 12:54:01,stabil,225.4,0.99,217.5,0.97
2026-05-06 12:54:02,stabil,225.6,0.95,208.5,0.97
2026-05-06 12:54:03,stabil,225.5,0.91,198.5,0.97
2026-05-06 12:54:04,stabil,225.5,0.91,198.5,0.97
2026-05-06 12:54:05,stabil,225.4,0.9,197.6,0.97
2026-05-06 12:54:06,stabil,225.3,0.9,196.8,0.97
2026-05-06 12:54:07,stabil,225.3,0.92,199.8,0.97
2026-05-06 12:54:08,stabil,225.7,0.94,206.0,0.97
2026-05-06 12:54:09,stabil,225.7,0.94,206.0,0.97
2026-05-06 12:54:11,stabil,225.8,0.9,196.6,0.97
2026-05-06 12:54:12,stabil,226.0,0.91,199.3,0.97
2026-05-06 12:54:13,stabil,226.2,0.9,197.3,0.97
2026-05-06 12:54:14,stabil,226.0,0.89,196.2,0.97
2026-05-06 12:54:15,stabil,225.6,0.9,196.4,0.97
2026-05-06 12:54:16,stabil,225.9,0.91,199.2,0.97
2026-05-06 12:54:19,stabil,225.8,0.9,197.5,0.97
2026-05-06 12:54:21,stabil,226.1,0.9,197.9,0.97
2026-05-06 12:54:22,stabil,226.1,0.9,197.9,0.97
2026-05-06 12:54:23,stabil,226.3,0.91,200.2,0.97
2026-05-06 12:54:24,stabil,226.5,0.9,197.2,0.97
2026-05-06 12:54:25,stabil,226.5,0.9,196.9,0.97
2026-05-06 12:54:26,stabil,226.6,0.9,197.5,0.97
2026-05-06 12:54:27,stabil,226.6,0.9,197.5,0.97
2026-05-06 12:54:28,stabil,226.5,0.91,199.1,0.97
2026-05-06 12:54:29,stabil,226.6,0.93,204.5,0.97
2026-05-06 12:54:31,stabil,226.3,0.91,207.4,1.0
2026-05-06 12:54:32,stabil,226.2,0.95,207.4,0.97
2026-05-06 12:54:33,stabil,226.1,0.97,214.0,0.97
2026-05-06 12:54:34,stabil,225.8,0.94,206.4,0.97
2026-05-06 12:54:35,stabil,225.9,0.9,197.7,0.97
2026-05-06 12:54:36,stabil,226.3,0.9,198.0,0.97
2026-05-06 12:54:37,stabil,226.3,0.9,198.0,0.97
2026-05-06 12:54:38,stabil,226.6,0.9,198.9,0.97
2026-05-06 12:54:39,stabil,226.2,0.9,197.6,0.97
2026-05-06 12:54:40,stabil,226.2,0.9,197.6,0.97
2026-05-06 12:54:41,stabil,225.8,0.9,197.1,0.97
2026-05-06 12:54:42,stabil,225.7,0.91,198.5,0.97
2026-05-06 12:54:43,stabil,225.9,0.9,197.8,0.97
2026-05-06 12:54:44,stabil,225.8,0.9,198.3,0.97
2026-05-06 12:54:45,stabil,225.8,0.9,198.3,0.97
2026-05-06 12:54:47,stabil,225.9,0.9,196.8,0.97
2026-05-06 12:54:48,stabil,226.1,0.91,199.2,0.97
2026-05-06 12:54:50,stabil,226.3,0.9,197.4,0.97
2026-05-06 12:54:51,stabil,226.3,0.94,206.0,0.97
2026-05-06 12:54:52,stabil,226.3,0.89,196.4,0.97
2026-05-06 12:54:53,stabil,226.1,0.91,199.9,0.97
2026-05-06 12:54:54,stabil,226.1,0.91,199.9,0.97
2026-05-06 12:54:55,stabil,225.9,0.9,197.9,0.97
2026-05-06 12:54:56,stabil,226.0,0.9,198.0,0.97
2026-05-06 12:54:57,stabil,225.8,0.9,197.9,0.97
2026-05-06 12:54:58,stabil,225.6,0.92,200.3,0.97
2026-05-06 12:54:59,stabil,225.6,0.92,200.3,0.97
2026-05-06 12:55:00,stabil,225.9,0.9,198.7,0.97
2026-05-06 12:55:01,stabil,226.3,0.9,197.4,0.97
2026-05-06 12:55:03,stabil,226.2,0.95,198.6,0.92
2026-05-06 12:55:04,stabil,226.2,0.88,184.3,0.92
2026-05-06 12:55:05,stabil,225.9,0.89,184.2,0.92
2026-05-06 12:55:06,stabil,225.8,0.9,184.3,0.91
2026-05-06 12:55:07,stabil,226.0,0.91,186.3,0.91
2026-05-06 12:55:09,stabil,226.0,0.91,186.3,0.91
2026-05-06 12:55:10,stabil,226.2,0.9,184.8,0.91
2026-05-06 12:55:11,stabil,226.2,0.94,193.6,0.91
2026-05-06 12:55:12,stabil,226.6,0.98,204.1,0.92
2026-05-06 12:55:13,stabil,226.6,0.98,204.1,0.92
2026-05-06 12:55:14,stabil,226.7,1.12,241.0,0.95
2026-05-06 12:55:15,stabil,227.2,1.12,239.4,0.95
2026-05-06 12:55:19,stabil,227.1,1.11,240.4,0.95
2026-05-06 12:55:20,stabil,227.0,1.12,239.6,0.94
2026-05-06 12:55:21,stabil,227.1,1.08,230.3,0.94
2026-05-06 12:55:22,stabil,227.1,1.08,230.3,0.94
2026-05-06 12:55:23,stabil,227.2,1.13,242.6,0.95
2026-05-06 12:55:24,stabil,227.2,1.12,240.2,0.95
2026-05-06 12:55:25,stabil,227.1,1.12,240.9,0.95
2026-05-06 12:55:26,stabil,227.1,1.12,240.9,0.95
2026-05-06 12:55:30,stabil,226.9,1.11,238.9,0.95
2026-05-06 12:55:31,stabil,226.3,1.14,244.7,0.94
2026-05-06 12:55:32,stabil,226.3,1.14,244.7,0.94
2026-05-06 12:55:33,stabil,226.2,1.13,243.6,0.95
2026-05-06 12:55:34,stabil,226.4,1.22,261.1,0.95
2026-05-06 12:55:35,stabil,226.4,1.22,261.1,0.95
2026-05-06 12:55:37,stabil,226.9,1.14,246.1,0.95
2026-05-06 12:55:42,stabil,227.3,1.11,239.0,0.95
2026-05-06 12:55:43,stabil,227.3,1.12,241.7,0.95
2026-05-06 12:55:44,stabil,227.2,1.12,240.1,0.95
2026-05-06 12:55:45,stabil,227.2,1.12,240.1,0.95
2026-05-06 12:55:46,stabil,227.1,1.12,240.1,0.95
2026-05-06 12:55:47,stabil,227.5,1.11,238.9,0.94
2026-05-06 12:55:48,stabil,227.4,1.12,242.2,0.95
2026-05-06 12:55:49,stabil,227.2,1.12,240.1,0.95
2026-05-06 12:55:50,stabil,227.2,1.12,240.1,0.95
2026-05-06 12:55:51,stabil,227.0,1.11,239.2,0.95
2026-05-06 12:55:52,stabil,226.7,1.12,239.5,0.95
2026-05-06 12:55:53,stabil,226.6,1.16,250.2,0.95
2026-05-06 12:55:54,stabil,226.6,1.16,250.2,0.95
2026-05-06 12:55:55,stabil,227.0,1.12,239.9,0.95
2026-05-06 12:55:56,stabil,227.4,1.11,238.9,0.95
2026-05-06 12:55:57,stabil,227.6,1.12,240.0,0.95
2026-05-06 12:55:58,stabil,227.4,1.13,242.3,0.95
2026-05-06 12:55:59,stabil,227.4,1.13,242.3,0.95
2026-05-06 12:56:00,stabil,227.4,1.11,239.5,0.95
2026-05-06 12:56:01,stabil,227.6,1.11,239.5,0.94
2026-05-06 12:56:02,stabil,228.0,1.12,240.7,0.95
2026-05-06 12:56:03,stabil,227.8,1.12,241.9,0.95
2026-05-06 12:56:04,stabil,227.8,1.12,240.0,0.94
2026-05-06 12:56:06,stabil,228.4,1.23,267.3,0.95
2026-05-06 12:56:07,stabil,228.4,1.23,267.3,0.95
2026-05-06 12:56:08,stabil,228.4,1.16,252.3,0.95
2026-05-06 12:56:09,stabil,228.3,1.14,247.3,0.95
2026-05-06 12:56:12,stabil,227.8,1.12,241.9,0.95
2026-05-06 12:56:13,stabil,227.8,1.12,241.9,0.95
2026-05-06 12:56:14,stabil,227.8,1.16,250.6,0.95
2026-05-06 12:56:15,stabil,227.8,1.12,241.4,0.94
2026-05-06 12:56:16,stabil,227.8,1.12,241.2,0.95
2026-05-06 12:56:17,stabil,227.8,1.12,241.2,0.95
2026-05-06 12:56:18,stabil,227.6,1.12,240.7,0.95
2026-05-06 12:56:19,stabil,227.7,1.12,241.6,0.94
2026-05-06 12:56:20,stabil,228.0,1.12,240.9,0.95
2026-05-06 12:56:21,stabil,228.1,1.12,241.5,0.95
2026-05-06 12:56:22,stabil,228.1,1.12,241.5,0.95
2026-05-06 12:56:23,stabil,227.9,1.11,240.2,0.95
2026-05-06 12:56:24,stabil,227.6,1.13,242.3,0.95
2026-05-06 12:56:25,stabil,227.4,1.12,240.3,0.95
2026-05-06 12:56:26,stabil,227.4,1.12,240.3,0.95
2026-05-06 12:56:27,stabil,227.6,1.12,240.2,0.95
2026-05-06 12:56:31,stabil,227.0,1.12,239.9,0.95
2026-05-06 12:56:32,stabil,226.7,1.11,238.8,0.95
2026-05-06 12:56:33,stabil,226.8,1.11,238.6,0.95
2026-05-06 12:56:34,stabil,227.2,1.12,241.9,0.95
2026-05-06 12:56:35,stabil,226.8,1.15,248.4,0.95
2026-05-06 12:56:36,stabil,226.8,1.15,248.4,0.95
2026-05-06 12:56:37,stabil,226.8,1.15,247.0,0.95
2026-05-06 12:56:38,stabil,226.8,1.13,244.3,0.95
2026-05-06 12:56:42,stabil,227.0,1.08,232.0,0.95
2026-05-06 12:56:43,stabil,226.8,1.09,235.2,0.95
2026-05-06 12:56:44,stabil,226.8,1.09,235.2,0.95
2026-05-06 12:56:45,stabil,227.1,1.08,232.8,0.95
2026-05-06 12:56:46,stabil,227.0,1.08,232.8,0.95
2026-05-06 12:56:48,stabil,226.7,1.08,232.5,0.95
2026-05-06 12:56:49,stabil,226.7,1.08,232.5,0.95
2026-05-06 12:56:50,stabil,226.8,1.09,234.8,0.95
2026-05-06 12:56:51,stabil,226.6,1.08,232.1,0.95
2026-05-06 12:56:52,stabil,226.6,1.08,233.0,0.95
2026-05-06 12:56:54,stabil,226.5,1.08,232.9,0.95
2026-05-06 12:56:55,stabil,226.7,1.11,240.2,0.95
2026-05-06 12:56:56,stabil,226.6,1.12,240.9,0.95
2026-05-06 12:56:57,stabil,226.4,1.08,233.0,0.95
2026-05-06 12:56:58,stabil,226.4,1.08,233.0,0.95
2026-05-06 12:57:00,stabil,226.7,1.08,233.8,0.95
2026-05-06 12:57:01,stabil,227.0,1.08,233.7,0.95
2026-05-06 12:57:02,stabil,226.9,1.09,234.9,0.95
2026-05-06 12:57:03,stabil,226.9,1.09,234.9,0.95
2026-05-06 12:57:04,stabil,226.6,1.08,232.5,0.95
2026-05-06 12:57:05,stabil,226.6,1.09,234.4,0.95
2026-05-06 12:57:06,stabil,226.5,1.08,233.1,0.95
2026-05-06 12:57:07,stabil,226.6,1.1,236.9,0.95
2026-05-06 12:57:08,stabil,226.6,1.1,236.9,0.95
2026-05-06 12:57:09,stabil,226.9,0.91,201.7,0.97
2026-05-06 12:57:10,stabil,227.4,0.9,198.9,0.97
2026-05-06 12:57:11,stabil,227.4,0.9,198.9,0.97
2026-05-06 12:57:12,stabil,227.3,0.9,198.2,0.97
2026-05-06 12:57:14,stabil,227.0,0.9,197.8,0.97
2026-05-06 12:57:15,stabil,227.3,0.91,200.1,0.97
2026-05-06 12:57:16,stabil,227.3,0.91,199.8,0.96
2026-05-06 12:57:17,stabil,227.3,0.91,199.8,0.96
2026-05-06 12:57:18,stabil,227.4,0.92,205.6,0.98
2026-05-06 12:57:19,stabil,227.6,0.9,199.6,0.97
2026-05-06 12:57:20,stabil,227.9,0.91,201.4,0.97
2026-05-06 12:57:21,stabil,227.9,0.91,201.4,0.97
2026-05-06 12:57:28,stabil,227.6,0.9,198.4,0.97
2026-05-06 12:57:29,stabil,227.5,0.9,198.9,0.97
2026-05-06 12:57:30,stabil,227.4,0.91,201.5,0.97
2026-05-06 12:57:31,stabil,227.4,0.91,201.5,0.97
2026-05-06 12:57:32,stabil,227.2,0.9,198.1,0.97
2026-05-06 12:57:33,stabil,227.2,0.9,198.5,0.97
2026-05-06 12:57:34,stabil,227.2,0.9,198.6,0.97
2026-05-06 12:57:35,stabil,227.2,0.9,198.6,0.97
2026-05-06 12:57:36,stabil,227.1,0.91,200.5,0.97
2026-05-06 12:57:37,stabil,227.3,0.9,199.0,0.97
2026-05-06 12:57:38,stabil,227.3,1.0,219.8,0.97
2026-05-06 12:57:42,stabil,227.7,0.9,198.3,0.97
2026-05-06 12:57:43,stabil,227.5,0.9,198.4,0.97
2026-05-06 12:57:44,stabil,227.5,0.9,198.4,0.97
2026-05-06 12:57:46,stabil,227.3,0.91,200.5,0.97
2026-05-06 12:57:47,stabil,227.7,0.9,198.9,0.97
2026-05-06 12:57:48,stabil,227.6,0.9,198.8,0.97
2026-05-06 12:57:51,stabil,227.4,0.91,200.7,0.97
2026-05-06 12:57:52,stabil,227.4,0.9,198.6,0.97
2026-05-06 12:57:53,stabil,227.4,0.9,198.3,0.97
2026-05-06 12:57:54,stabil,227.4,0.9,198.3,0.97
2026-05-06 12:57:55,stabil,227.5,0.9,197.9,0.97
2026-05-06 12:57:56,stabil,227.6,0.9,201.1,0.98
2026-05-06 12:57:57,stabil,227.5,0.92,203.3,0.97
2026-05-06 12:57:58,stabil,227.5,0.92,203.3,0.97
2026-05-06 12:57:59,stabil,227.5,0.9,199.6,0.97
2026-05-06 12:58:00,stabil,227.4,0.94,207.7,0.97
2026-05-06 12:58:01,stabil,227.7,0.9,199.6,0.97
2026-05-06 12:58:02,stabil,227.7,0.9,199.4,0.97
2026-05-06 12:58:03,stabil,227.7,0.9,199.4,0.97
2026-05-06 12:58:04,stabil,227.8,0.89,198.0,0.97
2026-05-06 12:58:05,stabil,228.0,0.91,201.3,0.97
2026-05-06 12:58:06,stabil,227.8,0.9,199.6,0.97
2026-05-06 12:58:07,stabil,227.8,0.9,199.6,0.97
2026-05-06 12:58:08,stabil,227.7,0.9,198.8,0.97
2026-05-06 12:58:10,stabil,227.7,0.91,200.8,0.97
2026-05-06 12:58:11,stabil,227.8,0.9,199.1,0.97
2026-05-06 12:58:12,stabil,227.8,0.89,197.7,0.97
2026-05-06 12:58:14,stabil,227.8,0.9,199.0,0.97
2026-05-06 12:58:16,stabil,227.8,0.91,202.0,0.97
2026-05-06 12:58:17,stabil,227.7,0.9,199.2,0.97
2026-05-06 12:58:18,stabil,227.8,0.9,199.0,0.97
2026-05-06 12:58:19,stabil,227.6,0.9,199.4,0.97
2026-05-06 12:58:20,stabil,227.4,0.95,209.6,0.97
2026-05-06 12:58:21,stabil,227.4,0.95,209.6,0.97
2026-05-06 12:58:22,stabil,227.4,0.9,198.0,0.97
2026-05-06 12:58:23,stabil,227.2,0.9,198.6,0.97
2026-05-06 12:58:24,stabil,227.2,0.9,198.4,0.97
2026-05-06 12:58:25,stabil,227.5,0.91,200.4,0.97
2026-05-06 12:58:26,stabil,227.5,0.91,200.4,0.97
2026-05-06 12:58:27,stabil,227.5,0.89,197.4,0.97
2026-05-06 12:58:28,stabil,227.3,0.95,208.8,0.97
2026-05-06 12:58:29,stabil,227.2,0.97,213.7,0.97
2026-05-06 12:58:30,stabil,227.2,0.97,213.7,0.97
2026-05-06 12:58:31,stabil,227.2,0.95,208.9,0.97
2026-05-06 12:58:32,stabil,227.4,0.9,198.4,0.97
2026-05-06 12:58:33,stabil,227.8,0.9,198.9,0.97
2026-05-06 12:58:34,stabil,228.1,0.9,198.7,0.97
2026-05-06 12:58:35,stabil,228.1,0.9,198.7,0.97
2026-05-06 12:58:36,stabil,227.9,0.9,199.3,0.97
2026-05-06 12:58:37,stabil,228.0,0.9,198.6,0.97
2026-05-06 12:58:41,stabil,227.8,0.94,205.5,0.96
2026-05-06 12:58:42,stabil,227.9,0.9,201.4,0.98
2026-05-06 12:58:43,stabil,227.8,0.9,198.5,0.97
2026-05-06 12:58:44,stabil,227.8,0.9,198.5,0.97
2026-05-06 12:58:45,stabil,227.6,0.9,198.3,0.97
2026-05-06 12:58:46,stabil,227.6,0.92,202.2,0.97
2026-05-06 12:58:48,stabil,227.4,0.9,199.5,0.97
2026-05-06 12:58:49,stabil,227.0,0.9,197.7,0.97
2026-05-06 12:58:50,stabil,227.2,0.95,209.5,0.97
2026-05-06 12:58:51,stabil,227.3,0.91,200.9,0.97
2026-05-06 12:58:52,stabil,227.2,0.91,200.3,0.97
2026-05-06 12:58:53,stabil,226.9,0.91,201.4,0.97
2026-05-06 12:58:54,stabil,226.9,0.91,201.4,0.97
2026-05-06 12:58:55,stabil,227.0,0.9,198.4,0.97
2026-05-06 12:58:57,stabil,226.9,0.9,198.4,0.97
2026-05-06 12:58:58,stabil,226.9,0.9,198.4,0.97
2026-05-06 12:58:59,stabil,227.1,0.9,198.9,0.97
2026-05-06 12:59:00,stabil,227.7,0.99,217.4,0.96
2026-05-06 12:59:01,stabil,227.7,0.98,217.4,0.97
2026-05-06 12:59:02,stabil,227.7,0.98,217.4,0.97
2026-05-06 12:59:03,stabil,227.7,0.97,214.8,0.97
2026-05-06 12:59:04,stabil,228.1,0.9,198.5,0.97
2026-05-06 12:59:05,stabil,228.0,0.9,199.0,0.97
2026-05-06 12:59:06,stabil,227.9,0.91,201.6,0.97
2026-05-06 12:59:07,stabil,227.9,0.91,201.6,0.97
2026-05-06 12:59:08,stabil,227.5,0.9,198.1,0.97
2026-05-06 12:59:09,stabil,227.2,0.9,198.0,0.97
2026-05-06 12:59:10,stabil,227.3,0.9,198.6,0.97
2026-05-06 12:59:11,stabil,227.3,0.9,198.6,0.97
2026-05-06 12:59:12,stabil,227.6,0.91,200.5,0.97
2026-05-06 12:59:13,stabil,227.4,0.9,198.9,0.97
2026-05-06 12:59:14,stabil,227.3,0.92,202.3,0.97
2026-05-06 12:59:15,stabil,227.3,0.9,199.5,0.97
2026-05-06 12:59:16,stabil,227.3,0.9,199.5,0.97
2026-05-06 12:59:17,stabil,227.0,0.9,199.5,0.97
2026-05-06 12:59:19,stabil,227.0,0.9,198.3,0.97
2026-05-06 12:59:20,stabil,226.9,0.93,205.6,0.97
2026-05-06 12:59:21,stabil,226.9,0.93,205.6,0.97
2026-05-06 12:59:22,stabil,226.9,0.91,200.0,0.97
2026-05-06 12:59:23,stabil,226.6,0.94,207.7,0.97
2026-05-06 12:59:24,stabil,226.0,0.9,198.3,0.97
2026-05-06 12:59:25,stabil,226.2,0.9,198.5,0.97
2026-05-06 12:59:26,stabil,226.2,0.9,198.5,0.97
2026-05-06 12:59:27,stabil,226.6,0.91,199.9,0.97
2026-05-06 12:59:28,stabil,226.7,0.9,197.8,0.97
2026-05-06 12:59:29,stabil,226.8,0.9,198.6,0.97
2026-05-06 12:59:30,stabil,226.8,0.9,198.6,0.97
2026-05-06 12:59:32,stabil,226.5,1.01,220.5,0.96
2026-05-07 16:54:09,camasir,226.2,0.78,160.3,0.91
2026-05-07 16:54:10,camasir,225.9,0.74,151.7,0.91
2026-05-07 16:54:11,camasir,225.8,0.73,145.5,0.89
2026-05-07 16:54:12,camasir,226.0,0.81,168.1,0.92
2026-05-07 16:54:13,camasir,226.0,0.81,168.1,0.92
2026-05-07 16:54:14,camasir,226.0,0.81,168.1,0.92
2026-05-07 16:54:15,camasir,226.1,0.77,158.5,0.91
2026-05-07 16:54:16,camasir,226.2,0.75,151.0,0.89
2026-05-07 16:54:17,camasir,226.1,0.76,154.6,0.9
2026-05-07 16:54:18,camasir,225.6,0.81,163.2,0.9
2026-05-07 16:54:19,camasir,225.9,0.71,142.7,0.89
2026-05-07 16:54:20,camasir,225.9,0.71,142.7,0.89
2026-05-07 16:54:21,camasir,226.3,0.7,140.6,0.89
2026-05-07 16:54:22,camasir,226.2,0.7,139.2,0.88
2026-05-07 16:54:24,camasir,226.2,0.74,149.8,0.89
2026-05-07 16:54:25,camasir,226.3,0.74,148.2,0.89
2026-05-07 16:54:26,camasir,226.1,0.81,165.8,0.91
2026-05-07 16:54:27,camasir,226.1,0.81,165.8,0.91
2026-05-07 16:54:28,camasir,226.0,0.79,162.3,0.91
2026-05-07 16:54:29,camasir,225.9,0.76,156.4,0.91
2026-05-07 16:54:30,camasir,226.0,0.74,150.6,0.91
2026-05-07 16:54:31,camasir,226.1,0.74,151.8,0.91
2026-05-07 16:54:32,camasir,226.1,0.74,151.8,0.91
2026-05-07 16:54:33,camasir,225.8,0.76,155.6,0.91
2026-05-07 16:54:34,camasir,226.0,0.77,157.0,0.9
2026-05-07 16:54:35,camasir,226.1,0.8,164.7,0.91
2026-05-07 16:54:36,camasir,226.4,0.79,163.0,0.91
2026-05-07 16:54:37,camasir,226.5,0.76,156.2,0.9
2026-05-07 16:54:38,camasir,226.5,0.76,156.2,0.9
2026-05-07 16:54:39,camasir,226.5,0.76,155.9,0.9
2026-05-07 16:54:40,camasir,226.8,0.74,152.2,0.9
2026-05-07 16:54:41,camasir,226.6,0.74,151.4,0.91
2026-05-07 16:54:42,camasir,226.8,0.74,151.3,0.91
2026-05-07 16:54:43,camasir,226.7,0.75,153.7,0.91
2026-05-07 16:54:44,camasir,226.7,0.75,153.7,0.91
2026-05-07 16:54:45,camasir,226.9,0.74,151.7,0.9
2026-05-07 16:54:46,camasir,225.9,0.74,151.0,0.91
2026-05-07 16:54:48,camasir,226.0,0.74,151.5,0.91
2026-05-07 16:54:49,camasir,226.1,0.75,153.3,0.91
2026-05-07 16:54:50,camasir,226.0,0.73,145.7,0.89
2026-05-07 16:54:51,camasir,226.0,0.73,145.7,0.89
2026-05-07 16:54:52,camasir,226.1,0.88,159.5,0.8
2026-05-07 16:54:53,camasir,225.6,2.68,273.8,0.45
2026-05-07 16:54:54,camasir,225.8,1.96,238.0,0.54
2026-05-07 16:54:55,camasir,225.8,2.24,263.9,0.52
2026-05-07 16:54:56,camasir,225.7,2.09,260.0,0.55
2026-05-07 16:54:57,camasir,225.7,2.09,260.0,0.55
2026-05-07 16:54:58,camasir,226.1,2.34,267.0,0.5
2026-05-07 16:54:59,camasir,226.5,2.3,270.8,0.52
2026-05-07 16:55:00,camasir,226.8,2.31,266.3,0.51
2026-05-07 16:55:01,camasir,226.7,2.6,288.9,0.49
2026-05-07 16:55:02,camasir,226.3,2.76,304.2,0.49
2026-05-07 16:55:03,camasir,226.3,2.76,304.2,0.49
2026-05-07 16:55:04,camasir,226.6,2.87,315.0,0.48
2026-05-07 16:55:05,camasir,226.7,2.94,319.7,0.48
2026-05-07 16:55:06,camasir,226.8,2.94,317.8,0.48
2026-05-07 16:55:07,camasir,226.8,2.94,317.8,0.48
2026-05-07 16:55:08,camasir,227.2,0.75,158.7,0.93
2026-05-07 16:55:09,camasir,227.1,0.76,156.1,0.9
2026-05-07 16:55:10,camasir,227.1,0.76,156.1,0.9
2026-05-07 16:55:12,camasir,227.2,0.76,155.4,0.9
2026-05-07 16:55:13,camasir,227.2,0.87,162.5,0.83
2026-05-07 16:55:14,camasir,226.9,3.04,336.4,0.49
2026-05-07 16:55:15,camasir,226.9,3.04,336.4,0.49
2026-05-07 16:55:16,camasir,226.9,3.04,336.4,0.49
2026-05-07 16:55:17,camasir,226.8,2.94,323.7,0.48
2026-05-07 16:55:18,camasir,226.6,2.97,323.9,0.48
2026-05-07 16:55:19,camasir,226.8,3.06,334.2,0.48
2026-05-07 16:55:20,camasir,226.7,3.07,335.9,0.48
2026-05-07 16:55:21,camasir,226.8,3.04,330.6,0.48
2026-05-07 16:55:22,camasir,226.8,3.04,330.6,0.48
2026-05-07 16:55:23,camasir,226.8,3.05,333.7,0.48
2026-05-07 16:55:24,camasir,226.9,3.02,329.5,0.48
2026-05-07 16:55:25,camasir,226.6,3.08,337.4,0.48
2026-05-07 16:55:26,camasir,226.7,3.0,327.4,0.48
2026-05-07 16:55:27,camasir,227.0,2.96,325.8,0.48
2026-05-07 16:55:28,camasir,227.0,2.96,325.8,0.48
2026-05-07 16:55:29,camasir,227.5,0.74,151.2,0.9
2026-05-07 16:55:30,camasir,227.5,0.74,149.5,0.89
2026-05-07 16:55:31,camasir,227.1,0.72,145.3,0.89
2026-05-07 16:55:32,camasir,226.9,0.86,156.4,0.81
2026-05-07 16:55:33,camasir,226.7,2.94,305.4,0.46
2026-05-07 16:55:34,camasir,226.7,2.94,305.4,0.46
2026-05-07 16:55:36,camasir,226.9,3.08,335.7,0.48
2026-05-07 16:55:37,camasir,227.2,2.95,322.0,0.48
2026-05-07 16:55:38,camasir,227.2,3.08,336.1,0.48
2026-05-07 16:55:39,camasir,227.3,3.03,328.8,0.48
2026-05-07 16:55:40,camasir,227.3,3.08,335.3,0.48
2026-05-07 16:55:41,camasir,227.3,3.08,335.3,0.48
2026-05-07 16:55:42,camasir,227.5,3.03,327.1,0.47
2026-05-07 16:55:43,camasir,227.8,3.05,330.5,0.48
2026-05-07 16:55:44,camasir,227.5,3.0,326.1,0.48
2026-05-07 16:55:45,camasir,227.2,3.04,329.1,0.48
2026-05-07 16:55:46,camasir,227.1,2.95,322.7,0.48
2026-05-07 16:55:47,camasir,227.1,2.95,322.7,0.48
2026-05-07 16:55:48,camasir,227.0,2.97,321.5,0.48
2026-05-07 16:55:50,camasir,227.6,0.72,146.1,0.89
2026-05-07 16:55:54,camasir,226.7,2.81,299.1,0.47
2026-05-07 16:55:55,camasir,226.6,3.09,340.5,0.49
2026-05-07 16:55:56,camasir,227.3,2.95,329.3,0.49
2026-05-07 16:55:57,camasir,227.1,3.01,334.6,0.49
2026-05-07 16:55:59,camasir,226.8,3.0,332.9,0.49
2026-05-07 16:56:00,camasir,226.8,3.0,332.9,0.49
2026-05-07 16:56:01,camasir,226.5,2.97,328.6,0.49
2026-05-07 16:56:02,camasir,226.3,3.01,332.5,0.49
2026-05-07 16:56:03,camasir,226.5,3.02,332.3,0.49
2026-05-07 16:56:04,camasir,226.8,2.99,338.0,0.5
2026-05-07 16:56:05,camasir,226.8,2.99,338.0,0.5
2026-05-07 16:56:06,camasir,226.7,2.95,330.0,0.49
2026-05-07 16:56:07,camasir,226.7,2.99,332.6,0.49
2026-05-07 16:56:08,camasir,226.7,2.99,332.6,0.49
2026-05-07 16:56:09,camasir,227.1,0.84,161.5,0.85
2026-05-07 16:56:10,camasir,227.1,0.84,161.5,0.85
2026-05-07 16:56:11,camasir,226.8,0.72,145.2,0.89
2026-05-07 16:56:12,camasir,226.8,0.72,145.2,0.89
2026-05-07 16:56:13,camasir,226.4,0.72,144.9,0.89
2026-05-07 16:56:14,camasir,226.2,0.84,154.5,0.81
2026-05-07 16:56:15,camasir,226.0,2.9,307.4,0.47
2026-05-07 16:56:16,camasir,226.2,3.07,342.6,0.49
2026-05-07 16:56:17,camasir,226.5,3.0,332.9,0.49
2026-05-07 16:56:18,camasir,226.5,3.0,332.9,0.49
2026-05-07 16:56:19,camasir,226.3,2.97,331.0,0.49
2026-05-07 16:56:20,camasir,226.2,3.11,338.8,0.48
2026-05-07 16:56:21,camasir,226.3,2.97,327.0,0.49
2026-05-07 16:56:22,camasir,226.4,2.99,328.0,0.48
2026-05-07 16:56:23,camasir,226.5,2.97,325.2,0.48
2026-05-07 16:56:24,camasir,226.5,2.97,325.2,0.48
2026-05-07 16:56:25,camasir,226.3,2.99,327.5,0.48
2026-05-07 16:56:27,camasir,226.3,2.96,325.9,0.49
2026-05-07 16:56:28,camasir,226.4,3.01,324.4,0.48
2026-05-07 16:56:29,camasir,226.4,3.02,326.9,0.48
2026-05-07 16:56:30,camasir,226.9,0.84,158.3,0.83
2026-05-07 16:56:31,camasir,226.9,0.84,158.3,0.83
2026-05-07 16:56:32,camasir,226.5,0.72,145.1,0.89
2026-05-07 16:56:33,camasir,226.2,0.72,144.8,0.89
2026-05-07 16:56:34,camasir,226.5,0.81,151.8,0.83
2026-05-07 16:56:35,camasir,226.5,2.82,304.1,0.48
2026-05-07 16:56:36,camasir,226.7,2.99,334.9,0.49
2026-05-07 16:56:37,camasir,226.7,2.99,334.9,0.49
2026-05-07 16:56:38,camasir,226.6,2.93,328.1,0.49
2026-05-07 16:56:39,camasir,226.2,3.0,332.8,0.49
2026-05-07 16:56:40,camasir,226.0,2.94,328.7,0.5
2026-05-07 16:56:41,camasir,226.4,3.01,334.1,0.49
2026-05-07 16:56:42,camasir,226.6,2.98,331.9,0.49
2026-05-07 16:56:43,camasir,226.6,2.98,331.9,0.49
2026-05-07 16:56:44,camasir,226.7,3.0,333.3,0.49
2026-05-07 16:56:45,camasir,226.8,3.06,339.2,0.49
2026-05-07 16:56:46,camasir,226.8,3.04,342.7,0.5
2026-05-07 16:56:48,camasir,226.9,3.03,343.4,0.5
2026-05-07 16:56:49,camasir,226.9,3.03,343.4,0.5
2026-05-07 16:56:50,camasir,226.8,3.04,352.5,0.51
2026-05-07 16:56:51,camasir,226.9,0.92,172.9,0.83
2026-05-07 16:56:52,camasir,227.2,0.77,157.2,0.9
2026-05-07 16:56:53,camasir,227.0,0.74,148.1,0.89
2026-05-07 16:56:54,camasir,227.1,0.92,165.5,0.79
2026-05-07 16:56:55,camasir,227.1,0.92,165.5,0.79
2026-05-07 16:56:56,camasir,226.8,3.12,337.2,0.48
2026-05-07 16:56:57,camasir,227.0,3.02,341.1,0.5
2026-05-07 16:56:58,camasir,227.1,3.02,344.7,0.5
2026-05-07 16:56:59,camasir,226.8,3.01,344.9,0.5
2026-05-07 16:57:00,camasir,226.8,3.0,345.8,0.51
2026-05-07 16:57:01,camasir,226.8,3.0,345.8,0.51
2026-05-07 16:57:02,camasir,226.9,3.04,339.7,0.49
2026-05-07 16:57:03,camasir,227.0,3.0,333.8,0.49
2026-05-07 16:57:04,camasir,226.7,2.99,331.9,0.49
2026-05-07 16:57:06,camasir,226.7,2.97,339.0,0.5
2026-05-07 16:57:07,camasir,227.0,2.99,331.4,0.49
2026-05-07 16:57:08,camasir,227.0,2.99,331.4,0.49
2026-05-07 16:57:09,camasir,227.1,3.05,335.5,0.48
2026-05-07 16:57:10,camasir,227.0,2.96,329.7,0.49
2026-05-07 16:57:11,camasir,227.2,0.74,153.0,0.91
2026-05-07 16:57:12,camasir,227.1,0.72,145.7,0.89
2026-05-07 16:57:13,camasir,227.2,0.72,144.9,0.89
2026-05-07 16:57:14,camasir,227.2,0.72,144.9,0.89
2026-05-07 16:57:15,camasir,227.2,0.88,160.9,0.81
2026-05-07 16:57:16,camasir,227.0,2.94,321.7,0.48
2026-05-07 16:57:17,camasir,227.0,3.1,349.1,0.5
2026-05-07 16:57:18,camasir,227.1,2.97,348.3,0.52
2026-05-07 16:57:19,camasir,227.1,2.97,348.3,0.52
2026-05-07 16:57:20,camasir,227.0,2.99,340.7,0.5
2026-05-07 16:57:21,camasir,227.0,2.99,340.7,0.5
2026-05-07 16:57:22,camasir,226.8,3.07,350.8,0.5
2026-05-07 16:57:23,camasir,226.8,2.94,338.5,0.51
2026-05-07 16:57:24,camasir,226.6,2.99,339.2,0.5
2026-05-07 16:57:25,camasir,226.6,2.95,339.8,0.51
2026-05-07 16:57:26,camasir,226.5,3.04,346.3,0.5
2026-05-07 16:57:27,camasir,226.5,3.04,346.3,0.5
2026-05-07 16:57:28,camasir,226.6,3.01,350.0,0.51
2026-05-07 16:57:29,camasir,226.3,2.98,345.7,0.51
2026-05-07 16:57:30,camasir,226.4,3.07,352.2,0.51
2026-05-07 16:57:32,camasir,226.6,0.85,172.2,0.9
2026-05-07 16:57:33,camasir,226.6,0.85,172.2,0.9
2026-05-07 16:57:34,camasir,226.8,0.81,164.3,0.9
2026-05-07 16:57:35,camasir,226.9,0.8,163.0,0.89
2026-05-07 16:57:36,camasir,226.6,0.89,165.0,0.82
2026-05-07 16:57:37,camasir,226.2,3.03,343.7,0.5
2026-05-07 16:57:38,camasir,226.3,3.06,361.6,0.52
2026-05-07 16:57:39,camasir,226.3,3.06,361.6,0.52
2026-05-07 16:57:40,camasir,226.2,3.09,358.1,0.51
2026-05-07 16:57:41,camasir,226.1,2.98,344.4,0.51
2026-05-07 16:57:42,camasir,226.1,3.01,339.9,0.5
2026-05-07 16:57:43,camasir,226.3,3.03,341.2,0.5
2026-05-07 16:57:44,camasir,226.1,3.03,341.1,0.5
2026-05-07 16:57:45,camasir,226.1,3.03,341.1,0.5
2026-05-07 16:57:46,camasir,226.2,3.01,333.2,0.49
2026-05-07 16:57:47,camasir,226.0,2.98,335.3,0.5
2026-05-07 16:57:48,camasir,225.9,2.94,331.9,0.5
2026-05-07 16:57:49,camasir,225.8,3.02,340.4,0.5
2026-05-07 16:57:50,camasir,226.0,3.01,332.4,0.49
2026-05-07 16:57:51,camasir,226.0,3.01,332.4,0.49
2026-05-07 16:57:52,camasir,226.6,0.83,162.6,0.86
2026-05-07 16:57:53,camasir,226.8,0.72,145.1,0.89
2026-05-07 16:57:54,camasir,227.4,0.71,144.2,0.89
2026-05-07 16:57:55,camasir,227.4,0.83,153.0,0.81
2026-05-07 16:57:56,camasir,226.8,2.88,320.2,0.49
2026-05-07 16:57:58,camasir,226.8,2.88,320.2,0.49
2026-05-07 16:57:59,camasir,227.0,3.06,348.9,0.5
2026-05-07 16:58:00,camasir,227.1,2.96,339.2,0.5
2026-05-07 16:58:01,camasir,227.2,2.97,338.3,0.5
2026-05-07 16:58:02,camasir,227.0,2.99,344.0,0.51
2026-05-07 16:58:03,camasir,227.0,3.05,342.3,0.49
2026-05-07 16:58:04,camasir,227.0,3.05,342.3,0.49
2026-05-07 16:58:05,camasir,227.5,3.06,347.3,0.5
2026-05-07 16:58:06,camasir,227.2,3.04,347.0,0.5
2026-05-07 16:58:07,camasir,227.2,3.04,347.0,0.5
2026-05-07 16:58:08,camasir,226.8,2.98,337.1,0.5
2026-05-07 16:58:09,camasir,227.2,3.02,347.3,0.51
2026-05-07 16:58:10,camasir,227.2,3.02,347.3,0.51
2026-05-07 16:58:11,camasir,227.5,3.01,352.7,0.52
2026-05-07 16:58:12,camasir,227.9,0.83,160.4,0.84
2026-05-07 16:58:13,camasir,227.9,0.83,160.4,0.84
2026-05-07 16:58:14,camasir,227.9,0.73,146.3,0.88
2026-05-07 16:58:15,camasir,227.9,0.78,157.8,0.89
2026-05-07 16:58:16,camasir,228.2,0.86,159.6,0.82
2026-05-07 16:58:17,camasir,228.2,0.86,159.6,0.82
2026-05-07 16:58:18,camasir,228.1,2.92,322.5,0.48
2026-05-07 16:58:19,camasir,228.3,3.08,348.7,0.5
2026-05-07 16:58:21,camasir,228.0,3.11,370.2,0.52
2026-05-07 16:58:22,camasir,227.5,3.05,365.7,0.53
2026-05-07 16:58:23,camasir,227.5,3.05,365.7,0.53
2026-05-07 16:58:24,camasir,227.3,3.07,357.5,0.51
2026-05-07 16:58:25,camasir,227.4,3.02,349.2,0.51
2026-05-07 16:58:26,camasir,227.8,3.03,341.0,0.49
2026-05-07 16:58:27,camasir,227.4,2.98,338.1,0.5
2026-05-07 16:58:28,camasir,227.3,2.97,346.1,0.51
2026-05-07 16:58:29,camasir,227.3,2.97,346.1,0.51
2026-05-07 16:58:30,camasir,226.9,3.01,347.5,0.51
2026-05-07 16:58:31,camasir,227.0,3.03,359.5,0.52
2026-05-07 16:58:32,camasir,227.3,2.94,329.7,0.49
2026-05-07 16:58:33,camasir,227.3,0.89,173.1,0.85
2026-05-07 16:58:34,camasir,227.0,0.74,150.6,0.89
2026-05-07 16:58:35,camasir,227.0,0.74,150.6,0.89
2026-05-07 16:58:36,camasir,227.2,0.72,145.5,0.89
2026-05-07 16:58:37,camasir,227.6,0.81,152.9,0.83
2026-05-07 16:58:38,camasir,227.5,2.8,326.6,0.51
2026-05-07 16:58:39,camasir,227.5,3.11,373.1,0.53
2026-05-07 16:58:40,camasir,227.3,3.08,369.5,0.53
2026-05-07 16:58:41,camasir,227.5,3.01,344.4,0.5
2026-05-07 16:58:42,camasir,227.5,3.01,344.4,0.5
2026-05-07 16:58:43,camasir,227.9,3.11,359.6,0.51
2026-05-07 16:58:44,camasir,228.1,3.04,369.3,0.53
2026-05-07 16:58:45,camasir,227.9,3.03,349.2,0.51
2026-05-07 16:58:46,camasir,227.7,3.0,344.3,0.5
2026-05-07 16:58:48,camasir,227.6,2.95,341.0,0.51
2026-05-07 16:58:49,camasir,227.6,2.95,341.0,0.51
2026-05-07 16:58:50,camasir,227.5,3.05,344.9,0.5
2026-05-07 16:58:51,camasir,227.8,2.99,351.4,0.52
2026-05-07 16:58:52,camasir,227.6,3.0,346.5,0.51
2026-05-07 16:58:53,camasir,227.7,0.93,172.5,0.82
2026-05-07 16:58:54,camasir,227.6,0.76,154.9,0.89
2026-05-07 16:58:55,camasir,227.6,0.76,154.9,0.89
2026-05-07 16:58:56,camasir,227.9,0.72,146.0,0.89
2026-05-07 16:58:57,camasir,228.2,0.84,158.3,0.83
2026-05-07 16:58:58,camasir,227.9,2.84,316.9,0.49
2026-05-07 16:58:59,camasir,227.6,3.12,358.8,0.51
2026-05-07 16:59:00,camasir,227.6,3.12,358.8,0.51
2026-05-07 16:59:01,camasir,227.7,2.96,337.8,0.5
2026-05-07 16:59:02,camasir,227.9,3.11,360.0,0.51
2026-05-07 16:59:03,camasir,228.3,2.99,340.5,0.5
2026-05-07 16:59:04,camasir,228.3,2.99,340.5,0.5
2026-05-07 16:59:05,camasir,227.8,3.05,342.8,0.49
2026-05-07 16:59:06,camasir,227.8,3.05,342.8,0.49
2026-05-07 16:59:07,camasir,227.1,3.04,359.4,0.52
2026-05-07 16:59:08,camasir,227.5,2.98,340.4,0.5
2026-05-07 16:59:09,camasir,227.7,3.03,366.4,0.53
2026-05-07 16:59:10,camasir,227.6,3.02,362.6,0.53
2026-05-07 16:59:11,camasir,227.6,3.03,355.7,0.52
2026-05-07 16:59:12,camasir,227.7,3.03,345.9,0.5
2026-05-07 16:59:13,camasir,227.7,3.03,345.9,0.5
2026-05-07 16:59:14,camasir,228.5,0.98,181.6,0.81
2026-05-07 16:59:16,camasir,228.4,0.84,173.6,0.9
2026-05-07 16:59:17,camasir,228.5,0.8,164.2,0.9
2026-05-07 16:59:18,camasir,228.4,0.87,165.6,0.84
2026-05-07 16:59:19,camasir,227.9,2.77,311.8,0.49
2026-05-07 16:59:20,camasir,227.9,2.77,311.8,0.49
2026-05-07 16:59:21,camasir,227.8,3.07,356.1,0.51
2026-05-07 16:59:22,camasir,227.9,3.12,355.0,0.5
2026-05-07 16:59:23,camasir,228.0,2.98,341.2,0.5
2026-05-07 16:59:24,camasir,227.9,3.01,348.7,0.51
2026-05-07 16:59:25,camasir,227.9,3.01,339.0,0.49
2026-05-07 16:59:26,camasir,227.9,3.01,339.0,0.49
2026-05-07 16:59:27,camasir,227.9,2.99,341.1,0.5
2026-05-07 16:59:28,camasir,227.9,3.02,347.3,0.5
2026-05-07 16:59:29,camasir,227.8,3.04,353.3,0.51
2026-05-07 16:59:30,camasir,227.8,3.08,351.9,0.5
2026-05-07 16:59:31,camasir,227.7,3.13,357.9,0.5
2026-05-07 16:59:32,camasir,227.7,3.13,357.9,0.5
2026-05-07 16:59:33,camasir,227.6,3.07,353.3,0.51
2026-05-07 16:59:34,camasir,227.8,0.94,169.9,0.8
2026-05-07 16:59:35,camasir,227.8,0.75,152.1,0.89
2026-05-07 16:59:36,camasir,228.1,0.76,152.4,0.88
2026-05-07 16:59:37,camasir,227.9,0.85,163.1,0.84
2026-05-07 16:59:38,camasir,227.9,0.85,163.1,0.84
2026-05-07 16:59:39,camasir,227.6,2.88,322.8,0.49
2026-05-07 16:59:40,camasir,227.6,3.09,347.4,0.49
2026-05-07 16:59:42,camasir,227.9,3.04,347.8,0.5
2026-05-07 16:59:43,camasir,227.8,3.05,343.8,0.5
2026-05-07 16:59:44,camasir,227.8,3.05,343.8,0.5
2026-05-07 16:59:45,camasir,227.9,3.11,351.1,0.5
2026-05-07 16:59:46,camasir,228.0,3.02,336.5,0.49
2026-05-07 16:59:47,camasir,228.1,3.0,339.9,0.5
2026-05-07 16:59:48,camasir,228.1,3.0,339.9,0.5
2026-05-07 16:59:49,camasir,227.9,3.01,344.1,0.5
2026-05-07 16:59:50,camasir,228.0,3.0,339.2,0.5
2026-05-07 16:59:52,camasir,228.2,2.96,337.7,0.5
2026-05-07 16:59:53,camasir,228.1,3.02,334.6,0.49
2026-05-07 16:59:54,camasir,228.0,3.04,347.1,0.5
2026-05-07 16:59:55,camasir,228.4,0.97,170.9,0.77
2026-05-07 16:59:56,camasir,228.0,0.75,151.8,0.89
2026-05-07 16:59:57,camasir,228.0,0.75,151.8,0.89
2026-05-07 16:59:58,camasir,227.7,0.74,149.1,0.88
2026-05-07 16:59:59,camasir,227.6,0.79,152.7,0.85
2026-05-07 17:00:00,camasir,227.0,2.76,307.1,0.49
2026-05-07 17:00:01,camasir,226.9,3.13,348.9,0.49
2026-05-07 17:00:02,camasir,226.6,3.03,344.0,0.5
2026-05-07 17:00:03,camasir,226.6,3.03,344.0,0.5
2026-05-07 17:00:04,camasir,226.6,3.03,343.4,0.5
2026-05-07 17:00:05,camasir,226.8,3.04,346.2,0.5
2026-05-07 17:00:06,camasir,226.9,3.0,340.5,0.5
2026-05-07 17:00:07,camasir,226.6,2.95,337.8,0.5
2026-05-07 17:00:09,camasir,226.7,3.02,347.8,0.51
2026-05-07 17:00:10,camasir,226.7,3.02,347.8,0.51
2026-05-07 17:00:11,camasir,226.6,3.05,344.2,0.5
2026-05-07 17:00:12,camasir,226.4,3.05,346.7,0.5
2026-05-07 17:00:13,camasir,225.7,5.49,1084.6,0.87
2026-05-07 17:00:14,camasir,224.7,9.73,2125.6,0.97
2026-05-07 17:00:15,camasir,225.0,9.9,2162.7,0.97
2026-05-07 17:00:16,camasir,225.0,9.9,2162.7,0.97
2026-05-07 17:00:17,camasir,224.6,9.86,2154.8,0.97
2026-05-07 17:00:18,camasir,223.8,9.9,2153.5,0.97
2026-05-07 17:00:19,camasir,223.7,9.9,2149.2,0.97
2026-05-07 17:00:20,camasir,224.1,9.88,2152.6,0.97
2026-05-07 17:00:21,camasir,224.3,9.84,2142.0,0.97
2026-05-07 17:00:22,camasir,224.3,9.84,2142.0,0.97
2026-05-07 17:00:23,camasir,224.1,9.88,2149.8,0.97
2026-05-07 17:00:24,camasir,224.1,9.86,2145.0,0.97
2026-05-07 17:00:25,camasir,224.0,9.83,2140.4,0.97
2026-05-07 17:00:26,camasir,223.7,9.84,2138.2,0.97
2026-05-07 17:00:27,camasir,223.7,9.84,2138.2,0.97
2026-05-07 17:00:28,camasir,223.5,9.81,2127.9,0.97
2026-05-07 17:00:29,camasir,224.1,8.97,2002.5,1.0
2026-05-07 17:00:30,camasir,224.2,8.77,1965.3,1.0
2026-05-07 17:00:31,camasir,223.7,8.81,1968.9,1.0
2026-05-07 17:00:32,camasir,223.6,8.79,1963.3,1.0
2026-05-07 17:00:33,camasir,223.6,8.79,1963.3,1.0
2026-05-07 17:00:35,camasir,223.8,9.65,2099.6,0.97
2026-05-07 17:00:36,camasir,223.8,9.93,2152.6,0.97
2026-05-07 17:00:37,camasir,223.9,9.83,2138.2,0.97
2026-05-07 17:00:38,camasir,224.2,9.84,2144.0,0.97
2026-05-07 17:00:39,camasir,224.2,9.84,2144.0,0.97
2026-05-07 17:00:40,camasir,224.4,9.89,2153.5,0.97
2026-05-07 17:00:41,camasir,224.4,9.89,2153.5,0.97
2026-05-07 17:00:42,camasir,224.1,9.88,2149.8,0.97
2026-05-07 17:00:43,camasir,224.1,9.83,2140.6,0.97
2026-05-07 17:00:44,camasir,224.2,9.85,2147.7,0.97
2026-05-07 17:00:45,camasir,224.1,9.85,2142.9,0.97
2026-05-07 17:00:46,camasir,224.1,9.83,2141.6,0.97
2026-05-07 17:00:47,camasir,224.1,9.83,2141.6,0.97
2026-05-07 17:00:48,camasir,224.0,9.88,2148.8,0.97
2026-05-07 17:00:49,camasir,224.5,9.88,2151.7,0.97
2026-05-07 17:00:50,camasir,224.9,8.97,2011.3,1.0
2026-05-07 17:00:51,camasir,224.6,8.79,1973.6,1.0
2026-05-07 17:00:52,camasir,224.4,8.81,1974.1,1.0
2026-05-07 17:00:53,camasir,224.4,8.81,1974.1,1.0
2026-05-07 17:00:54,camasir,225.0,8.84,1985.2,1.0
2026-05-07 17:00:55,camasir,224.8,9.7,2117.7,0.97
2026-05-07 17:00:56,camasir,224.6,9.95,2165.0,0.97
2026-05-07 17:00:57,camasir,224.7,9.92,2159.7,0.97
2026-05-07 17:00:58,camasir,224.9,9.88,2157.6,0.97
2026-05-07 17:00:59,camasir,224.9,9.88,2157.6,0.97
2026-05-07 17:01:00,camasir,224.8,9.89,2156.4,0.97
2026-05-07 17:01:01,camasir,224.9,9.88,2158.0,0.97
2026-05-07 17:01:02,camasir,224.8,9.88,2152.0,0.97
2026-05-07 17:01:03,camasir,224.8,9.85,2152.2,0.97
2026-05-07 17:01:05,camasir,224.7,9.91,2158.8,0.97
2026-05-07 17:01:06,camasir,224.7,9.91,2158.8,0.97
2026-05-07 17:01:07,camasir,224.5,9.81,2140.7,0.97
2026-05-07 17:01:08,camasir,224.6,9.87,2152.8,0.97
2026-05-07 17:01:09,camasir,224.4,9.83,2146.8,0.97
2026-05-07 17:01:13,camasir,224.5,8.81,1977.5,1.0
2026-05-07 17:01:14,camasir,224.4,8.84,1980.8,1.0
2026-05-07 17:01:15,camasir,224.5,9.67,2110.0,0.97
2026-05-07 17:01:16,camasir,224.5,9.67,2110.0,0.97
2026-05-07 17:01:17,camasir,224.4,9.98,2168.0,0.97
2026-05-07 17:01:18,camasir,224.4,9.98,2168.0,0.97
2026-05-07 17:01:20,camasir,223.9,9.87,2145.8,0.97
2026-05-07 17:01:21,camasir,224.3,9.88,2151.6,0.97
2026-05-07 17:01:22,camasir,224.5,9.94,2165.2,0.97
2026-05-07 17:01:23,camasir,224.7,9.89,2157.5,0.97
2026-05-07 17:01:24,camasir,224.7,9.89,2157.5,0.97
2026-05-07 17:01:25,camasir,224.5,9.88,2154.9,0.97
2026-05-07 17:01:26,camasir,224.6,9.89,2157.6,0.97
2026-05-07 17:01:27,camasir,224.9,9.87,2156.2,0.97
2026-05-07 17:01:28,camasir,225.0,9.89,2162.1,0.97
2026-05-07 17:01:29,camasir,224.9,9.85,2152.2,0.97
2026-05-07 17:01:30,camasir,224.9,9.85,2152.2,0.97
2026-05-07 17:01:32,camasir,225.0,9.0,2018.8,1.0
2026-05-07 17:01:34,camasir,224.6,8.78,1971.7,1.0
2026-05-07 17:01:36,camasir,224.9,9.71,2117.7,0.97
2026-05-07 17:01:40,camasir,224.4,9.91,2163.2,0.97
2026-05-07 17:01:41,camasir,224.2,9.87,2147.5,0.97
2026-05-07 17:01:42,camasir,224.0,9.81,2133.7,0.97
2026-05-07 17:01:43,camasir,224.0,9.81,2133.7,0.97
2026-05-07 17:01:44,camasir,223.9,9.8,2131.7,0.97
2026-05-07 17:01:45,camasir,224.1,9.85,2140.5,0.97
2026-05-07 17:01:46,camasir,224.5,9.82,2143.3,0.97
2026-05-07 17:01:47,camasir,224.5,9.79,2137.0,0.97
2026-05-07 17:01:48,camasir,224.2,9.86,2147.4,0.97
2026-05-07 17:01:49,camasir,224.2,9.86,2147.4,0.97
2026-05-07 17:01:50,camasir,224.3,9.89,2151.6,0.97
2026-05-07 17:01:51,camasir,224.5,8.99,2011.0,1.0
2026-05-07 17:01:52,camasir,224.6,8.82,1980.3,1.0
2026-05-07 17:01:53,camasir,224.7,8.8,1974.8,1.0
2026-05-07 17:01:54,camasir,224.8,8.85,1985.6,1.0
2026-05-07 17:01:56,camasir,224.8,8.85,1985.6,1.0
2026-05-07 17:01:57,camasir,224.6,9.62,2103.1,0.97
2026-05-07 17:01:58,camasir,224.7,9.94,2165.5,0.97
2026-05-07 17:01:59,camasir,224.4,9.87,2150.7,0.97
2026-05-07 17:02:00,camasir,224.8,9.83,2148.5,0.97
2026-05-07 17:02:01,camasir,224.8,9.83,2148.5,0.97
2026-05-07 17:02:02,camasir,224.9,9.88,2158.2,0.97
2026-05-07 17:02:03,camasir,225.1,9.86,2155.3,0.97
2026-05-07 17:02:04,camasir,225.3,9.95,2172.4,0.97
2026-05-07 17:02:05,camasir,225.1,9.86,2156.1,0.97
2026-05-07 17:02:07,camasir,224.9,9.92,2165.0,0.97
2026-05-07 17:02:09,camasir,224.9,9.86,2155.3,0.97
2026-05-07 17:02:10,camasir,224.6,9.86,2151.3,0.97
2026-05-07 17:02:11,camasir,224.8,9.89,2160.7,0.97
2026-05-07 17:02:12,camasir,225.4,8.99,2019.7,1.0
2026-05-07 17:02:13,camasir,225.1,8.84,1987.1,1.0
2026-05-07 17:02:14,camasir,225.1,8.84,1987.1,1.0
2026-05-07 17:02:15,camasir,225.2,8.82,1985.3,1.0
2026-05-07 17:02:16,camasir,225.1,8.86,1992.2,1.0
2026-05-07 17:02:17,camasir,224.7,9.64,2105.0,0.97
2026-05-07 17:02:18,camasir,224.7,9.93,2163.5,0.97
2026-05-07 17:02:19,camasir,224.8,9.91,2160.9,0.97
2026-05-07 17:02:20,camasir,224.8,9.91,2160.9,0.97
2026-05-07 17:02:21,camasir,225.1,9.89,2160.3,0.97
2026-05-07 17:02:22,camasir,225.3,9.93,2168.2,0.97
2026-05-07 17:02:24,camasir,225.1,9.86,2155.5,0.97
2026-05-07 17:02:26,camasir,225.0,9.86,2151.9,0.97
2026-05-07 17:02:27,camasir,225.0,9.86,2151.9,0.97
2026-05-07 17:02:28,camasir,224.6,9.86,2150.6,0.97
2026-05-07 17:02:29,camasir,225.0,9.93,2169.1,0.97
2026-05-07 17:02:30,camasir,225.1,9.81,2148.3,0.97
2026-05-07 17:02:31,camasir,224.2,9.84,2144.2,0.97
2026-05-07 17:02:32,camasir,224.9,9.01,2016.9,1.0
2026-05-07 17:02:33,camasir,224.9,9.01,2016.9,1.0
2026-05-07 17:02:34,camasir,225.2,8.85,1990.8,1.0
2026-05-07 17:02:35,camasir,225.3,8.83,1987.2,1.0
2026-05-07 17:02:36,camasir,224.9,8.86,1991.4,1.0
2026-05-07 17:02:37,camasir,224.3,9.68,2106.0,0.97
2026-05-07 17:02:38,camasir,224.4,9.91,2155.1,0.97
2026-05-07 17:02:39,camasir,224.4,9.91,2155.1,0.97
2026-05-07 17:02:40,camasir,225.2,9.97,2178.4,0.97
2026-05-07 17:02:41,camasir,225.2,9.91,2166.5,0.97
2026-05-07 17:02:42,camasir,224.9,9.9,2161.3,0.97
2026-05-07 17:02:43,camasir,224.9,9.84,2150.3,0.97
2026-05-07 17:02:44,camasir,224.9,9.84,2150.3,0.97
2026-05-07 17:02:45,camasir,225.1,9.88,2162.5,0.97
2026-05-07 17:02:46,camasir,225.2,9.91,2167.3,0.97
2026-05-07 17:02:47,camasir,225.1,9.88,2161.5,0.97
2026-05-07 17:02:48,camasir,224.9,9.9,2163.0,0.97
2026-05-07 17:02:49,camasir,224.6,9.84,2145.7,0.97
2026-05-07 17:02:50,camasir,224.6,9.84,2145.7,0.97
2026-05-07 17:02:51,camasir,224.8,9.89,2160.0,0.97
2026-05-07 17:02:53,camasir,224.8,9.89,2160.0,0.97
2026-05-07 17:02:54,camasir,225.4,9.01,2023.3,1.0
2026-05-07 17:02:55,camasir,225.3,8.86,1995.0,1.0
2026-05-07 17:02:56,camasir,225.2,8.85,1992.3,1.0
2026-05-07 17:02:57,camasir,225.2,8.84,1988.7,1.0
2026-05-07 17:02:58,camasir,225.2,8.84,1988.7,1.0
2026-05-07 17:02:59,camasir,224.7,9.6,2101.5,0.97
2026-05-07 17:03:00,camasir,224.4,9.94,2158.2,0.97
2026-05-07 17:03:01,camasir,224.4,9.89,2152.0,0.97
2026-05-07 17:03:02,camasir,224.6,9.84,2147.9,0.97
2026-05-07 17:03:03,camasir,225.0,9.86,2157.0,0.97
2026-05-07 17:03:04,camasir,225.0,9.86,2157.0,0.97
2026-05-07 17:03:05,camasir,224.6,9.88,2154.6,0.97
2026-05-07 17:03:06,camasir,224.5,9.97,2166.7,0.97
2026-05-07 17:03:07,camasir,224.7,10.11,2193.1,0.97
2026-05-07 17:03:08,camasir,224.9,10.05,2183.3,0.97
2026-05-07 17:03:09,camasir,224.6,10.08,2187.4,0.97
2026-05-07 17:03:10,camasir,224.6,10.08,2187.4,0.97
2026-05-07 17:03:11,camasir,223.9,10.1,2179.5,0.96
2026-05-07 17:03:12,camasir,224.1,10.12,2188.8,0.96
2026-05-07 17:03:13,camasir,224.3,9.2,2053.2,1.0
2026-05-07 17:03:15,camasir,224.3,8.96,2010.7,1.0
2026-05-07 17:03:16,camasir,224.3,8.99,2016.5,1.0
2026-05-07 17:03:17,camasir,224.3,8.99,2016.5,1.0
2026-05-07 17:03:18,camasir,224.4,8.99,2015.5,1.0
2026-05-07 17:03:19,camasir,224.3,9.81,2136.5,0.97
2026-05-07 17:03:20,camasir,224.1,10.16,2191.0,0.96
2026-05-07 17:03:21,camasir,224.3,10.14,2193.2,0.96
2026-05-07 17:03:22,camasir,224.4,10.12,2192.5,0.97
2026-05-07 17:03:23,camasir,224.4,10.12,2192.5,0.97
2026-05-07 17:03:24,camasir,223.9,10.06,2177.8,0.97
2026-05-07 17:03:25,camasir,223.9,10.11,2185.4,0.97
2026-05-07 17:03:26,camasir,224.6,10.12,2193.0,0.96
2026-05-07 17:03:27,camasir,224.6,10.15,2199.2,0.97
2026-05-07 17:03:28,camasir,224.1,10.14,2189.5,0.96
2026-05-07 17:03:29,camasir,224.1,10.14,2189.5,0.96
2026-05-07 17:03:30,camasir,223.8,10.1,2182.1,0.97
2026-05-07 17:03:31,camasir,224.2,10.11,2185.3,0.96
2026-05-07 17:03:32,camasir,224.1,10.16,2194.1,0.96
2026-05-07 17:03:33,camasir,224.2,9.16,2045.9,1.0
2026-05-07 17:03:34,camasir,224.2,9.16,2045.9,1.0
2026-05-07 17:03:35,camasir,224.2,8.96,2009.2,1.0
2026-05-07 17:03:36,camasir,224.3,8.99,2016.3,1.0
2026-05-07 17:03:37,camasir,224.4,8.99,2014.5,1.0
2026-05-07 17:03:38,camasir,224.2,9.96,2152.8,0.96
2026-05-07 17:03:39,camasir,224.3,10.12,2187.7,0.96
2026-05-07 17:03:40,camasir,224.3,10.12,2187.7,0.96
2026-05-07 17:03:42,camasir,224.3,10.09,2185.7,0.97
2026-05-07 17:03:43,camasir,224.0,10.07,2180.0,0.97
2026-05-07 17:03:44,camasir,224.0,10.1,2179.4,0.96
2026-05-07 17:03:45,camasir,224.2,10.06,2179.5,0.97
2026-05-07 17:03:46,camasir,224.6,10.05,2180.9,0.97
2026-05-07 17:03:47,camasir,224.6,10.05,2180.9,0.97
2026-05-07 17:03:48,camasir,224.1,10.11,2187.2,0.97
2026-05-07 17:03:50,camasir,224.1,10.1,2181.2,0.96
2026-05-07 17:03:51,camasir,224.4,10.11,2189.9,0.96
2026-05-07 17:03:52,camasir,224.6,10.1,2191.9,0.97
2026-05-07 17:03:53,camasir,224.8,10.07,2186.5,0.97
2026-05-07 17:03:54,camasir,224.8,10.07,2186.5,0.97
2026-05-07 17:03:55,camasir,225.1,9.11,2048.3,1.0
2026-05-07 17:03:56,camasir,225.2,8.99,2024.1,1.0
2026-05-07 17:03:57,camasir,225.1,9.02,2029.6,1.0
2026-05-07 17:03:58,camasir,224.8,9.01,2021.5,1.0
2026-05-07 17:03:59,camasir,224.5,9.86,2145.4,0.97
2026-05-07 17:04:00,camasir,224.5,9.86,2145.4,0.97
2026-05-07 17:04:01,camasir,224.7,10.15,2199.8,0.96
2026-05-07 17:04:02,camasir,223.9,10.1,2180.6,0.96
2026-05-07 17:04:03,camasir,223.7,10.08,2177.8,0.97
2026-05-07 17:04:04,camasir,224.3,10.08,2182.2,0.96
2026-05-07 17:04:05,camasir,224.2,10.11,2186.9,0.97
2026-05-07 17:04:06,camasir,224.2,10.11,2186.9,0.97
2026-05-07 17:04:08,camasir,224.2,10.1,2184.1,0.96
2026-05-07 17:04:09,camasir,223.9,10.07,2181.8,0.97
2026-05-07 17:04:10,camasir,223.9,10.04,2174.1,0.97
2026-05-07 17:04:11,camasir,224.1,10.05,2175.3,0.97
2026-05-07 17:04:12,camasir,224.0,10.15,2191.6,0.96
2026-05-07 17:04:13,camasir,224.0,10.15,2191.6,0.96
2026-05-07 17:04:14,camasir,224.0,10.12,2184.8,0.96
2026-05-07 17:04:15,camasir,224.4,9.12,2041.2,1.0
2026-05-07 17:04:16,camasir,225.0,8.99,2021.8,1.0
2026-05-07 17:04:17,camasir,224.8,9.01,2024.9,1.0
2026-05-07 17:04:18,camasir,224.8,9.01,2024.9,1.0
2026-05-07 17:04:19,camasir,224.6,9.01,2024.3,1.0
2026-05-07 17:04:21,camasir,224.1,10.2,2197.4,0.96
2026-05-07 17:04:22,camasir,224.2,10.05,2177.7,0.97
2026-05-07 17:04:23,camasir,224.1,10.14,2188.0,0.96
2026-05-07 17:04:24,camasir,224.1,10.14,2188.0,0.96
2026-05-07 17:04:25,camasir,224.0,10.07,2177.2,0.97
2026-05-07 17:04:26,camasir,223.7,10.07,2174.8,0.97
2026-05-07 17:04:27,camasir,223.9,10.07,2176.5,0.97
2026-05-07 17:04:28,camasir,224.4,10.05,2178.8,0.97
2026-05-07 17:04:29,camasir,224.7,10.12,2193.9,0.96
2026-05-07 17:04:30,camasir,224.7,10.12,2193.9,0.96
2026-05-07 17:04:31,camasir,225.9,6.41,1372.1,0.95
2026-05-07 17:04:32,camasir,227.3,0.96,203.8,0.93
2026-05-07 17:04:33,camasir,226.8,3.08,352.7,0.5
2026-05-07 17:04:35,camasir,226.9,2.95,359.1,0.54
2026-05-07 17:04:36,camasir,226.8,3.58,403.4,0.5
2026-05-07 17:04:37,camasir,226.8,3.58,403.4,0.5
2026-05-07 17:04:38,camasir,226.8,3.58,403.4,0.5
2026-05-07 17:04:39,camasir,227.0,3.21,377.4,0.52
2026-05-07 17:04:40,camasir,227.2,3.28,384.6,0.52
2026-05-07 17:04:42,camasir,227.5,2.78,334.4,0.53
2026-05-07 17:04:43,camasir,227.6,2.87,346.4,0.53
2026-05-07 17:04:44,camasir,227.6,2.87,346.4,0.53
2026-05-07 17:04:45,camasir,227.4,2.48,320.8,0.57
2026-05-07 17:04:46,camasir,227.2,2.54,315.1,0.55
2026-05-07 17:04:47,camasir,227.2,2.34,303.3,0.57
2026-05-07 17:04:48,camasir,227.4,2.54,318.2,0.55
2026-05-07 17:04:49,camasir,227.5,2.28,301.0,0.58
2026-05-07 17:04:50,camasir,227.5,2.28,301.0,0.58
2026-05-07 17:04:51,camasir,227.5,2.23,294.6,0.58
2026-05-07 17:04:52,camasir,227.7,2.19,291.8,0.59
2026-05-07 17:04:53,camasir,227.8,1.55,256.5,0.73
2026-05-07 17:04:54,camasir,228.0,1.03,224.9,0.96
2026-05-07 17:04:55,camasir,228.1,0.95,207.9,0.96
2026-05-07 17:04:56,camasir,228.1,0.95,207.9,0.96
2026-05-07 17:04:57,camasir,228.1,0.94,205.2,0.95
2026-05-07 17:04:58,camasir,227.7,0.93,201.1,0.95
2026-05-07 17:04:59,camasir,228.2,0.94,204.2,0.95
2026-05-07 17:05:01,camasir,228.4,0.93,200.8,0.95
2026-05-07 17:05:02,camasir,228.4,0.93,200.8,0.95
2026-05-07 17:05:03,camasir,228.3,0.95,206.2,0.95
2026-05-07 17:05:04,camasir,228.1,0.96,207.2,0.95
2026-05-07 17:05:05,camasir,227.8,0.94,205.1,0.96
2026-05-07 17:05:06,camasir,227.7,0.96,208.1,0.95
2026-05-07 17:05:07,camasir,227.7,0.96,207.6,0.95
2026-05-07 17:05:08,camasir,227.7,0.96,207.6,0.95
2026-05-07 17:05:09,camasir,227.5,0.96,209.2,0.95
2026-05-07 17:05:10,camasir,227.6,0.94,202.6,0.95
2026-05-07 17:05:11,camasir,227.5,0.96,207.4,0.95
2026-05-07 17:05:12,camasir,227.4,0.93,202.1,0.95
2026-05-07 17:05:13,camasir,227.3,0.99,210.8,0.94
2026-05-07 17:05:14,camasir,227.3,0.99,210.8,0.94
2026-05-07 17:05:15,camasir,227.5,2.34,286.6,0.54
2026-05-07 17:05:16,camasir,227.3,2.1,280.6,0.59
2026-05-07 17:05:17,camasir,227.5,1.82,260.3,0.63
2026-05-07 17:05:18,camasir,227.5,2.11,277.7,0.58
2026-05-07 17:05:19,camasir,227.3,1.99,272.5,0.6
2026-05-07 17:05:20,camasir,227.3,1.99,272.5,0.6
2026-05-07 17:05:22,camasir,227.1,1.86,260.1,0.61
2026-05-07 17:05:23,camasir,226.8,2.2,286.2,0.57
2026-05-07 17:05:24,camasir,226.7,1.97,272.0,0.61
2026-05-07 17:05:25,camasir,226.8,1.97,264.5,0.59
2026-05-07 17:05:26,camasir,226.9,1.85,264.1,0.63
2026-05-07 17:05:27,camasir,226.9,1.85,264.1,0.63
2026-05-07 17:05:28,camasir,226.8,0.85,186.5,0.97
2026-05-07 17:05:29,camasir,226.7,0.9,197.9,0.97
2026-05-07 17:05:30,camasir,226.9,0.88,195.0,0.97
2026-05-07 17:05:31,camasir,226.9,0.91,200.7,0.97
2026-05-07 17:05:32,camasir,227.2,0.9,197.1,0.97
2026-05-07 17:05:33,camasir,227.2,0.9,197.1,0.97
2026-05-07 17:05:34,camasir,227.4,0.9,198.7,0.98
2026-05-07 17:05:35,camasir,227.4,0.91,200.5,0.97
2026-05-07 17:05:36,camasir,227.4,0.91,200.5,0.97
2026-05-07 17:05:37,camasir,227.5,0.88,193.6,0.97
2026-05-07 17:05:38,camasir,227.5,0.91,200.1,0.97
2026-05-07 17:05:39,camasir,227.5,0.89,197.5,0.97
2026-05-07 17:05:40,camasir,227.5,0.94,207.1,0.97
2026-05-07 17:05:41,camasir,227.5,0.94,207.1,0.97
2026-05-07 17:05:42,camasir,227.3,0.91,199.1,0.96
2026-05-07 17:05:43,camasir,227.5,0.89,197.9,0.98
2026-05-07 17:05:44,camasir,227.1,0.92,202.8,0.97
2026-05-07 17:05:45,camasir,226.5,0.88,193.0,0.97
2026-05-07 17:05:47,camasir,226.5,0.88,193.0,0.97
2026-05-07 17:05:48,camasir,227.0,0.94,207.9,0.97
2026-05-07 17:05:49,camasir,227.1,0.89,196.1,0.97
2026-05-07 17:05:50,camasir,227.1,0.92,203.4,0.97
2026-05-07 17:05:51,camasir,226.5,0.89,193.4,0.96
2026-05-07 17:05:52,camasir,226.5,0.89,193.4,0.96
2026-05-07 17:05:53,camasir,227.2,0.93,205.7,0.98
2026-05-07 17:05:54,camasir,227.6,0.9,199.8,0.97
2026-05-07 17:05:55,camasir,227.3,0.86,189.3,0.97
2026-05-07 17:05:56,camasir,226.9,1.98,258.3,0.57
2026-05-07 17:05:57,camasir,227.1,3.1,365.3,0.52
2026-05-07 17:05:58,camasir,227.1,3.1,365.3,0.52
2026-05-07 17:05:59,camasir,227.8,2.43,310.3,0.56
2026-05-07 17:06:00,camasir,227.6,2.59,314.8,0.53
2026-05-07 17:06:01,camasir,227.2,2.66,330.7,0.55
2026-05-07 17:06:02,camasir,227.3,2.54,312.8,0.54
2026-05-07 17:06:03,camasir,227.3,2.95,347.6,0.52
2026-05-07 17:06:04,camasir,227.3,2.95,347.6,0.52
2026-05-07 17:06:05,camasir,227.5,2.79,339.4,0.53
2026-05-07 17:06:06,camasir,227.5,2.99,348.4,0.51
2026-05-07 17:06:07,camasir,227.4,2.94,353.1,0.53
2026-05-07 17:06:09,camasir,226.7,3.08,356.5,0.51
2026-05-07 17:06:10,camasir,226.8,2.96,354.6,0.53
2026-05-07 17:06:11,camasir,226.8,2.96,354.6,0.53
2026-05-07 17:06:12,camasir,227.0,2.31,308.0,0.59
2026-05-07 17:06:13,camasir,227.8,0.88,195.0,0.97
2026-05-07 17:06:14,camasir,227.6,0.91,200.5,0.97
2026-05-07 17:06:15,camasir,227.3,0.89,197.4,0.97
2026-05-07 17:06:16,camasir,227.4,1.14,205.2,0.79
2026-05-07 17:06:17,camasir,227.4,1.14,205.2,0.79
2026-05-07 17:06:18,camasir,227.0,3.29,359.5,0.48
2026-05-07 17:06:19,camasir,226.8,3.45,395.3,0.51
2026-05-07 17:06:20,camasir,227.0,3.48,403.4,0.51
2026-05-07 17:06:21,camasir,227.1,3.44,401.0,0.51
2026-05-07 17:06:22,camasir,227.2,3.43,383.0,0.49
2026-05-07 17:06:23,camasir,227.2,3.43,383.0,0.49
2026-05-07 17:06:24,camasir,226.8,3.55,395.6,0.49
2026-05-07 17:06:25,camasir,226.7,3.47,388.8,0.49
2026-05-07 17:06:26,camasir,226.7,3.49,386.3,0.49
2026-05-07 17:06:27,camasir,226.6,3.53,391.9,0.49
2026-05-07 17:06:28,camasir,226.3,3.5,386.5,0.49
2026-05-07 17:06:29,camasir,226.3,3.5,386.5,0.49
2026-05-07 17:06:30,camasir,226.4,3.55,394.4,0.49
2026-05-07 17:06:31,camasir,226.9,3.38,388.4,0.51
2026-05-07 17:06:33,camasir,227.2,0.86,188.0,0.97
2026-05-07 17:06:35,camasir,227.0,0.88,191.7,0.97
2026-05-07 17:06:36,camasir,226.4,0.86,189.9,0.97
2026-05-07 17:06:37,camasir,226.4,0.86,189.9,0.97
2026-05-07 17:06:38,camasir,225.8,1.11,192.7,0.77
2026-05-07 17:06:39,camasir,226.2,3.59,377.2,0.46
2026-05-07 17:06:40,camasir,226.4,3.57,392.1,0.49
2026-05-07 17:06:41,camasir,226.3,3.49,381.5,0.48
2026-05-07 17:06:42,camasir,226.3,3.49,381.5,0.48
2026-05-07 17:06:43,camasir,226.1,3.59,386.4,0.48
2026-05-07 17:06:44,camasir,226.7,3.57,389.0,0.48
2026-05-07 17:06:45,camasir,227.3,3.6,394.4,0.48
2026-05-07 17:06:46,camasir,226.9,3.38,367.6,0.48
2026-05-07 17:06:47,camasir,226.7,3.35,361.3,0.48
2026-05-07 17:06:48,camasir,226.7,3.35,361.3,0.48
2026-05-07 17:06:50,camasir,226.6,3.33,357.8,0.47
2026-05-07 17:06:51,camasir,227.0,3.36,366.6,0.48
2026-05-07 17:06:52,camasir,227.4,3.11,344.2,0.49
2026-05-07 17:06:53,camasir,227.8,0.73,150.1,0.9
2026-05-07 17:06:55,camasir,227.4,0.77,158.1,0.9
2026-05-07 17:06:56,camasir,227.3,0.77,158.1,0.9
2026-05-07 17:06:57,camasir,227.9,0.91,162.1,0.78
2026-05-07 17:06:58,camasir,227.5,3.16,335.5,0.47
2026-05-07 17:07:00,camasir,227.2,3.46,391.1,0.5
2026-05-07 17:07:01,camasir,227.2,3.46,391.1,0.5
2026-05-07 17:07:02,camasir,226.9,3.46,397.1,0.51
2026-05-07 17:07:03,camasir,227.0,3.45,394.7,0.5
2026-05-07 17:07:04,camasir,227.1,3.37,364.9,0.48
2026-05-07 17:07:05,camasir,227.1,3.48,378.2,0.48
2026-05-07 17:07:06,camasir,227.2,3.42,371.1,0.48
2026-05-07 17:07:07,camasir,227.2,3.42,371.1,0.48
2026-05-07 17:07:08,camasir,227.2,3.36,364.6,0.48
2026-05-07 17:07:09,camasir,227.2,3.5,380.7,0.48
2026-05-07 17:07:10,camasir,227.3,3.48,379.0,0.48
2026-05-07 17:07:11,camasir,227.0,3.47,384.6,0.49
2026-05-07 17:07:12,camasir,227.0,3.24,368.7,0.5
2026-05-07 17:07:13,camasir,227.0,3.24,368.7,0.5
2026-05-07 17:07:14,camasir,227.0,0.74,152.0,0.9
2026-05-07 17:07:15,camasir,227.0,0.77,157.3,0.89
2026-05-07 17:07:17,camasir,227.6,0.94,163.3,0.76
2026-05-07 17:07:18,camasir,227.6,0.94,163.3,0.76
2026-05-07 17:07:20,camasir,227.4,3.27,344.2,0.46
2026-05-07 17:07:21,camasir,227.3,3.48,377.1,0.48
2026-05-07 17:07:22,camasir,227.1,3.49,373.1,0.47
2026-05-07 17:07:23,camasir,227.1,3.46,367.2,0.47
2026-05-07 17:07:24,camasir,227.1,3.49,369.7,0.47
2026-05-07 17:07:25,camasir,227.1,3.49,369.7,0.47
2026-05-07 17:07:26,camasir,227.2,3.56,378.7,0.47
2026-05-07 17:07:27,camasir,227.2,3.51,366.4,0.46
2026-05-07 17:07:28,camasir,227.1,3.46,359.8,0.46
2026-05-07 17:07:29,camasir,227.3,3.47,361.8,0.46
2026-05-07 17:07:30,camasir,227.2,3.46,361.6,0.46
2026-05-07 17:07:31,camasir,227.2,3.46,361.6,0.46
2026-05-07 17:07:32,camasir,227.4,3.47,365.1,0.46
2026-05-07 17:07:33,camasir,227.4,3.29,354.1,0.47
2026-05-07 17:07:34,camasir,227.8,0.73,146.7,0.88
2026-05-07 17:07:35,camasir,227.9,0.76,152.0,0.88
2026-05-07 17:07:36,camasir,228.0,0.75,151.2,0.88
2026-05-07 17:07:37,camasir,228.0,0.75,151.2,0.88
2026-05-07 17:07:38,camasir,228.0,0.75,151.2,0.88
2026-05-07 17:07:39,camasir,228.3,0.88,156.9,0.78
2026-05-07 17:07:40,camasir,228.1,3.27,337.7,0.45
2026-05-07 17:07:42,camasir,228.0,3.41,366.1,0.47
2026-05-07 17:07:43,camasir,228.2,3.51,381.8,0.48
2026-05-07 17:07:44,camasir,228.0,3.44,366.8,0.47
2026-05-07 17:07:46,camasir,228.1,3.42,367.8,0.47
2026-05-07 17:07:47,camasir,227.9,3.55,376.5,0.47
2026-05-07 17:07:49,camasir,228.1,3.47,368.3,0.47
2026-05-07 17:07:51,camasir,228.2,3.48,385.5,0.49
2026-05-07 17:07:52,camasir,228.2,3.48,385.5,0.49
2026-05-07 17:07:53,camasir,228.4,3.46,371.2,0.47
2026-05-07 17:07:54,camasir,227.8,3.33,367.7,0.48
2026-05-07 17:07:55,camasir,228.3,0.71,142.5,0.88
2026-05-07 17:07:56,camasir,228.6,0.72,145.9,0.89
2026-05-07 17:07:57,camasir,228.6,0.72,145.9,0.89
2026-05-07 17:07:58,camasir,229.0,0.71,144.0,0.88
2026-05-07 17:07:59,camasir,228.8,0.91,168.1,0.81
2026-05-07 17:08:01,camasir,228.3,3.59,383.0,0.47
2026-05-07 17:08:02,camasir,228.3,3.45,364.7,0.46
2026-05-07 17:08:03,camasir,228.3,3.45,364.7,0.46
2026-05-07 17:08:04,camasir,228.4,3.49,366.2,0.46
2026-05-07 17:08:05,camasir,228.2,3.52,368.9,0.46
2026-05-07 17:08:06,camasir,228.1,3.44,364.4,0.46
2026-05-07 17:08:07,camasir,228.1,3.49,364.6,0.46
2026-05-07 17:08:08,camasir,228.1,3.49,364.6,0.46
2026-05-07 17:08:10,camasir,228.2,3.49,364.1,0.46
2026-05-07 17:08:11,camasir,228.4,3.54,367.7,0.46
2026-05-07 17:08:12,camasir,228.8,3.37,367.0,0.48
2026-05-07 17:08:13,camasir,228.8,3.37,355.1,0.46
2026-05-07 17:08:14,camasir,228.7,3.45,360.4,0.46
2026-05-07 17:08:15,camasir,228.7,3.45,360.4,0.46
2026-05-07 17:08:16,camasir,228.4,0.81,155.7,0.84
2026-05-07 17:08:17,camasir,228.9,0.72,145.3,0.89
2026-05-07 17:08:18,camasir,229.2,0.73,147.7,0.89
2026-05-07 17:08:19,camasir,228.5,0.81,150.2,0.81
2026-05-07 17:08:21,camasir,228.2,3.62,381.8,0.46
2026-05-07 17:08:22,camasir,228.2,3.62,381.8,0.46
2026-05-07 17:08:23,camasir,228.0,3.49,370.1,0.46
2026-05-07 17:08:24,camasir,228.0,3.56,410.2,0.5
2026-05-07 17:08:25,camasir,228.2,3.56,412.1,0.51
2026-05-07 17:08:26,camasir,228.2,3.56,412.1,0.51
2026-05-07 17:08:27,camasir,228.3,3.53,412.0,0.51
2026-05-07 17:08:28,camasir,227.5,3.51,406.6,0.51
2026-05-07 17:08:29,camasir,227.5,3.51,406.6,0.51
2026-05-07 17:08:33,camasir,228.1,3.55,410.0,0.51
2026-05-07 17:08:34,camasir,228.3,3.53,409.1,0.51
2026-05-07 17:08:35,camasir,228.3,3.53,409.1,0.51
2026-05-07 17:08:37,camasir,228.6,1.08,202.0,0.82
2026-05-07 17:08:38,camasir,228.4,0.97,188.8,0.86
2026-05-07 17:08:40,camasir,228.7,1.04,193.3,0.81
2026-05-07 17:08:41,camasir,228.5,3.13,354.3,0.49
2026-05-07 17:08:42,camasir,228.5,3.13,354.3,0.49
2026-05-07 17:08:44,camasir,228.3,3.56,413.0,0.51
2026-05-07 17:08:45,camasir,227.9,3.51,402.8,0.5
2026-05-07 17:08:46,camasir,227.7,3.55,406.5,0.5
2026-05-07 17:08:48,camasir,228.0,3.64,415.4,0.5
2026-05-07 17:08:49,camasir,228.1,3.5,406.3,0.51
2026-05-07 17:08:50,camasir,227.8,3.49,401.5,0.51
2026-05-07 17:08:51,camasir,227.7,3.55,407.9,0.5
2026-05-07 17:08:52,camasir,227.7,3.55,407.9,0.5
2026-05-07 17:08:53,camasir,227.9,3.52,407.5,0.51
2026-05-07 17:08:54,camasir,227.7,3.45,397.3,0.51
2026-05-07 17:08:55,camasir,227.8,3.55,407.6,0.5
2026-05-07 17:08:56,camasir,227.8,1.12,205.6,0.81
2026-05-07 17:08:58,camasir,227.2,0.98,190.8,0.86
2026-05-07 17:08:59,camasir,227.2,0.98,190.8,0.86
2026-05-07 17:09:00,camasir,227.9,1.01,192.3,0.83
2026-05-07 17:09:01,camasir,228.0,3.05,351.4,0.51
2026-05-07 17:09:02,camasir,227.8,3.53,408.9,0.51
2026-05-07 17:09:04,camasir,227.7,3.5,405.6,0.51
2026-05-07 17:09:05,camasir,227.7,3.51,405.9,0.51
2026-05-07 17:09:06,camasir,227.7,3.51,405.9,0.51
2026-05-07 17:09:07,camasir,227.6,3.55,409.7,0.51
2026-05-07 17:09:08,camasir,228.0,3.48,406.1,0.51
2026-05-07 17:09:09,camasir,227.9,3.44,399.0,0.51
2026-05-07 17:09:10,camasir,227.9,3.46,400.1,0.51
2026-05-07 17:09:11,camasir,227.6,3.49,402.1,0.51
2026-05-07 17:09:12,camasir,227.6,3.49,402.1,0.51
2026-05-07 17:09:13,camasir,227.6,3.5,409.4,0.51
2026-05-07 17:09:14,camasir,227.6,3.61,418.6,0.51
2026-05-07 17:09:15,camasir,227.6,3.54,408.7,0.51
2026-05-07 17:09:16,camasir,228.3,1.16,211.0,0.8
2026-05-07 17:09:17,camasir,228.2,0.99,192.8,0.86
2026-05-07 17:09:18,camasir,228.2,0.99,192.8,0.86
2026-05-07 17:09:19,camasir,227.8,0.98,190.9,0.86
2026-05-07 17:09:20,camasir,228.1,1.05,197.5,0.83
2026-05-07 17:09:21,camasir,227.4,3.09,353.4,0.5
2026-05-07 17:09:22,camasir,227.7,3.65,418.1,0.5
2026-05-07 17:09:23,camasir,227.7,3.65,418.1,0.5
2026-05-07 17:09:24,camasir,227.7,3.56,411.3,0.51
2026-05-07 17:09:25,camasir,227.7,3.56,411.3,0.51
2026-05-07 17:09:27,camasir,227.4,3.57,411.1,0.51
2026-05-07 17:09:28,camasir,227.3,3.48,400.3,0.51
2026-05-07 17:09:29,camasir,227.1,3.53,403.2,0.5
2026-05-07 17:09:30,camasir,227.6,3.6,414.5,0.51
2026-05-07 17:09:31,camasir,227.6,3.6,414.5,0.51
2026-05-07 17:09:32,camasir,227.6,3.51,402.4,0.5
2026-05-07 17:09:33,camasir,227.7,3.54,407.6,0.51
2026-05-07 17:09:34,camasir,227.7,3.49,400.0,0.5
2026-05-07 17:09:35,camasir,227.5,3.57,407.3,0.5
2026-05-07 17:09:36,camasir,227.4,3.52,404.1,0.51
2026-05-07 17:09:37,camasir,227.4,3.52,404.1,0.51
2026-05-07 17:09:38,camasir,227.8,1.16,209.4,0.79
2026-05-07 17:09:39,camasir,227.8,0.96,187.5,0.86
2026-05-07 17:09:40,camasir,227.8,0.96,187.1,0.86
2026-05-07 17:09:42,camasir,227.6,2.65,313.8,0.52
2026-05-07 17:09:43,camasir,227.6,2.65,313.8,0.52
2026-05-07 17:09:44,camasir,227.3,3.66,415.5,0.5
2026-05-07 17:09:45,camasir,227.0,3.61,413.7,0.5
2026-05-07 17:09:46,camasir,227.2,3.43,396.6,0.51
2026-05-07 17:09:47,camasir,227.3,3.49,403.2,0.51
2026-05-07 17:09:48,camasir,227.5,3.5,402.4,0.51
2026-05-07 17:09:49,camasir,227.5,3.5,402.4,0.51
2026-05-07 17:09:50,camasir,227.5,3.47,399.9,0.51
2026-05-07 17:09:52,camasir,227.1,3.56,409.6,0.51
2026-05-07 17:09:53,camasir,227.0,3.59,413.8,0.51
2026-05-07 17:09:54,camasir,227.0,3.48,399.0,0.5
2026-05-07 17:09:55,camasir,227.0,3.48,399.0,0.5
2026-05-07 17:09:57,camasir,227.4,3.53,404.2,0.5
2026-05-07 17:09:58,camasir,227.7,1.42,232.4,0.72
2026-05-07 17:09:59,camasir,227.4,0.96,186.5,0.86
2026-05-07 17:10:00,camasir,227.7,0.96,187.0,0.86
2026-05-07 17:10:01,camasir,227.7,0.97,188.6,0.85
2026-05-07 17:10:02,camasir,227.7,0.97,188.6,0.85
2026-05-07 17:10:03,camasir,227.5,2.66,314.5,0.52
2026-05-07 17:10:04,camasir,227.4,3.66,414.3,0.5
2026-05-07 17:10:05,camasir,227.3,3.51,400.2,0.5
2026-05-07 17:10:06,camasir,227.3,3.51,400.2,0.5
2026-05-07 17:10:07,camasir,227.4,3.52,401.7,0.5
2026-05-07 17:10:08,camasir,227.4,3.56,411.9,0.51
2026-05-07 17:10:10,camasir,227.4,3.49,399.1,0.5
2026-05-07 17:10:11,camasir,227.5,3.5,401.6,0.5
2026-05-07 17:10:12,camasir,227.7,3.49,401.6,0.5
2026-05-07 17:10:13,camasir,227.8,3.54,407.1,0.5
2026-05-07 17:10:14,camasir,227.8,3.54,407.1,0.5
2026-05-07 17:10:15,camasir,227.7,3.58,406.6,0.5
2026-05-07 17:10:16,camasir,227.3,3.46,397.0,0.5
2026-05-07 17:10:17,camasir,227.6,3.47,396.9,0.5
2026-05-07 17:10:18,camasir,228.2,1.63,251.7,0.68
2026-05-07 17:10:19,camasir,228.5,0.95,185.9,0.85
2026-05-07 17:10:20,camasir,228.5,0.95,185.9,0.85
2026-05-07 17:10:21,camasir,228.3,0.97,190.0,0.86
2026-05-07 17:10:23,camasir,228.3,0.97,188.1,0.85
2026-05-07 17:10:24,camasir,227.9,2.51,301.1,0.53
2026-05-07 17:10:25,camasir,228.0,3.69,416.0,0.49
2026-05-07 17:10:26,camasir,228.0,3.58,409.4,0.5
2026-05-07 17:10:27,camasir,228.0,3.58,409.4,0.5
2026-05-07 17:10:28,camasir,227.9,3.48,398.5,0.5
2026-05-07 17:10:29,camasir,227.6,3.47,400.0,0.51
2026-05-07 17:10:30,camasir,227.6,3.48,398.6,0.5
2026-05-07 17:10:31,camasir,227.8,3.52,405.1,0.5
2026-05-07 17:10:32,camasir,228.1,3.5,399.4,0.5
2026-05-07 17:10:33,camasir,228.1,3.5,399.4,0.5
2026-05-07 17:10:34,camasir,227.9,3.54,407.6,0.51
2026-05-07 17:10:35,camasir,227.2,3.54,403.9,0.5
2026-05-07 17:10:36,camasir,227.0,3.56,406.0,0.5
2026-05-07 17:10:37,camasir,227.8,3.5,401.3,0.5
2026-05-07 17:10:38,camasir,228.0,1.69,253.9,0.66
2026-05-07 17:10:39,camasir,228.0,1.69,253.9,0.66
2026-05-07 17:10:40,camasir,227.9,0.97,188.4,0.85
2026-05-07 17:10:41,camasir,227.7,0.96,186.8,0.86
2026-05-07 17:10:42,camasir,227.6,0.98,190.8,0.85
2026-05-07 17:10:43,camasir,227.7,2.34,292.7,0.55
2026-05-07 17:10:44,camasir,227.8,3.7,423.1,0.5
2026-05-07 17:10:45,camasir,227.8,3.7,423.1,0.5
2026-05-07 17:10:46,camasir,227.6,3.49,403.7,0.51
2026-05-07 17:10:48,camasir,227.5,3.52,405.4,0.51
2026-05-07 17:10:49,camasir,227.3,3.51,404.8,0.51
2026-05-07 17:10:50,camasir,227.3,3.5,399.6,0.5
2026-05-07 17:10:51,camasir,227.6,3.41,392.1,0.51
2026-05-07 17:10:52,camasir,227.6,3.41,392.1,0.51
2026-05-07 17:10:53,camasir,227.3,3.52,401.1,0.5
2026-05-07 17:10:54,camasir,227.0,3.48,400.9,0.51
2026-05-07 17:10:55,camasir,227.4,3.47,398.0,0.5
2026-05-07 17:10:56,camasir,227.3,3.53,405.0,0.51
2026-05-07 17:10:57,camasir,227.3,3.53,402.3,0.5
2026-05-07 17:10:58,camasir,227.3,3.53,402.3,0.5
2026-05-07 17:10:59,camasir,227.3,1.96,278.0,0.62
2026-05-07 17:11:00,camasir,227.6,0.96,187.4,0.86
2026-05-07 17:11:01,camasir,227.8,0.95,185.9,0.86
2026-05-07 17:11:02,camasir,227.5,0.99,192.2,0.86
2026-05-07 17:11:03,camasir,227.5,0.99,192.2,0.86
2026-05-07 17:11:04,camasir,227.2,2.24,287.7,0.56
2026-05-07 17:11:05,camasir,227.0,3.6,409.4,0.5
2026-05-07 17:11:06,camasir,227.1,3.51,401.5,0.5
2026-05-07 17:11:07,camasir,227.0,3.47,405.1,0.51
2026-05-07 17:11:08,camasir,227.0,3.47,405.1,0.51
2026-05-07 17:11:09,camasir,227.1,3.47,400.4,0.51
2026-05-07 17:11:12,camasir,226.9,3.56,415.6,0.51
2026-05-07 17:11:13,camasir,227.1,3.55,414.3,0.51
2026-05-07 17:11:14,camasir,227.0,3.5,400.1,0.5
2026-05-07 17:11:15,camasir,227.3,3.54,417.7,0.52
2026-05-07 17:11:16,camasir,227.9,3.57,408.0,0.5
2026-05-07 17:11:17,camasir,227.9,3.57,408.0,0.5
2026-05-07 17:11:18,camasir,228.1,3.54,405.1,0.5
2026-05-07 17:11:19,camasir,227.8,3.57,407.9,0.5
2026-05-07 17:11:20,camasir,227.8,1.94,275.5,0.62
2026-05-07 17:11:21,camasir,227.5,0.96,187.8,0.86
2026-05-07 17:11:22,camasir,227.0,0.96,186.0,0.86
2026-05-07 17:11:23,camasir,227.0,0.96,186.0,0.86
2026-05-07 17:11:24,camasir,227.6,0.98,190.2,0.86
2026-05-07 17:11:25,camasir,227.5,2.32,294.9,0.56
2026-05-07 17:11:26,camasir,227.5,3.67,422.3,0.51
2026-05-07 17:11:27,camasir,227.1,3.61,420.3,0.51
2026-05-07 17:11:28,camasir,226.7,3.45,400.1,0.51
2026-05-07 17:11:29,camasir,226.7,3.45,400.1,0.51
2026-05-07 17:11:30,camasir,226.7,3.58,417.8,0.51
2026-05-07 17:11:31,camasir,226.7,3.62,426.3,0.52
2026-05-07 17:11:32,camasir,227.1,3.53,408.4,0.51
2026-05-07 17:11:33,camasir,227.3,3.53,407.6,0.51
2026-05-07 17:11:34,camasir,227.3,3.55,414.6,0.51
2026-05-07 17:11:36,camasir,227.3,3.55,414.6,0.51
2026-05-07 17:11:37,camasir,227.1,3.51,401.5,0.5
2026-05-07 17:11:38,camasir,227.0,3.42,390.9,0.5
2026-05-07 17:11:39,camasir,226.9,3.49,397.9,0.5
2026-05-07 17:11:40,camasir,227.6,2.03,282.6,0.61
2026-05-07 17:11:41,camasir,227.7,0.96,186.8,0.85
2026-05-07 17:11:42,camasir,227.7,0.96,186.8,0.85
2026-05-07 17:11:43,camasir,227.3,0.96,187.1,0.86
2026-05-07 17:11:44,camasir,227.3,0.98,190.2,0.85
2026-05-07 17:11:45,camasir,227.4,2.12,271.0,0.56
2026-05-07 17:11:46,camasir,227.0,3.61,404.4,0.49
2026-05-07 17:11:47,camasir,227.0,3.61,404.4,0.49
2026-05-07 17:11:48,camasir,227.3,3.48,360.2,0.46
2026-05-07 17:11:49,camasir,227.2,3.47,359.6,0.46
2026-05-07 17:11:50,camasir,226.8,3.5,363.3,0.46
2026-05-07 17:11:51,camasir,227.1,3.42,352.6,0.45
2026-05-07 17:11:53,camasir,227.4,3.51,368.9,0.46
2026-05-07 17:11:54,camasir,227.5,3.49,367.0,0.46
2026-05-07 17:11:55,camasir,227.6,3.44,364.6,0.47
2026-05-07 17:11:56,camasir,228.1,3.44,364.0,0.46
2026-05-07 17:11:58,camasir,228.0,3.49,368.0,0.46
2026-05-07 17:11:59,camasir,227.4,3.45,363.7,0.46
2026-05-07 17:12:00,camasir,227.4,3.45,363.7,0.46
2026-05-07 17:12:01,camasir,227.8,1.9,248.8,0.58
2026-05-07 17:12:02,camasir,228.3,0.77,155.4,0.88
2026-05-07 17:12:04,camasir,228.4,0.76,151.6,0.87
2026-05-07 17:12:05,camasir,227.8,2.07,235.8,0.5
2026-05-07 17:12:06,camasir,227.8,2.07,235.8,0.5
2026-05-07 17:12:07,camasir,227.8,3.59,375.8,0.46
2026-05-07 17:12:08,camasir,227.8,3.5,371.3,0.47
2026-05-07 17:12:09,camasir,227.8,3.52,373.4,0.47
2026-05-07 17:12:10,camasir,227.5,3.58,376.7,0.46
2026-05-07 17:12:11,camasir,227.5,3.46,364.7,0.46
2026-05-07 17:12:12,camasir,227.5,3.46,364.7,0.46
2026-05-07 17:12:13,camasir,228.0,1.99,261.6,0.58
2026-05-07 17:12:15,camasir,227.7,2.73,297.7,0.48
2026-05-07 17:12:16,camasir,227.7,3.67,390.8,0.47
2026-05-07 17:12:17,camasir,227.9,3.65,389.6,0.47
2026-05-07 17:12:18,camasir,227.4,3.71,395.4,0.47
2026-05-07 17:12:19,camasir,227.4,3.71,395.4,0.47
2026-05-07 17:12:20,camasir,227.4,3.67,392.8,0.47
2026-05-07 17:12:21,camasir,227.4,3.67,392.8,0.47
2026-05-07 17:12:22,camasir,227.6,3.67,394.2,0.47
2026-05-07 17:12:23,camasir,227.7,3.66,394.9,0.47
2026-05-07 17:12:24,camasir,227.9,3.53,383.9,0.48
2026-05-07 17:12:25,camasir,228.0,3.6,391.8,0.48
2026-05-07 17:12:26,camasir,228.0,3.6,391.8,0.48
2026-05-07 17:12:27,camasir,227.8,3.63,390.3,0.47
2026-05-07 17:12:28,camasir,227.9,3.54,384.6,0.48
2026-05-07 17:12:29,camasir,227.9,3.5,379.6,0.48
2026-05-07 17:12:30,camasir,228.3,3.49,381.2,0.48
2026-05-07 17:12:31,camasir,228.3,3.49,375.9,0.47
2026-05-07 17:12:32,camasir,228.1,3.45,375.9,0.48
2026-05-07 17:12:33,camasir,227.3,3.41,377.3,0.49
2026-05-07 17:12:34,camasir,227.5,1.83,256.9,0.62
2026-05-07 17:12:35,camasir,228.4,0.83,179.0,0.95
2026-05-07 17:12:36,camasir,228.7,0.82,177.7,0.95
2026-05-07 17:12:37,camasir,228.7,0.82,177.7,0.95
2026-05-07 17:12:39,camasir,228.2,0.82,178.0,0.95
2026-05-07 17:12:40,camasir,228.0,0.84,181.9,0.95
2026-05-07 17:12:41,camasir,227.5,0.83,179.0,0.95
2026-05-07 17:12:42,camasir,228.0,0.82,177.0,0.95
2026-05-07 17:12:43,camasir,227.8,0.82,177.9,0.95
2026-05-07 17:12:44,camasir,227.8,0.82,177.9,0.95
2026-05-07 17:12:45,camasir,227.6,0.82,177.1,0.95
2026-05-07 17:12:46,camasir,227.3,0.85,183.2,0.95
2026-05-07 17:12:47,camasir,227.4,0.82,176.7,0.95
2026-05-07 17:12:48,camasir,228.0,0.82,178.1,0.95
2026-05-07 17:12:49,camasir,228.1,0.82,176.8,0.95
2026-05-07 17:12:50,camasir,228.1,0.82,176.8,0.95
2026-05-07 17:12:51,camasir,228.2,0.83,179.2,0.95
2026-05-07 17:12:52,camasir,227.7,0.82,177.0,0.95
2026-05-07 17:12:53,camasir,228.0,0.82,177.2,0.95
2026-05-07 17:12:54,camasir,227.8,1.07,190.2,0.78
2026-05-07 17:12:55,camasir,227.7,2.98,328.2,0.48
2026-05-07 17:12:56,camasir,227.7,2.98,328.2,0.48
2026-05-07 17:12:57,camasir,227.7,2.37,290.4,0.54
2026-05-07 17:12:58,camasir,227.5,1.74,242.0,0.61
2026-05-07 17:12:59,camasir,227.5,1.72,232.9,0.59
2026-05-07 17:13:00,camasir,228.0,1.83,244.9,0.59
2026-05-07 17:13:02,camasir,227.9,1.75,235.9,0.59
2026-05-07 17:13:03,camasir,227.9,1.75,235.9,0.59
2026-05-07 17:13:04,camasir,227.7,1.68,230.7,0.6
2026-05-07 17:13:05,camasir,227.7,1.77,238.8,0.59
2026-05-07 17:13:06,camasir,227.8,1.58,229.6,0.64
2026-05-07 17:13:07,camasir,227.9,1.79,228.9,0.56
2026-05-07 17:13:08,camasir,227.7,1.6,218.5,0.6
2026-05-07 17:13:09,camasir,227.7,1.6,218.5,0.6
2026-05-07 17:13:10,camasir,227.8,1.78,225.9,0.56
2026-05-07 17:13:11,camasir,227.8,1.76,231.6,0.58
2026-05-07 17:13:12,camasir,228.1,1.64,217.7,0.58
2026-05-07 17:13:13,camasir,228.3,1.61,220.1,0.6
2026-05-07 17:13:14,camasir,228.4,0.78,165.5,0.93
2026-05-07 17:13:15,camasir,228.4,0.78,165.5,0.93
2026-05-07 17:13:16,camasir,228.3,0.79,169.4,0.94
2026-05-07 17:13:17,camasir,228.5,0.76,163.6,0.94
2026-05-07 17:13:19,camasir,227.8,0.77,165.0,0.94
2026-05-07 17:13:20,camasir,228.3,0.76,163.3,0.94
2026-05-07 17:13:21,camasir,228.3,0.76,163.3,0.94
2026-05-07 17:13:22,camasir,228.3,0.77,165.2,0.94
2026-05-07 17:13:23,camasir,228.0,0.76,162.9,0.94
2026-05-07 17:13:24,camasir,227.6,0.76,162.9,0.94
2026-05-07 17:13:25,camasir,227.5,0.76,162.5,0.94
2026-05-07 17:13:26,camasir,227.6,0.77,165.1,0.94
2026-05-07 17:13:27,camasir,227.6,0.77,165.1,0.94
2026-05-07 17:13:28,camasir,227.8,0.76,162.5,0.94
2026-05-07 17:13:29,camasir,227.9,0.76,162.8,0.94
2026-05-07 17:13:30,camasir,227.9,0.76,163.5,0.94
2026-05-07 17:13:31,camasir,227.8,0.79,168.6,0.94
2026-05-07 17:13:32,camasir,227.9,0.76,162.7,0.94
2026-05-07 17:13:34,camasir,228.0,0.76,162.0,0.94
2026-05-07 17:13:35,camasir,227.8,0.98,176.1,0.79
2026-05-07 17:13:36,camasir,228.0,2.26,264.9,0.51
2026-05-07 17:13:37,camasir,227.9,1.4,201.4,0.63
2026-05-07 17:13:38,camasir,227.8,1.9,244.8,0.57
2026-05-07 17:13:39,camasir,227.8,1.9,244.8,0.57
2026-05-07 17:13:40,camasir,228.0,1.55,213.1,0.6
2026-05-07 17:13:41,camasir,228.1,1.89,242.6,0.56
2026-05-07 17:13:43,camasir,228.2,1.39,205.5,0.65
2026-05-07 17:13:45,camasir,228.2,1.76,228.3,0.57
2026-05-07 17:13:46,camasir,227.9,1.59,223.8,0.62
2026-05-07 17:13:47,camasir,228.1,1.77,231.1,0.57
2026-05-07 17:13:48,camasir,228.2,0.9,164.4,0.8
2026-05-07 17:13:49,camasir,228.2,0.9,164.4,0.8
2026-05-07 17:13:50,camasir,228.2,0.75,149.3,0.88
2026-05-07 17:13:51,camasir,228.2,0.75,150.4,0.88
2026-05-07 17:13:52,camasir,227.9,0.76,151.8,0.88
2026-05-07 17:13:53,camasir,227.9,0.76,151.8,0.88
2026-05-07 17:13:54,camasir,227.7,0.75,149.3,0.88
2026-05-07 17:13:55,camasir,228.1,0.75,150.1,0.88
2026-05-07 17:13:56,camasir,228.3,0.75,150.2,0.88
2026-05-07 17:13:57,camasir,228.2,0.78,160.5,0.9
2026-05-07 17:13:58,camasir,228.1,0.79,163.6,0.91
2026-05-07 17:13:59,camasir,228.1,0.79,163.6,0.91
2026-05-07 17:14:00,camasir,228.4,0.79,163.8,0.91
2026-05-07 17:14:01,camasir,228.2,0.81,168.0,0.91
2026-05-07 17:14:02,camasir,228.3,0.79,164.7,0.91
2026-05-07 17:14:03,camasir,228.4,0.78,162.8,0.91
2026-05-07 17:14:04,camasir,228.4,0.78,162.8,0.91
2026-05-07 17:14:06,camasir,228.2,0.79,163.8,0.91
2026-05-07 17:14:07,camasir,228.2,0.78,162.7,0.91
2026-05-07 17:14:08,camasir,228.5,0.79,165.5,0.91
2026-05-07 17:14:09,camasir,228.9,0.78,163.6,0.91
2026-05-07 17:14:10,camasir,228.7,0.79,164.0,0.91
2026-05-07 17:14:11,camasir,228.7,0.79,164.0,0.91
2026-05-07 17:14:12,camasir,228.2,0.78,162.6,0.91
2026-05-07 17:14:13,camasir,228.5,0.79,165.3,0.91
2026-05-07 17:14:14,camasir,228.6,0.79,164.0,0.91
2026-05-07 17:14:15,camasir,228.5,0.82,170.4,0.91
2026-05-07 17:14:16,camasir,228.1,0.8,166.4,0.91
2026-05-07 17:14:17,camasir,228.1,0.8,166.4,0.91
2026-05-07 17:14:18,camasir,227.9,0.81,167.5,0.91
2026-05-07 17:14:19,camasir,227.5,0.79,163.4,0.91
2026-05-07 17:14:20,camasir,228.0,0.79,163.2,0.91
2026-05-07 17:14:21,camasir,228.8,0.77,159.1,0.9
2026-05-07 17:14:22,camasir,228.3,0.79,157.0,0.87
2026-05-07 17:14:23,camasir,228.3,0.79,157.0,0.87
2026-05-07 17:14:24,camasir,227.6,2.4,268.6,0.49
2026-05-07 17:14:25,camasir,227.5,2.43,294.6,0.53
2026-05-07 17:14:27,camasir,228.2,2.22,273.8,0.54
2026-05-07 17:14:28,camasir,228.4,2.38,285.4,0.53
2026-05-07 17:14:30,camasir,228.4,2.38,285.4,0.53
2026-05-07 17:14:31,camasir,228.0,2.31,283.2,0.54
2026-05-07 17:14:32,camasir,227.5,2.79,318.9,0.5
2026-05-07 17:14:33,camasir,228.0,2.63,308.6,0.51
2026-05-07 17:14:34,camasir,228.4,2.21,270.9,0.54
2026-05-07 17:14:35,camasir,228.5,2.65,307.8,0.51
2026-05-07 17:14:36,camasir,228.5,2.65,307.8,0.51
2026-05-07 17:14:37,camasir,227.9,2.72,316.7,0.51
2026-05-07 17:14:38,camasir,227.6,2.91,329.1,0.5
2026-05-07 17:14:39,camasir,228.3,1.56,232.0,0.65
2026-05-07 17:14:40,camasir,228.3,0.79,163.5,0.91
2026-05-07 17:14:41,camasir,228.3,0.79,163.5,0.91
2026-05-07 17:14:42,camasir,228.5,0.79,163.9,0.91
2026-05-07 17:14:43,camasir,228.4,0.8,167.3,0.91
2026-05-07 17:14:44,camasir,228.4,0.8,167.3,0.91
2026-05-07 17:14:45,camasir,228.4,1.23,185.6,0.66
2026-05-07 17:14:46,camasir,227.4,3.27,348.8,0.47
2026-05-07 17:14:47,camasir,227.5,3.19,353.0,0.49
2026-05-07 17:14:48,camasir,227.5,3.19,355.4,0.49
2026-05-07 17:14:49,camasir,227.5,3.25,355.4,0.48
2026-05-07 17:14:50,camasir,227.9,3.23,354.4,0.48
2026-05-07 17:14:51,camasir,227.6,3.18,348.3,0.48
2026-05-07 17:14:53,camasir,227.4,3.28,356.8,0.48
2026-05-07 17:14:54,camasir,227.4,3.28,356.8,0.48
2026-05-07 17:14:55,camasir,227.6,3.26,354.3,0.48
2026-05-07 17:14:56,camasir,227.6,3.26,354.3,0.48
2026-05-07 17:14:57,camasir,228.3,3.29,357.6,0.48
2026-05-07 17:14:58,camasir,228.1,3.3,358.7,0.48
2026-05-07 17:14:59,camasir,227.6,3.33,364.7,0.48
2026-05-07 17:15:00,camasir,227.5,2.67,313.2,0.52
2026-05-07 17:15:01,camasir,227.5,2.67,313.2,0.52
2026-05-07 17:15:02,camasir,227.8,0.8,166.7,0.91
2026-05-07 17:15:06,camasir,227.0,3.52,371.9,0.47
2026-05-07 17:15:07,camasir,227.0,3.52,371.9,0.47
2026-05-07 17:15:08,camasir,227.1,3.36,366.3,0.48
2026-05-07 17:15:09,camasir,227.1,3.33,361.4,0.48
2026-05-07 17:15:10,camasir,227.0,3.4,369.1,0.48
2026-05-07 17:15:11,camasir,226.9,3.4,366.7,0.48
2026-05-07 17:15:12,camasir,226.9,3.52,380.9,0.48
2026-05-07 17:15:13,camasir,226.9,3.52,380.9,0.48
2026-05-07 17:15:14,camasir,226.9,3.57,385.1,0.48
2026-05-07 17:15:15,camasir,227.0,3.43,371.2,0.48
2026-05-07 17:15:16,camasir,227.5,3.41,368.7,0.47
2026-05-07 17:15:17,camasir,227.2,3.4,368.2,0.48
2026-05-07 17:15:19,camasir,226.8,3.43,370.1,0.48
2026-05-07 17:15:20,camasir,226.8,3.43,370.1,0.48
2026-05-07 17:15:21,camasir,227.0,2.82,330.1,0.52
2026-05-07 17:15:22,camasir,227.3,0.84,174.9,0.92
2026-05-07 17:15:23,camasir,227.5,0.83,171.9,0.91
2026-05-07 17:15:24,camasir,227.8,0.82,171.1,0.92
2026-05-07 17:15:25,camasir,227.7,1.2,188.6,0.69
2026-05-07 17:15:26,camasir,227.7,1.2,188.6,0.69
2026-05-07 17:15:27,camasir,227.4,3.43,361.9,0.46
2026-05-07 17:15:28,camasir,227.3,3.42,370.2,0.48
2026-05-07 17:15:29,camasir,227.1,3.52,386.2,0.48
2026-05-07 17:15:30,camasir,227.8,3.57,385.0,0.47
2026-05-07 17:15:31,camasir,227.4,3.62,390.7,0.47
2026-05-07 17:15:32,camasir,227.4,3.62,390.7,0.47
2026-05-07 17:15:33,camasir,227.7,3.56,388.6,0.48
2026-05-07 17:15:34,camasir,227.6,3.56,382.6,0.47
2026-05-07 17:15:35,camasir,227.3,3.58,382.7,0.47
2026-05-07 17:15:36,camasir,227.4,3.49,376.2,0.47
2026-05-07 17:15:37,camasir,227.4,3.49,376.2,0.47
2026-05-07 17:15:38,camasir,227.9,3.54,383.7,0.48
2026-05-07 17:15:39,camasir,228.0,3.56,384.0,0.47
2026-05-07 17:15:40,camasir,227.6,2.95,339.6,0.51
2026-05-07 17:15:42,camasir,228.2,0.8,166.8,0.91
2026-05-07 17:15:43,camasir,228.0,0.8,165.6,0.91
2026-05-07 17:15:44,camasir,228.0,0.8,165.6,0.91
2026-05-07 17:15:45,camasir,227.9,0.79,164.1,0.91
2026-05-07 17:15:46,camasir,228.2,1.25,191.2,0.67
2026-05-07 17:15:47,camasir,227.8,3.62,376.7,0.46
2026-05-07 17:15:48,camasir,228.1,3.54,383.3,0.47
2026-05-07 17:15:49,camasir,228.0,3.53,384.0,0.48
2026-05-07 17:15:50,camasir,228.0,3.53,384.0,0.48
2026-05-07 17:15:51,camasir,227.8,3.54,383.3,0.48
2026-05-07 17:15:52,camasir,228.1,3.47,375.7,0.47
2026-05-07 17:15:53,camasir,228.2,3.48,375.9,0.47
2026-05-07 17:15:54,camasir,228.5,3.5,369.0,0.46
2026-05-07 17:15:55,camasir,228.6,3.47,367.0,0.46
2026-05-07 17:15:56,camasir,228.6,3.47,367.0,0.46
2026-05-07 17:15:58,camasir,228.7,3.45,363.9,0.46
2026-05-07 17:15:59,camasir,229.1,3.46,366.7,0.46
2026-05-07 17:16:00,camasir,228.9,3.47,366.6,0.46
2026-05-07 17:16:01,camasir,228.7,2.9,326.3,0.49
2026-05-07 17:16:02,camasir,228.7,0.75,150.7,0.88
2026-05-07 17:16:03,camasir,228.7,0.75,150.7,0.88
2026-05-07 17:16:05,camasir,228.9,0.76,153.3,0.88
2026-05-07 17:16:06,camasir,229.0,0.77,155.6,0.88
2026-05-07 17:16:07,camasir,228.6,1.09,170.2,0.68
2026-05-07 17:16:08,camasir,228.2,3.5,356.7,0.45
2026-05-07 17:16:09,camasir,228.7,3.51,372.0,0.46
2026-05-07 17:16:10,camasir,228.7,3.51,372.0,0.46
2026-05-07 17:16:11,camasir,228.6,3.43,362.7,0.46
2026-05-07 17:16:12,camasir,228.6,3.47,365.8,0.46
2026-05-07 17:16:14,camasir,228.7,3.5,370.0,0.46
2026-05-07 17:16:15,camasir,228.5,3.55,378.5,0.47
2026-05-07 17:16:16,camasir,228.5,3.55,378.5,0.47
2026-05-07 17:16:20,camasir,228.4,3.51,375.1,0.47
2026-05-07 17:16:21,camasir,228.4,3.51,375.1,0.47
2026-05-07 17:16:22,camasir,228.2,2.9,326.3,0.49
2026-05-07 17:16:23,camasir,228.5,0.83,167.7,0.88
2026-05-07 17:16:24,camasir,228.8,0.88,178.8,0.89
2026-05-07 17:16:25,camasir,229.4,0.87,178.0,0.89
2026-05-07 17:16:27,camasir,229.3,1.07,177.3,0.73
2026-05-07 17:16:30,camasir,228.2,3.65,387.6,0.47
2026-05-07 17:16:31,camasir,228.4,3.5,371.2,0.46
2026-05-07 17:16:32,camasir,228.5,3.48,368.2,0.46
2026-05-07 17:16:33,camasir,228.7,3.47,366.6,0.46
2026-05-07 17:16:34,camasir,228.7,3.47,366.6,0.46
2026-05-07 17:16:35,camasir,228.3,3.43,376.5,0.48
2026-05-07 17:16:36,camasir,228.0,3.39,368.3,0.48
2026-05-07 17:16:37,camasir,228.1,3.42,360.0,0.46
2026-05-07 17:16:38,camasir,228.5,3.5,368.7,0.46
2026-05-07 17:16:39,camasir,228.6,3.51,372.4,0.46
2026-05-07 17:16:40,camasir,228.6,3.51,372.4,0.46
2026-05-07 17:16:41,camasir,228.5,3.39,359.4,0.46
2026-05-07 17:16:42,camasir,228.2,3.19,347.9,0.48
2026-05-07 17:16:43,camasir,228.2,0.75,150.3,0.88
2026-05-07 17:16:44,camasir,228.6,0.76,152.6,0.88
2026-05-07 17:16:45,camasir,228.9,0.75,151.4,0.88
2026-05-07 17:16:46,camasir,228.9,0.75,151.4,0.88
2026-05-07 17:16:47,camasir,228.9,0.75,151.4,0.88
2026-05-07 17:16:48,camasir,228.3,3.38,342.2,0.44
2026-05-07 17:16:49,camasir,228.3,3.38,342.2,0.44
2026-05-07 17:16:50,camasir,228.3,3.57,376.8,0.46
2026-05-07 17:16:51,camasir,228.4,3.51,370.9,0.46
2026-05-07 17:16:52,camasir,228.4,3.42,362.6,0.46
2026-05-07 17:16:53,camasir,228.4,3.42,362.6,0.46
2026-05-07 17:16:54,camasir,228.1,3.54,372.8,0.46
2026-05-07 17:16:56,camasir,228.0,3.54,374.9,0.46
2026-05-07 17:16:57,camasir,227.7,3.52,369.0,0.46
2026-05-07 17:16:58,camasir,228.0,3.51,369.0,0.46
2026-05-07 17:16:59,camasir,228.0,3.43,362.4,0.46
2026-05-07 17:17:00,camasir,228.0,3.43,362.4,0.46
2026-05-07 17:17:01,camasir,227.8,3.44,363.6,0.46
2026-05-07 17:17:02,camasir,227.8,3.49,370.9,0.47
2026-05-07 17:17:03,camasir,228.0,3.14,344.3,0.48
2026-05-07 17:17:04,camasir,228.4,0.75,149.7,0.88
2026-05-07 17:17:05,camasir,228.4,0.75,153.2,0.9
2026-05-07 17:17:06,camasir,227.9,0.76,153.2,0.88
2026-05-07 17:17:10,camasir,227.4,3.6,377.8,0.46
2026-05-07 17:17:11,camasir,227.4,3.6,377.8,0.46
2026-05-07 17:17:12,camasir,227.9,3.48,366.3,0.46
2026-05-07 17:17:13,camasir,227.7,3.43,361.5,0.46
2026-05-07 17:17:14,camasir,227.2,3.45,362.5,0.46
2026-05-07 17:17:15,camasir,227.1,3.47,366.2,0.47
2026-05-07 17:17:16,camasir,227.2,3.44,365.0,0.47
2026-05-07 17:17:17,camasir,227.2,3.44,365.0,0.47
2026-05-07 17:17:18,camasir,226.8,3.53,371.6,0.46
2026-05-07 17:17:20,camasir,226.3,3.47,366.9,0.47
2026-05-07 17:17:21,camasir,226.5,3.43,360.1,0.46
2026-05-07 17:17:22,camasir,226.6,3.2,345.8,0.48
2026-05-07 17:17:23,camasir,226.6,3.2,345.8,0.48
2026-05-07 17:17:25,camasir,227.1,0.75,149.6,0.88
2026-05-07 17:17:26,camasir,227.2,0.76,152.5,0.88
2026-05-07 17:17:27,camasir,227.3,0.75,150.4,0.88
2026-05-07 17:17:28,camasir,227.3,0.93,160.5,0.76
2026-05-07 17:17:29,camasir,227.0,3.31,335.6,0.45
2026-05-07 17:17:30,camasir,227.0,3.31,335.6,0.45
2026-05-07 17:17:31,camasir,226.8,3.6,379.1,0.46
2026-05-07 17:17:32,camasir,226.7,3.43,364.7,0.47
2026-05-07 17:17:33,camasir,226.6,3.41,361.8,0.47
2026-05-07 17:17:34,camasir,226.7,3.48,369.9,0.47
2026-05-07 17:17:35,camasir,226.9,3.4,360.9,0.47
2026-05-07 17:17:36,camasir,226.9,3.4,360.9,0.47
2026-05-07 17:17:37,camasir,227.1,3.39,357.6,0.46
2026-05-07 17:17:38,camasir,227.2,3.43,361.5,0.46
2026-05-07 17:17:39,camasir,227.1,3.48,365.5,0.46
2026-05-07 17:17:40,camasir,227.2,3.52,371.9,0.47
2026-05-07 17:17:42,camasir,227.5,3.47,366.3,0.46
2026-05-07 17:17:44,camasir,227.8,3.28,356.0,0.48
2026-05-07 17:17:48,camasir,227.4,0.77,154.4,0.88
2026-05-07 17:17:49,camasir,227.5,0.88,157.6,0.79
2026-05-07 17:17:50,camasir,227.5,0.88,157.6,0.79
2026-05-07 17:17:51,camasir,227.3,3.24,330.1,0.45
2026-05-07 17:17:52,camasir,227.7,3.66,383.0,0.46
2026-05-07 17:17:53,camasir,228.0,3.46,365.4,0.46
2026-05-07 17:17:54,camasir,227.9,3.48,367.7,0.46
2026-05-07 17:17:55,camasir,227.9,3.48,367.7,0.46
2026-05-07 17:17:56,camasir,228.0,3.5,368.5,0.46
2026-05-07 17:17:57,camasir,228.3,3.46,365.0,0.46
2026-05-07 17:17:58,camasir,228.1,3.49,365.3,0.46
2026-05-07 17:17:59,camasir,228.1,3.46,365.8,0.46
2026-05-07 17:18:01,camasir,227.9,3.48,367.1,0.46
2026-05-07 17:18:02,camasir,228.1,3.5,368.0,0.46
2026-05-07 17:18:03,camasir,228.1,3.44,365.7,0.47
2026-05-07 17:18:04,camasir,227.9,3.44,360.8,0.46
2026-05-07 17:18:05,camasir,228.1,0.8,160.7,0.88
2026-05-07 17:18:06,camasir,228.6,0.75,151.5,0.88
2026-05-07 17:18:07,camasir,228.6,0.75,151.5,0.88
2026-05-07 17:18:09,camasir,228.6,0.75,151.1,0.88
2026-05-07 17:18:10,camasir,228.4,0.82,157.1,0.84
2026-05-07 17:18:11,camasir,228.0,2.9,303.7,0.46
2026-05-07 17:18:12,camasir,228.2,3.57,375.4,0.46
2026-05-07 17:18:13,camasir,228.0,3.42,364.6,0.47
2026-05-07 17:18:14,camasir,228.0,3.42,364.6,0.47
2026-05-07 17:18:15,camasir,227.9,3.44,367.9,0.47
2026-05-07 17:18:16,camasir,227.9,3.48,371.2,0.47
2026-05-07 17:18:17,camasir,227.7,3.42,367.7,0.47
2026-05-07 17:18:18,camasir,227.5,3.48,366.1,0.46
2026-05-07 17:18:19,camasir,227.5,3.45,363.1,0.46
2026-05-07 17:18:20,camasir,227.5,3.45,363.1,0.46
2026-05-07 17:18:21,camasir,227.4,3.47,367.0,0.47
2026-05-07 17:18:23,camasir,227.6,3.44,364.4,0.47
2026-05-07 17:18:24,camasir,227.6,3.47,375.8,0.48
2026-05-07 17:18:25,camasir,227.5,3.44,365.1,0.47
2026-05-07 17:18:26,camasir,227.8,1.1,184.0,0.73
2026-05-07 17:18:27,camasir,227.8,1.1,184.0,0.73
2026-05-07 17:18:28,camasir,227.9,0.75,149.7,0.88
2026-05-07 17:18:29,camasir,228.0,0.75,150.6,0.88
2026-05-07 17:18:30,camasir,227.8,0.79,152.3,0.85
2026-05-07 17:18:31,camasir,227.5,2.79,290.8,0.46
2026-05-07 17:18:32,camasir,227.2,3.61,374.0,0.46
2026-05-07 17:18:33,camasir,227.2,3.61,374.0,0.46
2026-05-07 17:18:34,camasir,227.2,3.51,371.6,0.47
2026-05-07 17:18:35,camasir,227.2,3.48,364.3,0.46
2026-05-07 17:18:36,camasir,227.5,3.45,365.1,0.47
2026-05-07 17:18:37,camasir,227.4,3.51,366.9,0.46
2026-05-07 17:18:38,camasir,227.4,3.51,366.9,0.46
2026-05-07 17:18:39,camasir,227.2,3.49,365.6,0.46
2026-05-07 17:18:40,camasir,227.2,3.51,366.6,0.46
2026-05-07 17:18:41,camasir,227.4,3.51,368.7,0.46
2026-05-07 17:18:42,camasir,227.6,3.49,365.4,0.46
2026-05-07 17:18:44,camasir,227.4,3.56,371.2,0.46
2026-05-07 17:18:45,camasir,227.6,3.52,368.0,0.46
2026-05-07 17:18:46,camasir,228.1,1.32,200.5,0.67
2026-05-07 17:18:47,camasir,228.2,0.75,149.7,0.88
2026-05-07 17:18:48,camasir,228.0,0.77,154.4,0.88
2026-05-07 17:18:50,camasir,228.0,0.77,151.3,0.87
2026-05-07 17:18:51,camasir,228.0,0.77,151.3,0.87
2026-05-07 17:18:52,camasir,227.7,2.56,274.2,0.47
2026-05-07 17:18:53,camasir,227.4,3.7,384.4,0.46
2026-05-07 17:18:54,camasir,227.5,3.46,365.9,0.46
2026-05-07 17:18:55,camasir,227.5,3.36,351.6,0.46
2026-05-07 17:18:56,camasir,227.3,3.46,365.5,0.47
2026-05-07 17:18:57,camasir,227.3,3.46,365.5,0.47
2026-05-07 17:18:58,camasir,226.9,3.5,368.5,0.46
2026-05-07 17:18:59,camasir,226.8,3.48,364.9,0.46
2026-05-07 17:19:00,camasir,227.2,3.53,370.5,0.46
2026-05-07 17:19:01,camasir,227.3,3.52,371.7,0.46
2026-05-07 17:19:02,camasir,227.1,3.37,358.4,0.47
2026-05-07 17:19:03,camasir,226.8,3.48,366.8,0.46
2026-05-07 17:19:04,camasir,226.8,3.48,366.8,0.46
2026-05-07 17:19:05,camasir,227.1,3.48,364.9,0.46
2026-05-07 17:19:06,camasir,227.6,1.41,209.1,0.65
2026-05-07 17:19:07,camasir,227.6,1.41,209.1,0.65
2026-05-07 17:19:08,camasir,227.6,0.75,150.5,0.88
2026-05-07 17:19:09,camasir,227.8,0.75,149.9,0.88
2026-05-07 17:19:10,camasir,228.0,0.78,152.6,0.86
2026-05-07 17:19:12,camasir,228.0,0.78,152.6,0.86
2026-05-07 17:19:13,camasir,227.9,2.59,275.6,0.47
2026-05-07 17:19:14,camasir,227.5,3.68,380.1,0.45
2026-05-07 17:19:15,camasir,227.5,3.51,367.4,0.46
2026-05-07 17:19:16,camasir,227.4,3.51,365.9,0.46
2026-05-07 17:19:17,camasir,227.4,3.51,365.9,0.46
2026-05-07 17:19:18,camasir,227.4,3.53,371.2,0.46
2026-05-07 17:19:19,camasir,227.2,3.39,359.0,0.47
2026-05-07 17:19:20,camasir,227.1,3.49,364.6,0.46
2026-05-07 17:19:21,camasir,227.1,3.49,368.2,0.46
2026-05-07 17:19:22,camasir,227.1,3.49,368.2,0.46
2026-05-07 17:19:23,camasir,227.4,3.43,358.7,0.46
2026-05-07 17:19:24,camasir,227.4,3.43,358.7,0.46
2026-05-07 17:19:25,camasir,227.3,3.43,356.8,0.46
2026-05-07 17:19:26,camasir,226.9,3.49,365.6,0.46
2026-05-07 17:19:28,camasir,227.5,1.48,213.6,0.63
2026-05-07 17:19:29,camasir,227.5,1.48,213.6,0.63
2026-05-07 17:19:30,camasir,227.7,0.75,150.4,0.88
2026-05-07 17:19:31,camasir,227.7,0.75,149.7,0.88
2026-05-07 17:19:32,camasir,227.7,0.76,150.4,0.87
2026-05-07 17:19:33,camasir,227.4,2.28,251.9,0.49
2026-05-07 17:19:34,camasir,227.2,3.66,382.7,0.46
2026-05-07 17:19:35,camasir,227.5,3.51,367.4,0.46
2026-05-07 17:19:36,camasir,227.5,3.51,367.4,0.46
2026-05-07 17:19:37,camasir,227.4,3.46,364.3,0.46
2026-05-07 17:19:38,camasir,227.2,3.48,366.4,0.46
2026-05-07 17:19:39,camasir,227.0,3.41,359.0,0.46
2026-05-07 17:19:40,camasir,226.8,3.44,359.2,0.46
2026-05-07 17:19:41,camasir,226.6,3.47,361.1,0.46
2026-05-07 17:19:42,camasir,226.6,3.47,361.1,0.46
2026-05-07 17:19:43,camasir,226.5,3.47,363.8,0.46
2026-05-07 17:19:44,camasir,226.9,3.48,363.1,0.46
2026-05-07 17:19:45,camasir,227.0,3.5,363.8,0.46
2026-05-07 17:19:46,camasir,226.9,3.45,360.0,0.46
2026-05-07 17:19:47,camasir,227.2,1.71,232.0,0.6
2026-05-07 17:19:48,camasir,227.2,1.71,232.0,0.6
2026-05-07 17:19:50,camasir,227.3,0.77,154.5,0.88
2026-05-07 17:19:51,camasir,227.4,0.75,149.4,0.88
2026-05-07 17:19:52,camasir,227.0,0.76,149.7,0.87
2026-05-07 17:19:53,camasir,227.0,2.29,249.9,0.48
2026-05-07 17:19:54,camasir,226.5,3.57,367.9,0.46
2026-05-07 17:19:55,camasir,226.5,3.57,367.9,0.46
2026-05-07 17:19:56,camasir,226.5,3.47,365.3,0.46
2026-05-07 17:19:57,camasir,226.5,3.37,353.7,0.46
2026-05-07 17:19:58,camasir,226.6,3.44,360.5,0.46
2026-05-07 17:19:59,camasir,226.6,3.47,361.4,0.46
2026-05-07 17:20:00,camasir,226.6,3.47,359.3,0.46
2026-05-07 17:20:01,camasir,226.8,3.46,359.3,0.46
2026-05-07 17:20:02,camasir,226.7,3.47,363.9,0.46
2026-05-07 17:20:03,camasir,226.8,3.59,375.0,0.46
2026-05-07 17:20:04,camasir,226.8,3.47,364.5,0.46
2026-05-07 17:20:05,camasir,227.1,3.4,354.9,0.46
2026-05-07 17:20:06,camasir,227.1,3.4,354.9,0.46
2026-05-07 17:20:07,camasir,227.3,3.54,368.6,0.46
2026-05-07 17:20:08,camasir,227.4,1.8,238.3,0.58
2026-05-07 17:20:09,camasir,227.4,0.75,150.8,0.88
2026-05-07 17:20:10,camasir,227.1,0.75,149.4,0.88
2026-05-07 17:20:12,camasir,227.2,0.75,149.1,0.88
2026-05-07 17:20:13,camasir,227.2,0.75,149.1,0.88
2026-05-07 17:20:14,camasir,226.8,1.95,225.1,0.51
2026-05-07 17:20:15,camasir,226.9,3.67,381.7,0.46
2026-05-07 17:20:16,camasir,226.9,3.56,371.6,0.46
2026-05-07 17:20:17,camasir,226.9,3.45,364.3,0.46
2026-05-07 17:20:18,camasir,226.6,3.42,359.6,0.46
2026-05-07 17:20:19,camasir,226.6,3.42,359.6,0.46
2026-05-07 17:20:20,camasir,226.7,3.5,369.8,0.47
2026-05-07 17:20:21,camasir,226.7,3.44,359.7,0.46
2026-05-07 17:20:22,camasir,226.7,3.45,360.9,0.46
2026-05-07 17:20:23,camasir,226.5,3.46,363.2,0.46
2026-05-07 17:20:24,camasir,226.5,3.51,366.1,0.46
2026-05-07 17:20:25,camasir,226.5,3.51,366.1,0.46
2026-05-07 17:20:26,camasir,226.5,3.41,356.8,0.46
2026-05-07 17:20:27,camasir,226.6,3.52,368.0,0.46
2026-05-07 17:20:28,camasir,227.0,2.06,257.3,0.55
2026-05-07 17:20:29,camasir,227.5,0.75,149.8,0.88
2026-05-07 17:20:30,camasir,227.5,0.75,149.8,0.88
2026-05-07 17:20:31,camasir,227.5,0.75,150.0,0.88
2026-05-07 17:20:32,camasir,227.5,0.75,150.0,0.88
2026-05-07 17:20:33,camasir,227.3,0.76,151.3,0.88
2026-05-07 17:20:34,camasir,227.1,1.72,207.8,0.53
2026-05-07 17:20:35,camasir,227.1,3.65,380.7,0.46
2026-05-07 17:20:37,camasir,227.0,3.46,360.9,0.46
2026-05-07 17:20:38,camasir,227.0,3.47,365.8,0.46
2026-05-07 17:20:39,camasir,227.0,3.47,365.8,0.46
2026-05-07 17:20:40,camasir,226.8,3.48,363.1,0.46
2026-05-07 17:20:41,camasir,226.9,3.49,365.2,0.46
2026-05-07 17:20:42,camasir,226.8,3.44,356.8,0.46
2026-05-07 17:20:43,camasir,227.4,3.45,362.2,0.46
2026-05-07 17:20:44,camasir,227.4,2.49,295.4,0.52
2026-05-07 17:20:45,camasir,227.4,2.49,295.4,0.52
2026-05-07 17:20:46,camasir,227.5,2.34,268.1,0.5
2026-05-07 17:20:47,camasir,227.3,3.72,396.3,0.47
2026-05-07 17:20:48,camasir,227.1,3.61,387.2,0.47
2026-05-07 17:20:49,camasir,227.1,3.73,399.1,0.47
2026-05-07 17:20:50,camasir,227.1,3.73,399.1,0.47
2026-05-07 17:20:51,camasir,227.4,3.61,387.8,0.47
2026-05-07 17:20:52,camasir,227.3,3.66,392.9,0.47
2026-05-07 17:20:53,camasir,227.1,3.63,392.1,0.48
2026-05-07 17:20:54,camasir,226.8,3.65,390.1,0.47
2026-05-07 17:20:55,camasir,226.9,3.65,391.7,0.47
2026-05-07 17:20:56,camasir,226.9,3.65,391.7,0.47
2026-05-07 17:20:57,camasir,226.7,3.56,380.9,0.47
2026-05-07 17:20:58,camasir,226.8,3.61,388.1,0.47
2026-05-07 17:21:00,camasir,226.4,3.63,388.3,0.47
2026-05-07 17:21:01,camasir,226.4,3.53,379.5,0.47
2026-05-07 17:21:02,camasir,226.6,3.57,381.6,0.47
2026-05-07 17:21:03,camasir,226.6,3.57,381.6,0.47
2026-05-07 17:21:04,camasir,226.8,3.57,384.6,0.48
2026-05-07 17:21:05,camasir,227.0,2.39,301.2,0.56
2026-05-07 17:21:06,camasir,226.9,0.82,176.3,0.95
2026-05-07 17:21:07,camasir,226.8,0.82,177.0,0.95
2026-05-07 17:21:08,camasir,227.1,0.83,178.8,0.95
2026-05-07 17:21:09,camasir,227.1,0.83,178.8,0.95
2026-05-07 17:21:10,camasir,227.5,0.82,177.0,0.95
2026-05-07 17:21:11,camasir,227.8,0.82,177.2,0.95
2026-05-07 17:21:12,camasir,227.7,0.82,177.2,0.95
2026-05-07 17:21:13,camasir,227.5,0.85,182.4,0.95
2026-05-07 17:21:14,camasir,227.3,0.84,179.6,0.94
2026-05-07 17:21:15,camasir,227.3,0.84,179.6,0.94
2026-05-07 17:21:16,camasir,227.8,0.84,182.9,0.95
2026-05-07 17:21:17,camasir,227.9,0.82,177.3,0.95
2026-05-07 17:21:18,camasir,227.6,0.83,179.2,0.95
2026-05-07 17:21:19,camasir,227.1,0.84,181.5,0.95
2026-05-07 17:21:20,camasir,227.2,0.83,178.2,0.95
2026-05-07 17:21:21,camasir,227.2,0.83,178.2,0.95
2026-05-07 17:21:22,camasir,227.5,0.82,176.7,0.95
2026-05-07 17:21:23,camasir,227.6,0.83,179.3,0.95
2026-05-07 17:21:24,camasir,227.6,0.83,179.3,0.95
2026-05-07 17:21:25,camasir,227.7,0.91,184.1,0.88
2026-05-07 17:21:27,camasir,227.2,2.43,298.5,0.54
2026-05-07 17:21:28,camasir,227.2,2.43,298.5,0.54
2026-05-07 17:21:29,camasir,227.2,2.43,298.5,0.54
2026-05-07 17:21:30,camasir,227.3,2.04,258.4,0.56
2026-05-07 17:21:31,camasir,226.8,1.95,250.5,0.57
2026-05-07 17:21:32,camasir,226.9,2.1,256.6,0.54
2026-05-07 17:21:33,camasir,226.7,1.8,237.4,0.58
2026-05-07 17:21:34,camasir,226.5,2.0,249.6,0.55
2026-05-07 17:21:35,camasir,226.7,1.76,250.4,0.63
2026-05-07 17:21:36,camasir,226.7,1.76,250.4,0.63
2026-05-07 17:21:37,camasir,226.5,2.0,253.8,0.56
2026-05-07 17:21:38,camasir,226.5,1.66,229.1,0.61
2026-05-07 17:21:39,camasir,226.6,2.06,255.8,0.55
2026-05-07 17:21:40,camasir,226.6,2.06,255.8,0.55
2026-05-07 17:21:41,camasir,226.7,1.64,232.8,0.63
2026-05-07 17:21:42,camasir,226.5,1.97,252.6,0.57
2026-05-07 17:21:43,camasir,226.5,1.37,202.1,0.65
2026-05-07 17:21:45,camasir,226.3,2.08,247.0,0.52
2026-05-07 17:21:46,camasir,226.4,0.96,175.3,0.8
2026-05-07 17:21:47,camasir,226.4,0.96,175.3,0.8
2026-05-07 17:21:48,camasir,226.5,0.75,160.1,0.94
2026-05-07 17:21:49,camasir,226.7,0.78,166.4,0.94
2026-05-07 17:21:50,camasir,226.9,0.77,163.8,0.94
2026-05-07 17:21:51,camasir,226.8,0.76,162.2,0.94
2026-05-07 17:21:52,camasir,226.7,0.76,162.6,0.94
2026-05-07 17:21:53,camasir,226.7,0.76,162.6,0.94
2026-05-07 17:21:54,camasir,227.1,0.76,162.0,0.94
2026-05-07 17:21:55,camasir,226.7,0.77,164.1,0.94
2026-05-07 17:21:56,camasir,227.2,0.76,162.2,0.94
2026-05-07 17:21:57,camasir,227.3,0.76,162.3,0.94
2026-05-07 17:21:58,camasir,226.6,0.77,163.8,0.94
2026-05-07 17:21:59,camasir,226.6,0.77,163.8,0.94
2026-05-07 17:22:00,camasir,226.1,0.77,163.2,0.94
2026-05-07 17:22:02,camasir,226.4,0.76,162.3,0.94
2026-05-07 17:22:03,camasir,226.7,0.76,163.0,0.94
2026-05-07 17:22:04,camasir,226.8,0.78,166.4,0.94
2026-05-07 17:22:05,camasir,226.5,0.78,165.0,0.94
2026-05-07 17:22:06,camasir,226.5,0.78,165.0,0.94
2026-05-07 17:22:07,camasir,226.2,0.8,164.9,0.91
2026-05-07 17:22:08,camasir,226.1,2.27,253.3,0.49
2026-05-07 17:22:09,camasir,226.9,1.15,192.0,0.74
2026-05-07 17:22:10,camasir,226.7,1.89,234.5,0.55
2026-05-07 17:22:11,camasir,226.6,1.31,200.0,0.67
2026-05-07 17:22:12,camasir,226.6,1.31,200.0,0.67
2026-05-07 17:22:13,camasir,226.4,1.85,230.8,0.55
2026-05-07 17:22:14,camasir,226.6,1.47,210.3,0.63
2026-05-07 17:22:15,camasir,226.5,1.88,243.1,0.57
2026-05-07 17:22:16,camasir,226.8,1.67,226.4,0.6
2026-05-07 17:22:17,camasir,226.8,1.67,223.6,0.59
2026-05-07 17:22:18,camasir,226.8,1.7,223.6,0.58
2026-05-07 17:22:19,camasir,226.4,1.71,229.7,0.59
2026-05-07 17:22:20,camasir,226.2,0.87,160.9,0.82
2026-05-07 17:22:21,camasir,226.4,0.75,149.1,0.88
2026-05-07 17:22:22,camasir,227.0,0.77,159.4,0.91
2026-05-07 17:22:24,camasir,227.0,0.77,159.4,0.91
2026-05-07 17:22:25,camasir,226.8,0.76,162.2,0.94
2026-05-07 17:22:26,camasir,226.6,0.76,163.1,0.94
2026-05-07 17:22:27,camasir,226.7,0.79,163.2,0.91
2026-05-07 17:22:28,camasir,226.6,2.32,259.3,0.49
2026-05-07 17:22:29,camasir,227.1,1.13,194.9,0.76
2026-05-07 17:22:30,camasir,227.1,1.13,194.9,0.76
2026-05-07 17:22:31,camasir,227.0,1.95,241.8,0.55
2026-05-07 17:22:32,camasir,226.3,1.37,214.6,0.69
2026-05-07 17:22:33,camasir,226.4,2.0,251.6,0.56
2026-05-07 17:22:34,camasir,226.8,1.25,198.0,0.7
2026-05-07 17:22:35,camasir,226.9,1.87,242.1,0.57
2026-05-07 17:22:36,camasir,226.9,1.87,242.1,0.57
2026-05-07 17:22:37,camasir,226.9,1.57,213.8,0.6
2026-05-07 17:22:38,camasir,226.9,1.96,245.4,0.55
2026-05-07 17:22:39,camasir,227.3,1.38,202.7,0.65
2026-05-07 17:22:40,camasir,227.3,1.54,218.1,0.62
2026-05-07 17:22:41,camasir,227.5,1.49,212.8,0.63
2026-05-07 17:22:42,camasir,227.5,1.49,212.8,0.63
2026-05-07 17:22:43,camasir,227.3,1.51,215.3,0.63
2026-05-07 17:22:44,camasir,227.2,1.52,216.5,0.63
2026-05-07 17:22:46,camasir,226.8,1.55,222.1,0.63
2026-05-07 17:22:47,camasir,226.7,1.44,211.8,0.65
2026-05-07 17:22:48,camasir,226.8,1.47,214.7,0.64
2026-05-07 17:22:49,camasir,226.8,1.47,214.7,0.64
2026-05-07 17:22:50,camasir,227.4,1.45,216.9,0.66
2026-05-07 17:22:51,camasir,227.3,1.48,217.9,0.65
2026-05-07 17:22:52,camasir,227.5,1.42,210.9,0.65
2026-05-07 17:22:53,camasir,227.0,1.46,214.2,0.64
2026-05-07 17:22:54,camasir,227.0,1.45,212.9,0.65
2026-05-07 17:22:55,camasir,227.0,1.45,212.9,0.65
2026-05-07 17:22:56,camasir,227.0,1.45,215.0,0.65
2026-05-07 17:22:57,camasir,227.2,1.44,212.5,0.65
2026-05-07 17:22:58,camasir,227.2,1.45,213.4,0.65
2026-05-07 17:22:59,camasir,227.3,1.42,210.7,0.65
2026-05-07 17:23:00,camasir,226.6,1.46,215.4,0.65
2026-05-07 17:23:01,camasir,226.6,1.46,215.4,0.65
2026-05-07 17:23:02,camasir,226.4,1.42,210.3,0.65
2026-05-07 17:23:03,camasir,226.6,1.46,212.9,0.64
2026-05-07 17:23:04,camasir,226.6,1.46,212.9,0.64
2026-05-07 17:23:05,camasir,226.6,1.43,210.5,0.65
2026-05-07 17:23:06,camasir,226.9,1.47,219.8,0.66
2026-05-07 17:23:07,camasir,226.9,1.47,219.8,0.66
2026-05-07 17:23:08,camasir,227.1,1.42,209.5,0.65
2026-05-07 17:23:09,camasir,226.8,1.46,213.9,0.65
2026-05-07 17:23:11,camasir,226.7,1.5,216.2,0.64
2026-05-07 17:23:12,camasir,226.7,1.6,227.3,0.63
2026-05-07 17:23:13,camasir,226.8,2.02,271.3,0.59
2026-05-07 17:23:14,camasir,226.8,2.02,271.3,0.59
2026-05-07 17:23:15,camasir,226.7,1.87,268.9,0.63
2026-05-07 17:23:16,camasir,226.5,1.83,269.1,0.65
2026-05-07 17:23:17,camasir,226.3,1.96,288.9,0.65
2026-05-07 17:23:18,camasir,226.0,2.08,311.2,0.66
2026-05-07 17:23:19,camasir,226.5,2.2,339.0,0.68
2026-05-07 17:23:20,camasir,226.5,2.2,339.0,0.68
2026-05-07 17:23:21,camasir,226.8,1.74,280.6,0.71
2026-05-07 17:23:23,camasir,226.5,1.96,307.9,0.69
2026-05-07 17:23:24,camasir,226.5,1.96,307.9,0.69
2026-05-07 17:23:25,camasir,226.7,2.06,327.4,0.7
2026-05-07 17:23:26,camasir,226.7,2.06,327.4,0.7
2026-05-07 17:23:28,camasir,227.1,2.01,324.7,0.71
2026-05-07 17:23:29,camasir,227.5,1.8,294.7,0.72
2026-05-07 17:23:30,camasir,227.1,1.84,300.2,0.72
2026-05-07 17:23:31,camasir,226.7,1.92,313.6,0.72
2026-05-07 17:23:32,camasir,226.9,1.94,316.6,0.72
2026-05-07 17:23:33,camasir,226.9,1.94,316.6,0.72
2026-05-07 17:23:34,camasir,227.0,1.94,322.8,0.73
2026-05-07 17:23:35,camasir,227.4,1.89,313.6,0.73
2026-05-07 17:23:36,camasir,227.2,1.88,317.2,0.74
2026-05-07 17:23:37,camasir,227.0,1.88,314.8,0.74
2026-05-07 17:23:38,camasir,226.8,1.88,315.7,0.74
2026-05-07 17:23:39,camasir,226.8,1.88,315.7,0.74
2026-05-07 17:23:40,camasir,226.9,1.9,320.9,0.75
2026-05-07 17:23:41,camasir,227.3,1.92,328.0,0.75
2026-05-07 17:23:42,camasir,226.6,1.9,325.8,0.76
2026-05-07 17:23:43,camasir,226.5,1.89,324.3,0.76
2026-05-07 17:23:44,camasir,226.6,1.87,322.3,0.76
2026-05-07 17:23:45,camasir,226.6,1.87,322.3,0.76
2026-05-07 17:23:46,camasir,226.8,1.87,323.9,0.76
2026-05-07 17:23:48,camasir,226.6,1.9,330.7,0.77
2026-05-07 17:23:50,camasir,226.4,1.91,334.5,0.77
2026-05-07 17:23:51,camasir,226.4,1.91,334.5,0.77
2026-05-07 17:23:55,camasir,226.7,1.88,334.8,0.78
2026-05-07 17:23:57,camasir,226.4,1.9,339.4,0.79
2026-05-07 17:23:58,camasir,226.6,1.92,343.2,0.79
2026-05-07 17:23:59,camasir,226.8,1.95,349.6,0.79
2026-05-07 17:24:00,camasir,227.0,1.96,355.0,0.8
2026-05-07 17:24:02,camasir,226.2,1.85,335.1,0.8
2026-05-07 17:24:03,camasir,226.2,1.85,335.1,0.8
2026-05-07 17:24:04,camasir,226.2,1.86,336.6,0.8
2026-05-07 17:24:05,camasir,226.2,1.93,351.4,0.81
2026-05-07 17:24:06,camasir,226.6,1.96,360.4,0.81
2026-05-07 17:24:07,camasir,226.8,1.96,361.1,0.81
2026-05-07 17:24:08,camasir,227.0,1.96,363.1,0.82
2026-05-07 17:24:09,camasir,227.0,1.96,363.1,0.82
2026-05-07 17:24:10,camasir,226.7,1.93,358.0,0.82
2026-05-07 17:24:11,camasir,226.5,1.93,360.7,0.83
2026-05-07 17:24:18,camasir,226.5,2.01,378.5,0.83
2026-05-07 17:24:19,camasir,226.6,2.03,385.3,0.84
2026-05-07 17:24:20,camasir,227.1,2.01,382.0,0.84
2026-05-07 17:24:21,camasir,227.0,2.02,386.5,0.84
2026-05-07 17:24:23,camasir,227.0,2.02,386.5,0.84
2026-05-07 17:24:24,camasir,226.6,2.0,383.9,0.85
2026-05-07 17:24:25,camasir,226.4,1.93,368.4,0.84
2026-05-07 17:24:26,camasir,226.5,1.9,361.0,0.84
2026-05-07 17:24:27,camasir,226.4,1.92,367.4,0.85
2026-05-07 17:24:28,camasir,227.0,1.92,365.5,0.84
2026-05-07 17:24:29,camasir,227.0,1.92,365.5,0.84
2026-05-07 17:24:30,camasir,227.0,1.95,370.3,0.84
2026-05-07 17:24:31,camasir,226.3,1.93,367.1,0.84
2026-05-07 17:24:32,camasir,225.8,1.95,371.6,0.84
2026-05-07 17:24:33,camasir,225.8,1.93,366.0,0.84
2026-05-07 17:24:34,camasir,225.8,1.93,366.5,0.84
2026-05-07 17:24:35,camasir,226.1,1.93,366.5,0.84
2026-05-07 17:24:36,camasir,225.9,1.92,364.7,0.84
2026-05-07 17:24:37,camasir,225.7,1.94,368.6,0.84
2026-05-07 17:24:38,camasir,225.8,1.93,366.8,0.84
2026-05-07 17:24:39,camasir,225.8,1.93,365.4,0.84
2026-05-07 17:24:40,camasir,225.8,1.93,365.4,0.84
2026-05-07 17:24:42,camasir,226.1,1.93,366.9,0.84
2026-05-07 17:24:43,camasir,226.1,1.93,368.2,0.84
2026-05-07 17:24:45,camasir,226.6,1.92,364.9,0.84
2026-05-07 17:24:46,camasir,226.6,1.92,363.9,0.84
2026-05-07 17:24:47,camasir,226.6,1.92,363.9,0.84
2026-05-07 17:24:48,camasir,226.6,1.94,370.7,0.84
2026-05-07 17:24:49,camasir,226.6,1.96,372.7,0.84
2026-05-07 17:24:50,camasir,226.2,2.0,380.1,0.84
2026-05-07 17:24:51,camasir,226.4,2.07,396.6,0.85
2026-05-07 17:24:53,camasir,226.5,2.07,398.9,0.85
2026-05-07 17:24:54,camasir,226.5,2.04,395.0,0.85
2026-05-07 17:24:56,camasir,226.1,2.08,402.7,0.86
2026-05-07 17:24:57,camasir,226.1,2.11,412.0,0.86
2026-05-07 17:24:58,camasir,226.3,2.11,412.1,0.86
2026-05-07 17:24:59,camasir,226.3,2.11,412.1,0.86
2026-05-07 17:25:00,camasir,226.3,2.11,413.7,0.87
2026-05-07 17:25:01,camasir,226.2,2.17,429.0,0.87
2026-05-07 17:25:02,camasir,226.3,2.14,422.8,0.87
2026-05-07 17:25:03,camasir,226.5,2.12,420.7,0.87
2026-05-07 17:25:04,camasir,226.4,2.14,425.2,0.88
2026-05-07 17:25:06,camasir,226.4,2.14,425.2,0.88
2026-05-07 17:25:07,camasir,226.6,2.17,433.7,0.88
2026-05-07 17:25:08,camasir,226.8,2.16,431.6,0.88
2026-05-07 17:25:09,camasir,226.5,2.14,427.4,0.88
2026-05-07 17:25:10,camasir,226.6,2.17,434.5,0.88
2026-05-07 17:25:11,camasir,226.5,2.18,438.8,0.89
2026-05-07 17:25:12,camasir,226.5,2.18,438.8,0.89
2026-05-07 17:25:13,camasir,226.4,2.22,448.9,0.89
2026-05-07 17:25:14,camasir,226.5,2.23,451.2,0.89
2026-05-07 17:25:15,camasir,226.6,2.24,456.0,0.9
2026-05-07 17:25:16,camasir,226.4,2.25,458.0,0.9
2026-05-07 17:25:17,camasir,226.5,2.26,462.2,0.9
2026-05-07 17:25:18,camasir,226.5,2.26,462.2,0.9
2026-05-07 17:25:19,camasir,226.5,2.26,462.2,0.9
2026-05-07 17:25:20,camasir,226.8,2.28,469.6,0.91
2026-05-07 17:25:21,camasir,226.8,2.3,474.9,0.91
2026-05-07 17:25:22,camasir,227.0,2.27,470.1,0.91
2026-05-07 17:25:23,camasir,227.2,2.28,472.4,0.91
2026-05-07 17:25:24,camasir,227.2,2.28,472.4,0.91
2026-05-07 17:25:25,camasir,227.2,2.26,469.2,0.91
2026-05-07 17:25:26,camasir,227.2,2.27,472.2,0.91
2026-05-07 17:25:27,camasir,227.3,2.36,494.5,0.92
2026-05-07 17:25:28,camasir,227.8,2.34,492.4,0.93
2026-05-07 17:25:30,camasir,227.5,2.2,457.8,0.91
2026-05-07 17:25:31,camasir,227.5,2.2,457.8,0.91
2026-05-07 17:25:32,camasir,227.7,2.2,456.9,0.91
2026-05-07 17:25:33,camasir,227.3,2.21,458.0,0.91
2026-05-07 17:25:34,camasir,227.4,2.23,462.6,0.91
2026-05-07 17:25:35,camasir,227.2,2.22,461.0,0.91
2026-05-07 17:25:36,camasir,227.1,2.24,465.4,0.92
2026-05-07 17:25:37,camasir,227.1,2.24,465.4,0.92
2026-05-07 17:25:38,camasir,226.7,2.22,459.0,0.91
2026-05-07 17:25:39,camasir,226.6,2.22,460.9,0.91
2026-05-07 17:25:40,camasir,226.4,2.22,459.1,0.91
2026-05-07 17:25:41,camasir,226.4,2.22,460.0,0.92
2026-05-07 17:25:42,camasir,226.3,2.21,458.4,0.91
2026-05-07 17:25:43,camasir,226.3,2.21,458.4,0.91
2026-05-07 17:25:44,camasir,226.3,2.22,460.0,0.91
2026-05-07 17:25:45,camasir,226.2,2.21,457.0,0.91
2026-05-07 17:25:46,camasir,226.2,2.27,470.6,0.92
2026-05-07 17:25:47,camasir,226.3,2.31,483.3,0.93
2026-05-07 17:25:48,camasir,226.4,2.32,483.2,0.92
2026-05-07 17:25:50,camasir,226.4,2.32,483.2,0.92
2026-05-07 17:25:51,camasir,226.3,2.23,463.8,0.92
2026-05-07 17:25:52,camasir,226.2,2.23,461.0,0.92
2026-05-07 17:25:53,camasir,226.3,2.21,456.7,0.91
2026-05-07 17:25:54,camasir,226.5,2.21,457.7,0.91
2026-05-07 17:25:55,camasir,226.8,2.19,454.7,0.91
2026-05-07 17:25:56,camasir,226.8,2.19,454.7,0.91
2026-05-07 17:25:57,camasir,227.1,2.2,456.1,0.91
2026-05-07 17:25:58,camasir,227.1,2.21,459.1,0.91
2026-05-07 17:25:59,camasir,226.9,2.2,458.0,0.92
2026-05-07 17:26:00,camasir,227.3,2.2,457.0,0.91
2026-05-07 17:26:01,camasir,227.8,2.19,455.1,0.91
2026-05-07 17:26:02,camasir,227.8,2.19,455.1,0.91
2026-05-07 17:26:03,camasir,227.3,2.17,449.3,0.91
2026-05-07 17:26:04,camasir,227.3,2.17,451.0,0.91
2026-05-07 17:26:05,camasir,226.9,2.17,449.5,0.91
2026-05-07 17:26:08,camasir,226.8,2.2,456.7,0.91
2026-05-07 17:26:09,camasir,226.9,2.19,453.4,0.91
2026-05-07 17:26:10,camasir,226.8,2.18,450.3,0.91
2026-05-07 17:26:11,camasir,226.7,2.16,447.2,0.91
2026-05-07 17:26:12,camasir,226.4,2.18,451.0,0.91
2026-05-07 17:26:13,camasir,226.5,2.18,451.7,0.91
2026-05-07 17:26:14,camasir,226.5,2.18,451.7,0.91
2026-05-07 17:26:15,camasir,227.0,2.18,450.6,0.91
2026-05-07 17:26:16,camasir,227.1,2.16,446.9,0.91
2026-05-07 17:26:17,camasir,227.2,2.17,449.2,0.91
2026-05-07 17:26:18,camasir,226.8,2.18,451.3,0.91
2026-05-07 17:26:19,camasir,226.6,2.17,448.8,0.91
2026-05-07 17:26:20,camasir,226.6,2.17,448.8,0.91
2026-05-07 17:26:21,camasir,226.9,2.17,450.2,0.91
2026-05-07 17:26:22,camasir,227.0,2.18,452.0,0.91
2026-05-07 17:26:23,camasir,226.6,2.16,446.7,0.91
2026-05-07 17:26:24,camasir,226.0,2.18,450.3,0.91
2026-05-07 17:26:25,camasir,226.2,2.19,453.1,0.91
2026-05-07 17:26:26,camasir,226.2,2.19,453.1,0.91
2026-05-07 17:26:27,camasir,226.9,2.17,450.7,0.91
2026-05-07 17:26:28,camasir,226.9,2.17,449.6,0.91
2026-05-07 17:26:29,camasir,226.6,2.16,446.6,0.91
2026-05-07 17:26:31,camasir,226.6,2.17,448.0,0.91
2026-05-07 17:26:32,camasir,227.0,2.18,452.3,0.91
2026-05-07 17:26:33,camasir,227.0,2.18,452.3,0.91
2026-05-07 17:26:34,camasir,226.9,2.18,452.3,0.92
2026-05-07 17:26:35,camasir,226.8,2.17,448.4,0.91
2026-05-07 17:26:36,camasir,226.7,2.17,448.0,0.91
2026-05-07 17:26:37,camasir,226.8,2.16,447.5,0.91
2026-05-07 17:26:38,camasir,226.9,2.17,449.5,0.91
2026-05-07 17:26:39,camasir,226.9,2.17,449.5,0.91
2026-05-07 17:26:41,camasir,227.3,2.16,446.4,0.91
2026-05-07 17:26:43,camasir,227.3,2.16,446.3,0.91
2026-05-07 17:26:44,camasir,226.8,2.17,449.9,0.91
2026-05-07 17:26:45,camasir,227.1,2.17,450.9,0.91
2026-05-07 17:26:46,camasir,227.1,2.17,450.9,0.91
2026-05-07 17:26:47,camasir,227.4,2.16,448.4,0.91
2026-05-07 17:26:48,camasir,227.2,2.16,448.4,0.91
2026-05-07 17:26:49,camasir,227.1,2.17,449.6,0.91
2026-05-07 17:26:51,camasir,227.1,2.17,448.3,0.91
2026-05-07 17:26:52,camasir,227.1,2.17,448.3,0.91
2026-05-07 17:26:53,camasir,227.1,2.17,449.6,0.91
2026-05-07 17:26:54,camasir,227.4,2.17,451.2,0.91
2026-05-07 17:26:56,camasir,227.5,2.15,446.2,0.91
2026-05-07 17:26:57,camasir,227.3,2.16,447.1,0.91
2026-05-07 17:26:58,camasir,227.3,2.16,447.1,0.91
2026-05-07 17:26:59,camasir,227.2,2.16,447.4,0.91
2026-05-07 17:27:00,camasir,227.3,2.17,449.7,0.91
2026-05-07 17:27:01,camasir,227.3,2.16,446.7,0.91
2026-05-07 17:27:02,camasir,227.0,2.15,445.8,0.91
2026-05-07 17:27:03,camasir,227.0,2.18,451.1,0.91
2026-05-07 17:27:04,camasir,227.0,2.18,451.1,0.91
2026-05-07 17:27:05,camasir,227.0,2.16,448.7,0.91
2026-05-07 17:27:06,camasir,227.2,2.16,448.4,0.91
2026-05-07 17:27:07,camasir,227.8,2.16,449.1,0.91
2026-05-07 17:27:08,camasir,227.9,2.16,447.7,0.91
2026-05-07 17:27:09,camasir,227.7,2.17,452.1,0.91
2026-05-07 17:27:10,camasir,227.7,2.17,452.1,0.91
2026-05-07 17:27:11,camasir,227.6,2.16,447.3,0.91
2026-05-07 17:27:12,camasir,227.6,2.16,447.6,0.91
2026-05-07 17:27:13,camasir,227.7,2.16,447.9,0.91
2026-05-07 17:27:14,camasir,227.9,2.17,451.1,0.91
2026-05-07 17:27:15,camasir,227.7,2.15,447.1,0.91
2026-05-07 17:27:16,camasir,227.7,2.15,447.1,0.91
2026-05-07 17:27:18,camasir,227.4,2.16,449.3,0.91
2026-05-07 17:27:19,camasir,227.3,2.16,447.0,0.91
2026-05-07 17:27:20,camasir,227.5,2.17,450.9,0.91
2026-05-07 17:27:21,camasir,227.8,2.08,439.2,0.93
2026-05-07 17:27:22,camasir,228.3,0.76,162.7,0.94
2026-05-07 17:27:23,camasir,227.7,0.77,166.2,0.94
2026-05-07 17:27:24,camasir,227.7,0.77,166.2,0.94
2026-05-07 17:27:25,camasir,227.5,0.79,168.9,0.94
2026-05-07 17:27:26,camasir,227.3,0.76,161.8,0.94
2026-05-07 17:27:27,camasir,227.6,0.75,161.5,0.94
2026-05-07 17:27:28,camasir,227.6,0.76,162.1,0.94
2026-05-07 17:27:29,camasir,227.6,0.77,164.1,0.94
2026-05-07 17:27:30,camasir,227.5,0.77,164.1,0.94
2026-05-07 17:27:32,camasir,227.4,0.75,161.3,0.94
2026-05-07 17:27:33,camasir,227.8,0.75,161.3,0.94
2026-05-07 17:27:34,camasir,228.1,0.76,164.1,0.94
2026-05-07 17:27:36,camasir,228.0,0.76,162.4,0.94
2026-05-07 17:27:37,camasir,228.0,0.75,157.3,0.92
2026-05-07 17:27:38,camasir,228.0,0.75,157.3,0.92
2026-05-07 17:27:39,camasir,228.0,0.79,166.6,0.93
2026-05-07 17:27:40,camasir,227.9,0.77,163.8,0.94
2026-05-07 17:27:41,camasir,227.9,0.77,163.8,0.94
2026-05-07 17:27:42,camasir,228.1,0.75,161.8,0.94
2026-05-07 17:27:44,camasir,228.0,0.75,161.5,0.94
2026-05-07 17:27:45,camasir,228.1,0.75,162.2,0.94
2026-05-07 17:27:46,camasir,227.9,0.76,163.4,0.94
2026-05-07 17:27:47,camasir,227.7,0.76,162.4,0.94
2026-05-07 17:27:48,camasir,227.7,0.76,162.4,0.94
2026-05-07 17:27:49,camasir,227.9,0.75,160.9,0.94
2026-05-07 17:27:50,camasir,227.8,0.76,163.9,0.94
2026-05-07 17:27:51,camasir,227.8,0.76,162.4,0.94
2026-05-07 17:27:52,camasir,227.6,0.76,162.2,0.94
2026-05-07 17:27:53,camasir,227.2,0.77,165.8,0.95
2026-05-07 17:27:54,camasir,227.2,0.77,165.8,0.95
2026-05-07 17:27:55,camasir,227.4,0.77,163.7,0.94
2026-05-07 17:27:57,camasir,227.2,0.76,161.9,0.94
2026-05-07 17:27:58,camasir,227.4,0.76,161.7,0.94
2026-05-07 17:27:59,camasir,227.6,0.75,161.0,0.94
2026-05-07 17:28:00,camasir,227.6,0.77,164.1,0.94
2026-05-07 17:28:01,camasir,227.6,0.77,164.1,0.94
2026-05-07 17:28:02,camasir,227.3,0.76,162.5,0.94
2026-05-07 17:28:03,camasir,227.4,0.75,161.6,0.94
2026-05-07 17:28:04,camasir,227.4,0.75,161.6,0.94
2026-05-07 17:28:05,camasir,227.6,0.75,161.9,0.94
2026-05-07 17:28:06,camasir,227.8,0.76,163.8,0.94
2026-05-07 17:28:07,camasir,227.9,0.78,166.9,0.94
2026-05-07 17:28:08,camasir,227.9,0.78,166.9,0.94
2026-05-07 17:28:09,camasir,227.8,0.75,158.3,0.92
2026-05-07 17:28:10,camasir,228.1,0.74,148.1,0.88
2026-05-07 17:28:11,camasir,228.0,0.75,149.8,0.88
2026-05-07 17:28:12,camasir,227.8,0.75,149.0,0.88
2026-05-07 17:28:13,camasir,227.7,0.81,162.3,0.88
2026-05-07 17:28:14,camasir,227.7,0.81,162.3,0.88
2026-05-07 17:28:15,camasir,227.6,0.83,168.4,0.89
2026-05-07 17:28:16,camasir,227.5,0.84,170.2,0.89
2026-05-07 17:28:18,camasir,227.5,0.8,160.7,0.89
2026-05-07 17:28:19,camasir,227.5,0.8,160.7,0.89
2026-05-07 17:28:20,camasir,227.7,0.77,153.5,0.88
2026-05-07 18:10:53,stabil,226.0,0.68,135.6,0.88
2026-05-07 18:10:54,stabil,225.4,0.67,133.1,0.88
2026-05-07 18:10:55,stabil,225.1,0.68,133.1,0.88
2026-05-07 18:10:56,stabil,224.5,0.67,132.3,0.88
2026-05-07 18:10:57,stabil,224.5,0.67,132.3,0.88
2026-05-07 18:10:58,stabil,224.2,0.69,135.0,0.88
2026-05-07 18:10:59,stabil,224.2,0.67,132.4,0.88
2026-05-07 18:11:00,stabil,224.2,0.68,132.6,0.88
2026-05-07 18:11:01,stabil,224.3,0.68,133.1,0.88
2026-05-07 18:11:02,stabil,224.0,0.68,134.5,0.88
2026-05-07 18:11:03,stabil,224.0,0.68,134.5,0.88
2026-05-07 18:11:04,stabil,223.8,0.67,132.1,0.88
2026-05-07 18:11:05,stabil,223.9,0.67,132.4,0.88
2026-05-07 18:11:06,stabil,223.9,0.67,132.1,0.88
2026-05-07 18:11:07,stabil,224.4,0.68,134.6,0.88
2026-05-07 18:11:08,stabil,224.3,0.68,134.6,0.88
2026-05-07 18:11:10,stabil,224.3,0.68,134.6,0.88
2026-05-07 18:11:11,stabil,224.5,0.67,132.6,0.88
2026-05-07 18:11:12,stabil,224.6,0.7,137.8,0.87
2026-05-07 18:11:13,stabil,224.8,0.73,143.6,0.88
2026-05-07 18:11:14,stabil,224.5,0.72,141.4,0.87
2026-05-07 18:11:15,stabil,224.5,0.72,141.4,0.87
2026-05-07 18:11:16,stabil,224.2,0.74,144.5,0.87
2026-05-07 18:11:17,stabil,224.2,0.72,141.8,0.88
2026-05-07 18:11:18,stabil,224.1,0.76,150.0,0.88
2026-05-07 18:11:19,stabil,224.1,0.72,141.3,0.87
2026-05-07 18:11:20,stabil,224.3,0.8,157.4,0.88
2026-05-07 18:11:21,stabil,224.3,0.8,157.4,0.88
2026-05-07 18:11:22,stabil,224.0,0.77,153.5,0.89
2026-05-07 18:11:23,stabil,223.9,0.76,150.3,0.88
2026-05-07 18:11:24,stabil,223.9,0.72,140.8,0.87
2026-05-07 18:11:25,stabil,223.8,0.72,140.9,0.87
2026-05-07 18:11:26,stabil,223.1,0.72,141.0,0.88
2026-05-07 18:11:27,stabil,223.1,0.72,141.0,0.88
2026-05-07 18:11:28,stabil,223.1,0.73,142.4,0.88
2026-05-07 18:11:29,stabil,223.6,0.72,140.8,0.87
2026-05-07 18:11:30,stabil,224.5,0.72,141.0,0.87
2026-05-07 18:11:31,stabil,224.8,0.72,141.1,0.87
2026-05-07 18:11:32,stabil,224.8,0.73,143.7,0.88
2026-05-07 18:11:33,stabil,224.8,0.73,143.7,0.88
2026-05-07 18:11:34,stabil,224.6,0.72,140.8,0.87
2026-05-07 18:11:36,stabil,224.3,0.72,140.9,0.87
2026-05-07 18:11:37,stabil,224.3,0.76,150.0,0.88
2026-05-07 18:11:38,stabil,224.6,0.74,145.8,0.88
2026-05-07 18:11:39,stabil,224.2,0.73,142.3,0.88
2026-05-07 18:11:40,stabil,224.2,0.73,142.3,0.88
2026-05-07 18:11:41,stabil,223.9,0.72,141.7,0.88
2026-05-07 18:11:42,stabil,223.9,0.72,141.1,0.87
2026-05-07 18:11:43,stabil,224.0,0.81,160.1,0.88
2026-05-07 18:11:44,stabil,224.3,0.77,153.6,0.89
2026-05-07 18:11:45,stabil,224.3,0.77,153.6,0.89
2026-05-07 18:11:46,stabil,224.9,0.81,162.1,0.89
2026-05-07 18:11:47,stabil,224.9,0.81,162.1,0.89
2026-05-07 18:11:48,stabil,224.8,0.79,157.6,0.89
2026-05-07 18:11:49,stabil,224.6,0.68,132.9,0.87
2026-05-07 18:11:50,stabil,224.9,0.6,126.7,0.93
2026-05-07 18:11:51,stabil,225.6,0.76,163.0,0.95
2026-05-07 18:11:52,stabil,226.2,0.81,176.8,0.96
2026-05-07 18:11:53,stabil,226.2,0.81,176.8,0.96
2026-05-07 18:11:54,stabil,225.9,0.87,189.2,0.97
2026-05-07 18:11:55,stabil,225.6,0.85,185.1,0.97
2026-05-07 18:11:56,stabil,225.6,0.84,183.6,0.97
2026-05-07 18:11:57,stabil,225.5,0.84,183.2,0.97
2026-05-07 18:11:58,stabil,225.5,0.84,183.2,0.97
2026-05-07 18:11:59,stabil,226.4,0.85,185.9,0.97
2026-05-07 18:12:01,stabil,227.6,0.84,184.3,0.97
2026-05-07 18:12:02,stabil,227.2,0.86,189.6,0.97
2026-05-07 18:12:03,stabil,226.3,0.84,183.1,0.97
2026-05-07 18:12:04,stabil,226.6,0.85,185.6,0.96
2026-05-07 18:12:05,stabil,226.6,0.85,185.6,0.96
2026-05-07 18:12:06,stabil,226.7,0.84,183.5,0.97
2026-05-07 18:12:07,stabil,226.5,0.84,183.2,0.97
2026-05-07 18:12:08,stabil,225.9,0.84,183.3,0.96
2026-05-07 18:12:09,stabil,226.2,0.84,184.9,0.97
2026-05-07 18:12:10,stabil,226.3,0.84,182.9,0.97
2026-05-07 18:12:11,stabil,226.3,0.84,182.9,0.97
2026-05-07 18:12:12,stabil,226.1,0.84,182.5,0.97
2026-05-07 18:12:13,stabil,226.3,0.85,185.0,0.96
2026-05-07 18:12:14,stabil,226.6,0.84,185.3,0.97
2026-05-07 18:12:15,stabil,226.6,0.84,183.3,0.97
2026-05-07 18:12:16,stabil,226.7,0.84,182.9,0.97
2026-05-07 18:12:17,stabil,226.7,0.84,182.9,0.97
2026-05-07 18:12:18,stabil,226.8,0.85,185.2,0.96
2026-05-07 18:12:19,stabil,226.9,0.84,183.7,0.97
2026-05-07 18:12:20,stabil,227.4,0.84,183.5,0.97
2026-05-07 18:12:22,stabil,227.7,0.85,185.4,0.96
2026-05-07 18:12:23,stabil,227.4,0.91,201.2,0.97
2026-05-07 18:12:24,stabil,227.4,0.91,201.2,0.97
2026-05-07 18:12:25,stabil,227.3,0.9,199.0,0.97
2026-05-07 18:12:26,stabil,227.4,0.9,199.2,0.97
2026-05-07 18:12:27,stabil,227.8,0.9,199.9,0.97
2026-05-07 18:12:28,stabil,227.9,0.91,201.6,0.97
2026-05-07 18:12:29,stabil,227.5,0.9,199.2,0.97
2026-05-07 18:12:30,stabil,227.5,0.9,199.2,0.97
2026-05-07 18:12:31,stabil,227.1,0.92,201.4,0.97
2026-05-07 18:12:32,stabil,227.3,1.02,224.6,0.97
2026-05-07 18:12:33,stabil,227.6,0.95,208.9,0.97
2026-05-07 18:12:34,stabil,227.5,0.9,199.7,0.97
2026-05-07 18:12:35,stabil,227.4,0.9,199.2,0.97
2026-05-07 18:12:36,stabil,227.4,0.9,199.2,0.97
2026-05-07 18:12:37,stabil,227.5,0.93,204.5,0.97
2026-05-07 18:12:38,stabil,227.4,0.92,202.1,0.97
2026-05-07 18:12:40,stabil,227.6,0.9,199.1,0.97
2026-05-07 18:12:41,stabil,227.8,0.9,199.3,0.97
2026-05-07 18:12:42,stabil,227.8,0.9,199.3,0.97
2026-05-07 18:12:43,stabil,227.8,0.9,199.3,0.97
2026-05-07 18:12:44,stabil,227.8,0.91,201.5,0.97
2026-05-07 18:12:45,stabil,227.1,0.9,199.0,0.97
2026-05-07 18:12:46,stabil,227.1,0.9,198.8,0.97
2026-05-07 18:12:47,stabil,227.1,0.9,198.6,0.97
2026-05-07 18:12:48,stabil,227.1,0.9,198.6,0.97
2026-05-07 18:12:50,stabil,226.9,0.91,200.6,0.97
2026-05-07 18:12:51,stabil,227.0,0.91,199.4,0.97
2026-05-07 18:12:52,stabil,227.4,0.9,199.1,0.97
2026-05-07 18:12:53,stabil,227.6,0.9,199.1,0.97
2026-05-07 18:12:54,stabil,227.6,0.91,201.4,0.97
2026-05-07 18:12:55,stabil,227.6,0.91,201.4,0.97
2026-05-07 18:12:56,stabil,227.5,0.9,199.3,0.97
2026-05-07 18:12:57,stabil,227.6,0.9,198.8,0.97
2026-05-07 18:12:58,stabil,227.3,0.9,199.1,0.97
2026-05-07 18:12:59,stabil,227.4,0.91,201.6,0.97
2026-05-07 18:13:00,stabil,227.4,0.9,199.5,0.97
2026-05-07 18:13:01,stabil,227.4,0.9,199.5,0.97
2026-05-07 18:13:02,stabil,227.4,0.91,200.6,0.97
2026-05-07 18:13:03,stabil,227.1,0.95,209.0,0.97
2026-05-07 18:13:04,stabil,226.7,0.99,218.1,0.97
2026-05-07 18:13:05,stabil,226.7,0.94,206.8,0.97
2026-05-07 18:13:06,stabil,225.9,0.91,198.6,0.97
2026-05-07 18:13:07,stabil,225.9,0.91,198.6,0.97
2026-05-07 18:13:08,stabil,225.9,0.9,198.3,0.97
2026-05-07 18:13:09,stabil,225.9,0.91,200.3,0.97
2026-05-07 18:13:10,stabil,225.7,0.9,197.8,0.97
2026-05-07 18:13:12,stabil,226.7,0.9,198.6,0.97
2026-05-07 18:13:13,stabil,226.7,0.9,198.8,0.97
2026-05-07 18:13:14,stabil,226.7,0.9,198.8,0.97
2026-05-07 18:13:15,stabil,226.7,0.91,200.9,0.97
2026-05-07 18:13:16,stabil,226.5,0.9,198.9,0.97
2026-05-07 18:13:17,stabil,226.3,0.9,198.3,0.97
2026-05-07 18:13:18,stabil,227.2,0.9,199.1,0.97
2026-05-07 18:13:19,stabil,227.6,0.91,201.7,0.97
2026-05-07 18:13:20,stabil,227.6,0.91,201.7,0.97
2026-05-07 18:13:21,stabil,227.7,0.9,199.6,0.97
2026-05-07 18:13:22,stabil,227.2,0.9,199.3,0.97
2026-05-07 18:13:23,stabil,227.0,0.9,198.6,0.97
2026-05-07 18:13:24,stabil,226.7,0.91,200.8,0.97
2026-05-07 18:13:25,stabil,227.3,0.9,199.3,0.97
2026-05-07 18:13:26,stabil,227.3,0.9,199.3,0.97
2026-05-07 18:13:27,stabil,227.2,0.9,199.2,0.97
2026-05-07 18:13:28,stabil,226.2,0.9,197.8,0.97
2026-05-07 18:13:29,stabil,225.9,0.91,200.0,0.97
2026-05-07 18:13:30,stabil,225.8,0.9,197.7,0.97
2026-05-07 18:13:31,stabil,225.8,0.9,197.7,0.97
2026-05-07 18:13:32,stabil,224.9,0.9,196.6,0.97
2026-05-07 18:13:33,stabil,224.8,0.91,198.3,0.97
2026-05-07 18:13:34,stabil,225.1,0.99,215.6,0.97
2026-05-07 18:13:35,stabil,224.9,0.95,208.3,0.97
2026-05-07 18:13:36,stabil,225.0,0.94,205.3,0.97
2026-05-07 18:13:38,stabil,225.0,0.94,205.3,0.97
2026-05-07 18:13:39,stabil,225.8,0.9,197.7,0.97
2026-05-07 18:13:40,stabil,226.2,0.92,200.7,0.97
2026-05-07 18:13:41,stabil,226.4,0.9,198.4,0.97
2026-05-07 18:13:42,stabil,226.2,0.9,197.7,0.97
2026-05-07 18:13:43,stabil,225.4,0.91,199.8,0.97
2026-05-07 18:13:44,stabil,225.4,0.91,199.8,0.97
2026-05-07 18:13:45,stabil,225.4,0.91,199.8,0.97
2026-05-07 18:13:46,stabil,225.3,0.92,200.0,0.97
2026-05-07 18:13:47,stabil,225.8,0.9,197.9,0.97
2026-05-07 18:13:49,stabil,226.6,0.9,198.3,0.97
2026-05-07 18:13:50,stabil,227.2,0.91,201.3,0.97
2026-05-07 18:13:51,stabil,227.2,0.91,201.3,0.97
2026-05-07 18:13:52,stabil,227.6,0.9,199.3,0.97
2026-05-07 18:13:53,stabil,227.6,0.9,199.1,0.97
2026-05-07 18:13:54,stabil,227.6,0.9,199.4,0.97
2026-05-07 18:13:55,stabil,227.7,0.93,205.3,0.97
2026-05-07 18:13:56,stabil,227.6,0.9,199.3,0.97
2026-05-07 18:13:57,stabil,227.7,0.9,199.3,0.97
2026-05-07 18:13:58,stabil,227.7,0.9,199.3,0.97
2026-05-07 18:13:59,stabil,227.4,0.9,198.8,0.97
2026-05-07 18:14:00,stabil,227.4,0.91,201.3,0.97
2026-05-07 18:14:01,stabil,227.3,0.9,199.5,0.97
2026-05-07 18:14:02,stabil,227.2,0.9,198.8,0.97
2026-05-07 18:14:04,stabil,227.4,0.9,199.8,0.97
2026-05-07 18:14:05,stabil,227.4,0.9,199.8,0.97
2026-05-07 18:14:06,stabil,227.5,0.92,202.6,0.97
2026-05-07 18:14:07,stabil,226.7,1.01,222.2,0.97
2026-05-07 18:14:08,stabil,226.5,0.94,206.2,0.97
2026-05-07 18:14:09,stabil,226.7,0.92,202.9,0.97
2026-05-07 18:14:10,stabil,226.7,0.92,202.9,0.97
2026-05-07 18:14:11,stabil,228.0,0.91,201.9,0.97
2026-05-07 18:14:12,stabil,228.0,0.9,199.3,0.97
2026-05-07 18:14:13,stabil,227.9,0.9,199.9,0.97
2026-05-07 18:14:14,stabil,228.0,0.9,199.5,0.97
2026-05-07 18:14:15,stabil,228.0,0.9,199.5,0.97
2026-05-07 18:14:16,stabil,227.6,0.91,201.8,0.97
2026-05-07 18:14:17,stabil,227.8,0.9,199.4,0.97
2026-05-07 18:14:18,stabil,227.6,0.9,199.0,0.97
2026-05-07 18:14:19,stabil,227.6,0.9,199.2,0.97
2026-05-07 18:14:20,stabil,227.1,0.91,200.8,0.97
2026-05-07 18:14:21,stabil,227.1,0.91,200.8,0.97
2026-05-07 18:14:22,stabil,226.8,0.9,198.5,0.97
2026-05-07 18:14:23,stabil,226.9,0.9,198.3,0.97
2026-05-07 18:14:24,stabil,227.1,0.9,199.0,0.97
2026-05-07 18:14:25,stabil,226.0,0.92,200.6,0.97
2026-05-07 18:14:26,stabil,225.5,0.9,197.2,0.97
2026-05-07 18:14:27,stabil,225.5,0.9,197.2,0.97
2026-05-07 18:14:28,stabil,225.5,0.9,197.3,0.97
2026-05-07 18:14:29,stabil,225.5,0.9,197.3,0.97
2026-05-07 18:14:31,stabil,226.8,0.91,200.8,0.97
2026-05-07 18:14:32,stabil,226.5,0.9,197.8,0.97
2026-05-07 18:14:33,stabil,226.2,0.9,197.8,0.97
2026-05-07 18:14:34,stabil,226.7,0.9,198.4,0.97
2026-05-07 18:14:36,stabil,226.7,0.9,198.4,0.97
2026-05-07 18:14:37,stabil,227.0,0.92,202.2,0.97
2026-05-07 18:14:38,stabil,227.4,0.94,205.8,0.97
2026-05-07 18:14:39,stabil,227.1,0.99,219.4,0.97
2026-05-07 18:14:40,stabil,227.5,0.94,207.7,0.97
2026-05-07 18:14:41,stabil,227.5,0.91,201.6,0.97
2026-05-07 18:14:42,stabil,227.5,0.91,201.6,0.97
2026-05-07 18:14:43,stabil,227.4,0.9,198.8,0.97
2026-05-07 18:14:44,stabil,227.6,0.9,199.0,0.97
2026-05-07 18:14:45,stabil,227.6,0.9,199.1,0.97
2026-05-07 18:14:46,stabil,227.6,0.91,201.5,0.97
2026-05-07 18:14:47,stabil,227.6,0.88,194.9,0.97
2026-05-07 18:14:48,stabil,227.6,0.88,194.9,0.97
2026-05-07 18:14:49,stabil,227.6,0.87,191.7,0.97
2026-05-07 18:14:50,stabil,228.0,0.88,192.9,0.96
2026-05-07 18:14:52,stabil,228.1,0.88,194.2,0.97
2026-05-07 18:14:53,stabil,228.2,0.87,192.5,0.97
2026-05-07 18:14:54,stabil,228.2,0.87,192.5,0.97
2026-05-07 18:14:55,stabil,228.3,0.87,192.5,0.97
2026-05-07 18:14:56,stabil,228.4,0.92,203.5,0.96
2026-05-07 18:14:57,stabil,228.2,0.88,194.3,0.97
2026-05-07 18:14:58,stabil,228.4,0.87,193.2,0.97
2026-05-07 18:14:59,stabil,228.6,0.87,193.3,0.97
2026-05-07 18:15:00,stabil,228.6,0.87,193.3,0.97
2026-05-07 18:15:01,stabil,228.4,0.88,195.4,0.97
2026-05-07 18:15:02,stabil,227.3,0.88,193.8,0.97
2026-05-07 18:15:03,stabil,227.4,0.87,192.1,0.97
2026-05-07 18:15:04,stabil,227.5,0.88,192.7,0.97
2026-05-07 18:15:05,stabil,227.3,0.89,194.9,0.97
2026-05-07 18:15:06,stabil,227.3,0.89,194.9,0.97
2026-05-07 18:15:07,stabil,227.1,0.87,192.0,0.97
2026-05-07 18:15:08,stabil,227.1,0.88,193.6,0.97
2026-05-07 18:15:09,stabil,227.7,0.94,206.0,0.97
2026-05-07 18:15:10,stabil,228.1,0.93,205.3,0.97
2026-05-07 18:15:11,stabil,228.2,0.84,185.1,0.96
2026-05-07 18:15:13,stabil,228.2,0.84,185.1,0.96
2026-05-07 18:15:14,stabil,228.3,0.81,176.9,0.96
2026-05-07 18:15:15,stabil,228.1,0.62,131.5,0.94
2026-05-07 18:15:16,stabil,228.1,0.85,188.4,0.97
2026-05-07 18:15:17,stabil,228.4,0.84,185.3,0.97
2026-05-07 18:15:18,stabil,228.4,0.84,184.8,0.97
2026-05-07 18:15:19,stabil,228.4,0.84,184.8,0.97
2026-05-07 18:15:20,stabil,228.1,0.84,184.4,0.96
2026-05-07 18:15:21,stabil,228.2,0.85,186.4,0.96
2026-05-07 18:15:22,stabil,228.4,0.84,184.5,0.97
2026-05-07 18:15:23,stabil,228.2,0.83,183.6,0.96
2026-05-07 18:15:24,stabil,227.5,0.84,183.9,0.96
2026-05-07 18:15:25,stabil,227.5,0.84,183.9,0.96
2026-05-07 18:15:26,stabil,227.2,0.85,185.8,0.96
2026-05-07 18:15:27,stabil,227.2,0.84,183.2,0.96
2026-05-07 18:15:28,stabil,227.3,0.83,183.0,0.96
2026-05-07 18:15:29,stabil,227.5,0.83,183.2,0.97
2026-05-07 18:15:30,stabil,227.7,0.85,185.6,0.96
2026-05-07 18:15:31,stabil,227.7,0.85,185.6,0.96
2026-05-07 18:15:35,stabil,227.6,0.84,183.7,0.97
2026-05-07 18:15:36,stabil,227.6,0.85,186.4,0.96
2026-05-07 18:15:37,stabil,228.4,0.84,185.5,0.97
2026-05-07 18:15:38,stabil,228.4,0.84,185.5,0.97
2026-05-07 18:15:39,stabil,228.4,0.84,184.7,0.96
2026-05-07 18:15:40,stabil,228.7,0.84,185.7,0.96
2026-05-07 18:15:41,stabil,228.5,0.96,211.5,0.96
2026-05-07 18:15:42,stabil,228.5,0.85,187.4,0.97
2026-05-07 18:15:43,stabil,228.5,0.85,187.4,0.97
2026-05-07 18:15:44,stabil,227.9,0.85,185.4,0.96
2026-05-07 18:15:45,stabil,227.8,0.81,176.6,0.96
2026-05-07 18:15:46,stabil,228.0,0.82,180.0,0.96
2026-05-07 18:15:47,stabil,227.9,0.81,176.6,0.96
2026-05-07 18:15:48,stabil,227.7,0.81,176.7,0.96
2026-05-07 18:15:49,stabil,227.7,0.81,176.7,0.96
2026-05-07 18:15:50,stabil,227.8,0.81,177.1,0.96
2026-05-07 18:15:51,stabil,228.1,0.82,180.2,0.96
2026-05-07 18:15:52,stabil,228.2,0.81,177.6,0.96
2026-05-07 18:15:54,stabil,227.9,0.81,177.1,0.96
2026-05-07 18:15:56,stabil,228.0,0.81,177.8,0.96
2026-05-07 18:15:57,stabil,228.2,1.03,225.8,0.96
2026-05-07 18:15:58,stabil,228.4,1.0,220.3,0.96
2026-05-07 18:15:59,stabil,228.5,0.94,207.8,0.96
2026-05-07 18:16:00,stabil,228.3,0.9,197.4,0.96
2026-05-07 18:16:01,stabil,228.3,0.91,200.8,0.96
2026-05-07 18:16:02,stabil,228.3,0.91,200.8,0.96
2026-05-07 18:16:03,stabil,228.3,0.91,200.8,0.96
2026-05-07 18:16:04,stabil,228.3,0.9,198.8,0.96
2026-05-07 18:16:05,stabil,228.4,0.84,185.6,0.97
2026-05-07 18:16:06,stabil,228.3,0.83,182.1,0.96
2026-05-07 18:16:07,stabil,228.4,0.83,182.6,0.97
2026-05-07 18:16:08,stabil,228.2,0.82,179.5,0.96
2026-05-07 18:16:09,stabil,228.2,0.82,179.5,0.96
2026-05-07 18:16:10,stabil,228.3,0.82,179.5,0.96
2026-05-07 18:16:11,stabil,228.3,0.82,181.2,0.96
2026-05-07 18:16:12,stabil,228.5,0.83,170.9,0.9
2026-05-07 18:16:13,stabil,227.6,0.75,150.2,0.88
2026-05-07 23:25:47,kettle,222.9,7.42,1652.8,1.0
2026-05-07 23:25:48,kettle,222.9,7.42,1652.8,1.0
2026-05-07 23:25:49,kettle,222.7,7.36,1637.4,1.0
2026-05-07 23:25:50,kettle,222.9,7.33,1633.9,1.0
2026-05-07 23:25:51,kettle,223.0,7.32,1632.7,1.0
2026-05-07 23:25:52,kettle,222.9,7.32,1630.9,1.0
2026-05-07 23:25:53,kettle,222.7,7.31,1628.2,1.0
2026-05-07 23:25:54,kettle,222.7,7.31,1628.2,1.0
2026-05-07 23:25:55,kettle,222.8,7.32,1630.9,1.0
2026-05-07 23:25:56,kettle,223.0,7.32,1631.6,1.0
2026-05-07 23:25:57,kettle,223.0,7.32,1632.1,1.0
2026-05-07 23:25:58,kettle,222.6,7.31,1627.2,1.0
2026-05-07 23:25:59,kettle,222.7,7.32,1630.0,1.0
2026-05-07 23:26:00,kettle,222.7,7.32,1630.0,1.0
2026-05-07 23:26:02,kettle,222.6,7.31,1626.5,1.0
2026-05-07 23:26:03,kettle,222.3,7.3,1623.8,1.0
2026-05-07 23:26:04,kettle,222.2,7.3,1621.2,1.0
2026-05-07 23:26:05,kettle,222.2,7.31,1623.5,1.0
2026-05-07 23:26:06,kettle,222.0,7.29,1617.7,1.0
2026-05-07 23:26:07,kettle,222.0,7.29,1617.7,1.0
2026-05-07 23:26:08,kettle,222.1,7.29,1619.9,1.0
2026-05-07 23:26:09,kettle,222.0,7.29,1619.4,1.0
2026-05-07 23:26:10,kettle,222.1,7.31,1622.3,1.0
2026-05-07 23:26:11,kettle,222.2,7.3,1620.8,1.0
2026-05-07 23:26:12,kettle,222.3,7.34,1629.5,1.0
2026-05-07 23:26:13,kettle,222.3,7.34,1629.5,1.0
2026-05-07 23:26:14,kettle,222.3,7.37,1639.3,1.0
2026-05-07 23:26:15,kettle,222.3,7.31,1625.2,1.0
2026-05-07 23:26:16,kettle,223.6,7.34,1641.2,1.0
2026-05-07 23:26:17,kettle,223.9,7.4,1655.7,1.0
2026-05-07 23:26:18,kettle,223.9,7.4,1655.7,1.0
2026-05-07 23:26:19,kettle,223.5,7.41,1656.1,1.0
2026-05-07 23:26:20,kettle,223.5,7.39,1649.7,1.0
2026-05-07 23:26:21,kettle,223.6,7.34,1640.2,1.0
2026-05-07 23:26:22,kettle,223.6,7.34,1640.6,1.0
2026-05-07 23:26:24,kettle,223.5,7.34,1639.4,1.0
2026-05-07 23:26:25,kettle,223.5,7.34,1639.4,1.0
2026-05-07 23:26:26,kettle,223.5,7.34,1640.8,1.0
2026-05-07 23:26:27,kettle,223.4,7.37,1645.3,1.0
2026-05-07 23:26:28,kettle,223.6,7.34,1640.5,1.0
2026-05-07 23:26:29,kettle,223.6,7.34,1640.6,1.0
2026-05-07 23:26:30,kettle,223.7,7.35,1642.8,1.0
2026-05-07 23:26:31,kettle,223.7,7.35,1642.8,1.0
2026-05-07 23:26:32,kettle,223.9,7.34,1643.7,1.0
2026-05-07 23:26:33,kettle,224.1,7.35,1646.5,1.0
2026-05-07 23:26:34,kettle,224.0,7.35,1645.7,1.0
2026-05-07 23:26:35,kettle,224.0,7.35,1645.7,1.0
2026-05-07 23:26:36,kettle,223.8,7.35,1644.8,1.0
2026-05-07 23:26:37,kettle,223.7,7.34,1642.3,1.0
2026-05-07 23:26:38,kettle,223.7,7.34,1642.3,1.0
2026-05-07 23:26:39,kettle,223.8,7.34,1642.7,1.0
2026-05-07 23:26:40,kettle,223.9,7.35,1643.5,1.0
2026-05-07 23:26:41,kettle,223.8,7.34,1643.4,1.0
2026-05-07 23:26:42,kettle,223.9,7.34,1643.1,1.0
2026-05-07 23:26:43,kettle,223.9,7.36,1646.9,1.0
2026-05-07 23:26:44,kettle,223.9,7.36,1646.9,1.0
2026-05-07 23:26:46,kettle,223.8,7.39,1653.0,1.0
2026-05-07 23:26:47,kettle,223.7,7.34,1641.2,1.0
2026-05-07 23:26:48,kettle,223.6,7.33,1639.7,1.0
2026-05-07 23:26:49,kettle,223.5,7.34,1639.4,1.0
2026-05-07 23:26:50,kettle,223.7,7.43,1661.2,1.0
2026-05-07 23:26:51,kettle,223.7,7.43,1661.2,1.0
2026-05-07 23:26:52,kettle,223.8,7.38,1651.2,1.0
2026-05-07 23:26:53,kettle,223.8,7.4,1655.7,1.0
2026-05-07 23:26:54,kettle,223.5,7.33,1637.8,1.0
2026-05-07 23:26:55,kettle,223.3,7.34,1638.3,1.0
2026-05-07 23:26:56,kettle,223.5,7.34,1638.9,1.0
2026-05-07 23:26:57,kettle,223.5,7.34,1638.9,1.0
2026-05-07 23:26:58,kettle,223.6,7.33,1639.5,1.0
2026-05-07 23:26:59,kettle,223.9,7.34,1642.6,1.0
2026-05-07 23:27:00,kettle,223.7,7.46,1668.0,1.0
2026-05-07 23:27:01,kettle,223.5,7.37,1647.2,1.0
2026-05-07 23:54:26,airfryer,227.2,8.94,2029.3,1.0
2026-05-07 23:54:28,airfryer,226.8,8.93,2024.9,1.0
2026-05-07 23:54:29,airfryer,226.8,8.93,2024.9,1.0
2026-05-07 23:54:30,airfryer,227.1,8.93,2026.5,1.0
2026-05-07 23:54:31,airfryer,226.9,8.92,2024.3,1.0
2026-05-07 23:54:32,airfryer,226.8,8.91,2022.0,1.0
2026-05-07 23:54:33,airfryer,227.0,8.94,2028.7,1.0
2026-05-07 23:54:34,airfryer,227.2,8.95,2033.0,1.0
2026-05-07 23:54:35,airfryer,227.2,8.92,2026.3,1.0
2026-05-07 23:54:36,airfryer,227.2,8.92,2026.3,1.0
2026-05-07 23:54:37,airfryer,227.3,8.96,2035.6,1.0
2026-05-07 23:54:38,airfryer,227.4,8.97,2040.5,1.0
2026-05-07 23:54:40,airfryer,227.6,8.92,2030.8,1.0
2026-05-07 23:54:41,airfryer,227.3,8.94,2031.2,1.0
2026-05-07 23:54:42,airfryer,227.3,8.94,2031.2,1.0
2026-05-07 23:54:43,airfryer,228.0,8.94,2036.7,1.0
2026-05-07 23:54:45,airfryer,227.6,8.91,2028.3,1.0
2026-05-07 23:54:46,airfryer,227.4,8.9,2023.3,1.0
2026-05-07 23:54:47,airfryer,227.4,8.9,2022.9,1.0
2026-05-07 23:54:48,airfryer,227.8,8.91,2030.3,1.0
2026-05-07 23:54:49,airfryer,227.8,8.91,2030.3,1.0
2026-05-07 23:54:50,airfryer,228.1,8.91,2031.5,1.0
2026-05-07 23:54:51,airfryer,227.7,8.89,2024.1,1.0
2026-05-07 23:54:53,airfryer,227.5,8.89,2022.0,1.0
2026-05-07 23:54:54,airfryer,227.5,8.89,2022.0,1.0
2026-05-07 23:54:55,airfryer,227.7,8.88,2022.3,1.0
2026-05-07 23:54:56,airfryer,227.8,8.88,2023.2,1.0
2026-05-07 23:54:57,airfryer,227.8,8.88,2021.3,1.0
2026-05-07 23:54:58,airfryer,227.9,8.88,2022.9,1.0
2026-05-07 23:54:59,airfryer,227.9,8.88,2022.9,1.0
2026-05-07 23:55:00,airfryer,227.8,8.86,2018.3,1.0
2026-05-07 23:55:01,airfryer,227.6,8.87,2018.2,1.0
2026-05-07 23:55:02,airfryer,227.0,8.83,2005.1,1.0
2026-05-07 23:55:03,airfryer,227.1,8.84,2007.2,1.0
2026-05-07 23:55:04,airfryer,227.0,8.82,2001.9,1.0
2026-05-07 23:55:05,airfryer,227.1,8.82,2002.7,1.0
2026-05-07 23:55:07,airfryer,227.1,8.82,2002.7,1.0
2026-05-07 23:55:08,airfryer,227.3,8.83,2005.7,1.0
2026-05-07 23:55:09,airfryer,227.3,8.83,2006.7,1.0
2026-05-07 23:55:10,airfryer,227.3,8.81,2003.3,1.0
2026-05-07 23:55:11,airfryer,227.4,8.81,2003.2,1.0
2026-05-07 23:55:12,airfryer,227.3,8.81,2001.3,1.0
2026-05-07 23:55:13,airfryer,227.3,8.81,2001.3,1.0
2026-05-07 23:55:14,airfryer,227.4,8.81,2004.2,1.0
2026-05-07 23:55:15,airfryer,227.5,8.81,2003.3,1.0
2026-05-07 23:55:16,airfryer,227.8,8.81,2005.8,1.0
2026-05-07 23:55:17,airfryer,227.9,8.81,2008.0,1.0
2026-05-07 23:55:18,airfryer,227.6,8.81,2005.0,1.0
2026-05-07 23:55:19,airfryer,227.6,8.81,2005.0,1.0
2026-05-07 23:55:20,airfryer,227.5,8.83,2008.9,1.0
2026-05-07 23:55:21,airfryer,227.7,8.84,2011.5,1.0
2026-05-07 23:55:22,airfryer,227.8,8.83,2011.6,1.0
2026-05-07 23:55:23,airfryer,227.8,8.84,2013.0,1.0
2026-05-07 23:55:24,airfryer,227.8,8.83,2009.8,1.0
2026-05-07 23:55:25,airfryer,227.8,8.83,2009.8,1.0
2026-05-07 23:55:27,airfryer,227.5,8.85,2012.9,1.0
2026-05-07 23:55:28,airfryer,227.2,8.89,2020.7,1.0
2026-05-07 23:55:29,airfryer,227.2,8.85,2010.8,1.0
2026-05-07 23:55:30,airfryer,227.2,8.8,1998.6,1.0
2026-05-07 23:55:31,airfryer,227.5,8.81,2002.9,1.0
2026-05-07 23:55:32,airfryer,227.5,8.81,2002.9,1.0
2026-05-07 23:55:34,airfryer,227.6,8.81,2004.8,1.0
2026-05-07 23:55:35,airfryer,227.2,8.97,2033.8,1.0
2026-05-07 23:55:36,airfryer,226.9,8.95,2028.8,1.0
2026-05-07 23:55:37,airfryer,226.9,8.95,2028.8,1.0
2026-05-07 23:55:38,airfryer,226.9,8.94,2026.3,1.0
2026-05-07 23:55:39,airfryer,227.0,8.98,2037.0,1.0
2026-05-07 23:55:40,airfryer,227.2,8.98,2037.8,1.0
2026-05-07 23:55:41,airfryer,227.1,8.98,2036.4,1.0
2026-05-07 23:55:43,airfryer,226.8,8.96,2030.1,1.0
2026-05-07 23:55:44,airfryer,226.8,8.96,2030.1,1.0
2026-05-07 23:55:45,airfryer,226.7,8.96,2029.4,1.0
2026-05-07 23:55:46,airfryer,227.0,8.96,2032.2,1.0
2026-05-07 23:55:47,airfryer,227.0,8.96,2031.3,1.0
2026-05-07 23:55:48,airfryer,227.0,8.95,2030.5,1.0
2026-05-07 23:55:49,airfryer,226.9,8.97,2032.5,1.0
2026-05-07 23:55:50,airfryer,226.9,8.97,2032.5,1.0
2026-05-07 23:55:51,airfryer,226.9,8.95,2028.4,1.0
2026-05-07 23:55:52,airfryer,226.9,8.97,2032.2,1.0
2026-05-07 23:55:53,airfryer,227.1,8.96,2032.0,1.0
2026-05-07 23:55:54,airfryer,227.0,8.97,2033.8,1.0
2026-05-07 23:55:55,airfryer,226.7,8.94,2025.4,1.0
2026-05-07 23:55:56,airfryer,226.7,8.94,2025.4,1.0
2026-05-07 23:55:57,airfryer,226.7,8.95,2027.2,1.0
2026-05-07 23:55:58,airfryer,226.6,9.0,2036.6,1.0
2026-05-07 23:56:00,airfryer,226.1,8.98,2029.5,1.0
2026-05-07 23:56:01,airfryer,226.3,8.98,2029.3,1.0
2026-05-07 23:56:02,airfryer,226.3,8.92,2017.6,1.0
2026-05-07 23:56:03,airfryer,226.3,8.92,2017.6,1.0
2026-05-07 23:56:04,airfryer,226.2,8.92,2015.9,1.0
2026-05-07 23:56:05,airfryer,226.6,8.94,2024.2,1.0
2026-05-07 23:56:06,airfryer,226.5,8.93,2019.4,1.0
2026-05-07 23:56:07,airfryer,226.3,8.92,2016.9,1.0
2026-05-07 23:56:08,airfryer,226.2,8.91,2014.9,1.0
2026-05-07 23:56:09,airfryer,226.2,8.91,2014.9,1.0
2026-05-07 23:56:10,airfryer,225.8,8.91,2009.6,1.0
2026-05-07 23:56:11,airfryer,226.0,8.9,2009.9,1.0
2026-05-07 23:56:12,airfryer,226.0,8.9,2009.4,1.0
2026-05-07 23:56:13,airfryer,225.9,8.9,2008.0,1.0
2026-05-07 23:56:14,airfryer,225.8,8.9,2009.0,1.0
2026-05-07 23:56:15,airfryer,225.8,8.9,2009.0,1.0
2026-05-07 23:56:16,airfryer,225.9,8.9,2007.9,1.0
2026-05-07 23:56:17,airfryer,226.0,8.9,2008.9,1.0
2026-05-07 23:56:20,airfryer,225.8,8.93,2015.3,1.0
2026-05-07 23:56:21,airfryer,225.9,8.9,2007.7,1.0
2026-05-07 23:56:22,airfryer,225.9,8.9,2007.7,1.0
2026-05-07 23:56:23,airfryer,226.0,8.9,2009.0,1.0
2026-05-07 23:56:24,airfryer,226.0,8.9,2009.3,1.0
2026-05-07 23:56:25,airfryer,225.9,8.9,2009.8,1.0
2026-05-07 23:56:26,airfryer,226.0,8.9,2008.8,1.0
2026-05-07 23:56:27,airfryer,226.0,8.9,2008.8,1.0
2026-05-07 23:56:29,airfryer,226.0,8.9,2008.9,1.0
2026-05-07 23:56:30,airfryer,225.9,8.9,2008.1,1.0
2026-05-07 23:56:31,airfryer,226.1,9.01,2032.9,1.0
2026-05-07 23:56:32,airfryer,226.0,9.04,2039.4,1.0
2026-05-07 23:56:33,airfryer,226.1,9.02,2039.5,1.0
2026-05-07 23:56:34,airfryer,226.1,9.02,2039.5,1.0
2026-05-07 23:56:35,airfryer,226.2,8.99,2031.0,1.0
2026-05-07 23:56:36,airfryer,226.2,8.93,2016.8,1.0
2026-05-07 23:56:37,airfryer,226.1,8.91,2013.8,1.0
2026-05-07 23:56:38,airfryer,226.2,8.91,2013.6,1.0
2026-05-07 23:56:39,airfryer,227.8,3.19,751.6,1.0
2026-05-07 23:56:40,airfryer,227.8,3.19,751.6,1.0
2026-05-07 23:56:41,airfryer,228.4,1.29,274.8,0.93
2026-05-07 23:56:42,airfryer,228.4,1.3,277.7,0.93
2026-05-07 23:56:43,airfryer,228.4,1.28,272.9,0.93
2026-05-07 23:56:44,airfryer,228.0,1.28,272.4,0.93
2026-05-07 23:56:45,airfryer,228.2,1.29,275.0,0.93
2026-05-07 23:56:46,airfryer,228.2,1.29,275.0,0.93
2026-05-07 23:56:48,airfryer,228.3,1.29,273.5,0.93
2026-05-07 23:56:49,airfryer,228.3,1.28,273.0,0.93
2026-05-07 23:56:50,airfryer,228.3,1.28,273.0,0.93
2026-05-07 23:56:51,airfryer,228.1,1.3,275.2,0.93
2026-05-07 23:56:53,airfryer,228.3,1.28,272.8,0.93
2026-05-07 23:56:54,airfryer,228.2,1.28,272.0,0.93
2026-05-07 23:56:55,airfryer,228.1,1.28,272.2,0.93
2026-05-07 23:56:56,airfryer,228.3,1.29,275.0,0.93
2026-05-07 23:56:57,airfryer,228.2,1.28,272.5,0.93
2026-05-07 23:56:58,airfryer,228.1,1.28,272.3,0.93
2026-05-07 23:56:59,airfryer,228.1,1.28,272.3,0.93
2026-05-07 23:57:00,airfryer,228.1,1.29,273.6,0.93
2026-05-07 23:57:01,airfryer,228.1,1.3,276.1,0.93
2026-05-07 23:57:02,airfryer,228.1,1.29,274.3,0.93
2026-05-07 23:57:04,airfryer,228.0,1.28,272.1,0.93
2026-05-07 23:57:05,airfryer,228.0,1.28,272.1,0.93
2026-05-07 23:57:06,airfryer,228.3,1.29,274.8,0.93
2026-05-07 23:57:07,airfryer,228.3,1.28,273.0,0.93
2026-05-07 23:57:09,airfryer,228.2,1.28,272.5,0.93
2026-05-07 23:57:10,airfryer,228.1,1.28,272.1,0.93
2026-05-07 23:57:11,airfryer,228.1,1.28,272.1,0.93
2026-05-07 23:57:12,airfryer,228.2,1.29,274.6,0.93
2026-05-07 23:57:13,airfryer,228.3,1.28,272.9,0.93
2026-05-07 23:57:14,airfryer,228.4,1.28,272.8,0.93
2026-05-07 23:57:15,airfryer,228.3,1.29,273.4,0.93
2026-05-07 23:57:16,airfryer,228.2,1.29,274.5,0.93
2026-05-07 23:57:17,airfryer,228.2,1.29,274.5,0.93
2026-05-07 23:57:18,airfryer,228.2,1.28,272.5,0.93
2026-05-07 23:57:20,airfryer,228.2,1.28,272.4,0.93
2026-05-07 23:57:21,airfryer,228.0,1.32,280.9,0.94
2026-05-07 23:57:22,airfryer,227.8,1.35,288.0,0.94
2026-05-07 23:57:23,airfryer,227.8,1.35,288.0,0.94
2026-05-07 23:57:24,airfryer,227.8,1.35,288.0,0.94
2026-05-07 23:57:25,airfryer,227.9,1.3,277.3,0.94
2026-05-07 23:57:26,airfryer,227.6,1.33,283.3,0.93
2026-05-07 23:57:27,airfryer,227.5,1.29,274.0,0.93
2026-05-07 23:57:28,airfryer,227.6,1.31,278.9,0.93
2026-05-07 23:57:29,airfryer,227.7,1.29,274.1,0.93
2026-05-07 23:57:30,airfryer,227.7,1.29,274.1,0.93
2026-05-07 23:57:31,airfryer,227.7,1.32,280.2,0.93
2026-05-07 23:57:32,airfryer,227.6,1.35,287.3,0.94
2026-05-07 23:57:33,airfryer,227.4,1.31,277.9,0.93
2026-05-07 23:57:34,airfryer,227.8,1.29,273.8,0.93
2026-05-07 23:57:36,airfryer,227.8,1.34,285.0,0.93
2026-05-07 23:57:37,airfryer,227.8,1.34,285.0,0.93
2026-05-07 23:57:38,airfryer,228.0,1.37,292.7,0.94
2026-05-07 23:57:39,airfryer,227.9,1.31,281.4,0.94
2026-05-07 23:57:40,airfryer,227.9,1.3,277.5,0.93
2026-05-07 23:57:41,airfryer,227.8,1.31,278.0,0.93
2026-05-07 23:57:42,airfryer,227.7,1.32,281.5,0.94
2026-05-07 23:57:43,airfryer,227.7,1.32,281.5,0.94
2026-05-07 23:57:44,airfryer,227.5,1.32,281.3,0.94
2026-05-07 23:57:45,airfryer,227.8,1.3,276.8,0.93
2026-05-07 23:57:46,airfryer,227.7,1.33,283.0,0.94
2026-05-07 23:57:47,airfryer,227.8,1.29,274.6,0.93
2026-05-07 23:57:48,airfryer,228.1,1.29,273.7,0.93
2026-05-07 23:57:49,airfryer,228.1,1.29,273.7,0.93
2026-05-07 23:57:50,airfryer,227.9,1.28,272.3,0.93
2026-05-07 23:57:51,airfryer,227.8,1.29,274.5,0.93
2026-05-07 23:57:52,airfryer,227.8,1.28,272.4,0.93
2026-05-07 23:57:53,airfryer,227.9,1.28,272.4,0.93
2026-05-07 23:57:54,airfryer,227.9,1.28,272.4,0.93
2026-05-07 23:57:55,airfryer,228.0,1.3,276.4,0.93
2026-05-07 23:57:57,airfryer,227.8,1.29,273.6,0.93
2026-05-07 23:57:58,airfryer,227.9,1.28,271.9,0.93
2026-05-07 23:57:59,airfryer,227.8,1.28,271.3,0.93
2026-05-07 23:58:00,airfryer,228.0,1.3,276.9,0.93
2026-05-07 23:58:01,airfryer,228.0,1.3,276.9,0.93
2026-05-07 23:58:02,airfryer,228.0,1.3,276.4,0.93
2026-05-07 23:58:03,airfryer,228.1,1.35,286.2,0.93
2026-05-07 23:58:04,airfryer,227.9,1.31,280.7,0.94
2026-05-07 23:58:05,airfryer,228.0,1.29,273.6,0.93
2026-05-07 23:58:06,airfryer,228.0,1.33,283.6,0.94
2026-05-07 23:58:07,airfryer,228.0,1.33,283.6,0.94
2026-05-07 23:58:08,airfryer,227.9,1.34,284.8,0.94
2026-05-07 23:58:09,airfryer,228.2,1.3,278.1,0.93
2026-05-07 23:58:10,airfryer,228.1,1.31,278.8,0.93
2026-05-07 23:58:11,airfryer,228.1,1.29,275.6,0.93
2026-05-07 23:58:12,airfryer,228.0,1.29,273.8,0.93
2026-05-07 23:58:14,airfryer,228.0,1.29,273.8,0.93
2026-05-07 23:58:15,airfryer,228.2,1.3,276.6,0.93
2026-05-07 23:58:16,airfryer,228.1,1.33,282.9,0.94
2026-05-07 23:58:17,airfryer,227.9,1.3,276.5,0.93
2026-05-07 23:58:18,airfryer,228.0,1.32,281.7,0.94
2026-05-07 23:58:19,airfryer,228.2,1.35,288.3,0.94
2026-05-07 23:58:20,airfryer,228.2,1.35,288.3,0.94
2026-05-07 23:58:21,airfryer,228.2,1.3,275.5,0.93
2026-05-07 23:58:22,airfryer,228.2,1.35,288.2,0.94
2026-05-07 23:58:23,airfryer,228.0,1.29,274.2,0.93
2026-05-07 23:58:24,airfryer,228.0,1.31,278.2,0.93
2026-05-07 23:58:25,airfryer,228.1,1.29,274.1,0.93
2026-05-07 23:58:26,airfryer,228.1,1.29,274.1,0.93
2026-05-07 23:58:27,airfryer,228.2,1.3,277.5,0.93
2026-05-07 23:58:28,airfryer,228.4,1.28,273.5,0.93
2026-05-07 23:58:29,airfryer,228.3,1.28,273.0,0.93
2026-05-07 23:58:31,airfryer,228.1,1.29,275.3,0.93
2026-05-07 23:58:32,airfryer,227.9,1.3,275.5,0.93
2026-05-07 23:58:33,airfryer,227.9,1.3,275.5,0.93
2026-05-07 23:58:34,airfryer,226.1,7.52,1635.4,0.96
2026-05-07 23:58:35,airfryer,225.8,9.08,2048.7,1.0
2026-05-07 23:58:36,airfryer,225.8,9.07,2046.0,1.0
2026-05-07 23:58:37,airfryer,225.7,9.06,2043.5,1.0
2026-05-07 23:58:38,airfryer,225.6,9.05,2039.2,1.0
2026-05-07 23:58:39,airfryer,225.6,9.05,2039.2,1.0
2026-05-07 23:58:40,airfryer,225.8,9.06,2044.2,1.0
2026-05-07 23:58:41,airfryer,226.0,9.07,2047.6,1.0
2026-05-07 23:58:42,airfryer,225.9,9.1,2054.2,1.0
2026-05-07 23:58:43,airfryer,225.6,9.08,2047.1,1.0
2026-05-07 23:58:44,airfryer,225.6,9.08,2047.1,1.0
2026-05-07 23:58:45,airfryer,225.7,9.02,2032.9,1.0
2026-05-07 23:58:46,airfryer,226.0,9.01,2035.2,1.0
2026-05-07 23:58:48,airfryer,226.3,9.01,2036.2,1.0
2026-05-07 23:58:49,airfryer,226.3,9.0,2034.6,1.0
2026-05-07 23:58:50,airfryer,226.2,8.98,2030.0,1.0
2026-05-07 23:58:51,airfryer,226.2,8.98,2030.0,1.0
2026-05-07 23:58:52,airfryer,225.7,8.96,2020.9,1.0
2026-05-07 23:58:53,airfryer,226.2,9.0,2033.0,1.0
2026-05-07 23:58:54,airfryer,226.2,8.99,2031.4,1.0
2026-05-07 23:58:55,airfryer,225.9,8.95,2021.2,1.0
2026-05-07 23:58:56,airfryer,226.1,8.96,2023.1,1.0
2026-05-07 23:58:57,airfryer,226.1,8.96,2023.1,1.0
2026-05-07 23:58:58,airfryer,226.1,8.96,2025.1,1.0
2026-05-07 23:58:59,airfryer,226.4,8.96,2026.8,1.0
2026-05-07 23:59:00,airfryer,226.1,8.97,2025.9,1.0
2026-05-07 23:59:01,airfryer,225.8,8.94,2016.9,1.0
2026-05-07 23:59:02,airfryer,225.8,8.94,2015.5,1.0
2026-05-07 23:59:03,airfryer,225.8,8.94,2015.5,1.0
2026-05-07 23:59:04,airfryer,225.8,8.94,2016.7,1.0
2026-05-07 23:59:05,airfryer,225.9,8.93,2016.7,1.0
2026-05-07 23:59:07,airfryer,226.0,8.96,2024.2,1.0
2026-05-07 23:59:08,airfryer,226.0,8.94,2018.7,1.0
2026-05-07 23:59:09,airfryer,226.1,8.98,2028.1,1.0
2026-05-07 23:59:10,airfryer,226.1,8.98,2028.1,1.0
2026-05-07 23:59:11,airfryer,226.0,8.95,2022.0,1.0
2026-05-07 23:59:12,airfryer,226.2,8.95,2021.8,1.0
2026-05-07 23:59:13,airfryer,226.3,8.93,2020.2,1.0
2026-05-07 23:59:14,airfryer,226.2,8.93,2018.1,1.0
2026-05-07 23:59:15,airfryer,226.1,8.91,2013.8,1.0
2026-05-07 23:59:16,airfryer,226.1,8.91,2013.8,1.0
2026-05-07 23:59:17,airfryer,226.2,8.84,1998.7,1.0
2026-05-07 23:59:18,airfryer,226.3,8.81,1992.7,1.0
2026-05-07 23:59:19,airfryer,226.4,8.76,1982.8,1.0
2026-05-07 23:59:20,airfryer,227.1,5.9,1378.7,1.0
2026-05-07 23:59:21,airfryer,228.3,1.05,232.9,0.97
2026-05-07 23:59:22,airfryer,228.3,1.05,232.9,0.97
2026-05-07 23:59:24,airfryer,228.2,1.05,234.5,0.97
2026-05-07 23:59:25,airfryer,228.4,1.04,231.2,0.97
2026-05-07 23:59:26,airfryer,228.3,1.04,231.0,0.97
2026-05-07 23:59:27,airfryer,228.3,1.05,234.3,0.97
2026-05-07 23:59:28,airfryer,228.3,1.05,234.3,0.97
2026-05-07 23:59:29,airfryer,228.4,1.05,234.1,0.97
2026-05-07 23:59:30,airfryer,228.6,1.06,235.4,0.97
2026-05-07 23:59:31,airfryer,228.3,1.07,237.4,0.97
2026-05-07 23:59:32,airfryer,228.3,1.11,246.5,0.97
2026-05-07 23:59:33,airfryer,228.5,1.09,242.8,0.98
2026-05-07 23:59:34,airfryer,228.5,1.09,242.8,0.98
2026-05-07 23:59:35,airfryer,228.8,1.04,232.6,0.97
2026-05-07 23:59:36,airfryer,228.5,1.06,234.7,0.97
2026-05-07 23:59:37,airfryer,228.4,1.04,232.3,0.97
2026-05-07 23:59:38,airfryer,228.7,1.05,234.8,0.97
2026-05-07 23:59:39,airfryer,229.1,1.04,232.4,0.97
2026-05-07 23:59:40,airfryer,229.1,1.04,232.4,0.97
2026-05-07 23:59:41,airfryer,229.0,1.07,239.1,0.97
2026-05-07 23:59:43,airfryer,228.9,1.04,231.8,0.97
2026-05-07 23:59:44,airfryer,228.8,1.07,238.4,0.97
2026-05-07 23:59:45,airfryer,228.7,1.06,236.3,0.97
2026-05-07 23:59:46,airfryer,228.6,1.09,242.1,0.97
2026-05-07 23:59:47,airfryer,228.6,1.09,242.1,0.97
2026-05-07 23:59:48,airfryer,228.9,1.04,231.7,0.97
2026-05-07 23:59:49,airfryer,229.0,1.05,234.0,0.97
2026-05-07 23:59:50,airfryer,229.0,1.05,234.3,0.97
2026-05-07 23:59:51,airfryer,228.9,1.04,231.8,0.97
2026-05-07 23:59:52,airfryer,228.8,1.04,231.9,0.97
2026-05-07 23:59:53,airfryer,228.8,1.04,231.9,0.97
2026-05-07 23:59:54,airfryer,228.6,1.05,233.1,0.97
2026-05-07 23:59:55,airfryer,228.5,1.04,231.0,0.97
2026-05-07 23:59:56,airfryer,228.4,1.05,234.0,0.97
2026-05-07 23:59:57,airfryer,228.3,1.04,231.5,0.98
2026-05-07 23:59:58,airfryer,228.1,1.05,232.2,0.97
2026-05-07 23:59:59,airfryer,228.1,1.05,232.2,0.97
2026-05-08 00:00:00,airfryer,228.6,1.04,231.8,0.97
2026-05-08 00:00:01,airfryer,228.6,1.06,235.5,0.97
2026-05-08 00:00:02,airfryer,228.3,1.04,232.2,0.97
2026-05-08 00:00:03,airfryer,227.9,1.05,233.9,0.97
2026-05-08 00:00:05,airfryer,227.7,1.04,230.8,0.97
2026-05-08 00:00:06,airfryer,227.7,1.04,230.8,0.97
2026-05-08 00:00:07,airfryer,227.7,1.04,230.7,0.97
2026-05-08 00:00:09,airfryer,227.9,1.05,233.1,0.97
2026-05-08 00:00:10,airfryer,227.6,1.07,237.3,0.97
2026-05-08 00:00:11,airfryer,227.6,1.07,237.3,0.97
2026-05-08 00:00:12,airfryer,227.8,1.04,230.3,0.97
2026-05-08 00:00:13,airfryer,227.8,1.04,230.3,0.97
2026-05-08 00:00:14,airfryer,227.8,1.04,230.4,0.97
2026-05-08 00:00:15,airfryer,227.7,1.05,232.7,0.97
2026-05-08 00:00:16,airfryer,227.7,1.04,230.9,0.97
2026-05-08 00:00:17,airfryer,227.9,1.05,231.7,0.97
2026-05-08 00:00:18,airfryer,227.9,1.05,231.7,0.97
2026-05-08 00:00:19,airfryer,227.8,1.08,240.0,0.97
2026-05-08 00:00:20,airfryer,227.4,1.06,234.3,0.97
2026-05-08 00:00:21,airfryer,227.3,1.05,231.7,0.97
2026-05-08 00:00:22,airfryer,227.4,1.04,230.7,0.97
2026-05-08 00:00:23,airfryer,227.3,1.05,232.8,0.97
2026-05-08 00:00:24,airfryer,227.3,1.05,232.8,0.97
2026-05-08 00:00:25,airfryer,227.3,1.08,238.6,0.97
2026-05-08 00:00:27,airfryer,227.2,1.04,229.7,0.97
2026-05-08 00:00:31,airfryer,227.3,1.04,229.9,0.97
2026-05-08 00:00:32,airfryer,227.2,1.04,230.2,0.97
2026-05-08 00:00:33,airfryer,227.3,1.04,230.2,0.97
2026-05-08 00:00:34,airfryer,227.3,1.05,232.1,0.97
2026-05-08 00:00:35,airfryer,227.3,1.04,229.8,0.97
2026-05-08 00:00:36,airfryer,227.3,1.04,229.8,0.97
2026-05-08 00:00:37,airfryer,227.2,1.04,230.3,0.97
2026-05-08 00:00:38,airfryer,227.4,1.05,231.7,0.97
2026-05-08 00:00:39,airfryer,227.4,1.05,231.7,0.97
2026-05-08 00:00:40,airfryer,227.3,1.06,235.1,0.98
2026-05-08 00:00:42,airfryer,227.7,1.06,234.1,0.97
2026-05-08 00:00:43,airfryer,227.4,1.04,230.2,0.97
2026-05-08 00:00:44,airfryer,227.4,1.04,230.2,0.97
2026-05-08 00:00:45,airfryer,226.6,1.05,230.1,0.97
2026-05-08 00:00:46,airfryer,226.4,1.04,230.1,0.98
2026-05-08 00:00:47,airfryer,226.6,1.06,234.4,0.97
2026-05-08 00:00:48,airfryer,226.8,1.05,232.9,0.97
2026-05-08 00:00:49,airfryer,226.4,1.05,231.0,0.97
2026-05-08 00:00:50,airfryer,226.4,1.05,231.0,0.97
2026-05-08 00:00:51,airfryer,226.8,1.04,230.3,0.98
2026-05-08 00:00:52,airfryer,226.5,1.07,235.8,0.97
2026-05-08 00:00:53,airfryer,226.8,1.06,233.3,0.97
2026-05-08 00:00:54,airfryer,227.0,1.08,239.4,0.97
2026-05-08 00:00:55,airfryer,225.7,4.95,1060.1,0.95
2026-05-08 00:00:56,airfryer,225.7,4.95,1060.1,0.95
2026-05-08 00:00:57,airfryer,224.6,8.9,1998.9,1.0
2026-05-08 00:00:58,airfryer,224.5,8.84,1985.3,1.0
2026-05-08 00:00:59,airfryer,224.7,8.84,1985.2,1.0
2026-05-08 00:01:00,airfryer,224.7,8.85,1988.1,1.0
2026-05-08 00:01:01,airfryer,224.7,8.85,1988.1,1.0
2026-05-08 00:01:02,airfryer,224.5,8.82,1979.2,1.0
2026-05-08 00:01:04,airfryer,224.5,8.81,1977.4,1.0
2026-05-08 00:01:05,airfryer,224.0,8.79,1969.1,1.0
2026-05-08 00:01:06,airfryer,224.2,8.78,1968.7,1.0
2026-05-08 00:01:07,airfryer,224.4,8.81,1977.1,1.0
2026-05-08 00:01:08,airfryer,224.4,8.81,1977.1,1.0
2026-05-08 00:01:09,airfryer,224.3,8.77,1967.9,1.0
2026-05-08 00:01:10,airfryer,224.1,8.77,1966.3,1.0
2026-05-08 00:01:11,airfryer,223.9,8.75,1957.4,1.0
2026-05-08 00:01:12,airfryer,223.9,8.74,1957.7,1.0
2026-05-08 00:01:13,airfryer,224.3,8.76,1964.3,1.0
2026-05-08 00:01:14,airfryer,224.3,8.76,1964.3,1.0
2026-05-08 00:01:15,airfryer,223.7,8.74,1955.0,1.0
2026-05-08 00:01:16,airfryer,223.6,8.72,1950.1,1.0
2026-05-08 00:01:17,airfryer,224.2,8.74,1958.5,1.0
2026-05-08 00:01:18,airfryer,224.2,8.73,1958.1,1.0
2026-05-08 00:01:19,airfryer,223.9,8.73,1953.7,1.0
2026-05-08 00:01:20,airfryer,223.9,8.73,1953.7,1.0
2026-05-08 00:01:21,airfryer,223.9,8.73,1954.3,1.0
2026-05-08 00:01:22,airfryer,224.1,8.72,1952.8,1.0
2026-05-08 00:01:24,airfryer,224.1,8.71,1952.2,1.0
2026-05-08 00:01:25,airfryer,224.0,8.72,1951.9,1.0
2026-05-08 00:01:26,airfryer,224.0,8.7,1948.7,1.0
2026-05-08 00:01:27,airfryer,224.0,8.7,1948.7,1.0
2026-05-08 00:01:28,airfryer,223.6,8.69,1943.2,1.0
2026-05-08 00:01:29,airfryer,223.5,8.7,1944.5,1.0
2026-05-08 00:01:30,airfryer,223.7,8.69,1943.7,1.0
2026-05-08 00:01:31,airfryer,224.0,8.69,1946.0,1.0
2026-05-08 00:01:32,airfryer,224.2,8.69,1948.7,1.0
2026-05-08 00:01:33,airfryer,224.2,8.69,1948.7,1.0
2026-05-08 00:01:34,airfryer,223.7,8.68,1940.5,1.0
2026-05-08 00:01:35,airfryer,223.4,8.67,1936.7,1.0
2026-05-08 00:01:36,airfryer,223.2,8.69,1937.8,1.0
2026-05-08 00:01:37,airfryer,223.6,8.67,1938.2,1.0
2026-05-08 00:01:38,airfryer,225.5,3.59,844.8,1.0
2026-05-08 00:01:39,airfryer,225.5,3.59,844.8,1.0
2026-05-08 00:01:40,airfryer,226.2,1.05,231.4,0.97
2026-05-08 00:01:41,airfryer,225.8,1.04,228.8,0.97
2026-05-08 00:01:42,airfryer,225.5,1.04,228.4,0.97
2026-05-08 00:01:43,airfryer,225.7,1.09,238.4,0.97
2026-05-08 00:01:45,airfryer,225.7,1.09,238.4,0.97
2026-05-08 00:01:46,airfryer,226.2,1.07,235.9,0.98
2026-05-08 00:01:47,airfryer,226.4,1.05,231.5,0.97
2026-05-08 00:01:48,airfryer,226.3,1.04,228.4,0.97
2026-05-08 00:01:49,airfryer,226.1,1.06,234.0,0.97
2026-05-08 00:01:50,airfryer,226.3,1.07,234.6,0.97
2026-05-08 00:01:51,airfryer,226.3,1.07,234.6,0.97
2026-05-08 00:01:52,airfryer,226.3,1.04,229.0,0.97
2026-05-08 00:01:54,airfryer,226.4,1.08,239.7,0.98
2026-05-08 00:01:55,airfryer,226.3,1.07,234.9,0.97
2026-05-08 00:01:56,airfryer,226.3,1.13,249.1,0.97
2026-05-08 00:01:57,airfryer,226.3,1.13,249.1,0.97
2026-05-08 00:01:58,airfryer,226.3,1.05,231.6,0.97
2026-05-08 00:01:59,airfryer,226.2,1.09,240.9,0.97
2026-05-08 00:02:00,airfryer,226.3,1.1,240.6,0.97
2026-05-08 00:02:01,airfryer,226.4,1.06,233.1,0.97
2026-05-08 00:02:02,airfryer,226.3,1.08,237.9,0.97
2026-05-08 00:02:03,airfryer,226.3,1.08,237.9,0.97
2026-05-08 00:02:05,airfryer,226.6,1.05,231.9,0.98
2026-05-08 00:02:06,airfryer,226.7,1.07,236.5,0.97
2026-05-08 00:02:07,airfryer,226.8,1.1,242.2,0.97
2026-05-08 00:02:08,airfryer,226.8,1.08,237.9,0.97
2026-05-08 00:02:09,airfryer,226.9,1.11,244.6,0.97
2026-05-08 00:02:10,airfryer,226.9,1.11,244.6,0.97
2026-05-08 00:02:11,airfryer,226.9,1.08,237.1,0.97
2026-05-08 00:02:12,airfryer,226.9,1.07,236.7,0.97
2026-05-08 00:02:13,airfryer,226.9,1.06,233.3,0.97
2026-05-08 00:02:14,airfryer,226.9,1.06,233.3,0.97
2026-05-08 00:02:15,airfryer,227.2,1.09,241.3,0.98
2026-05-08 00:02:16,airfryer,227.2,1.09,241.3,0.98
2026-05-08 00:02:17,airfryer,227.2,1.05,232.6,0.97
2026-05-08 00:02:18,airfryer,227.0,1.05,232.1,0.97
2026-05-08 00:02:19,airfryer,226.5,1.06,233.8,0.97
2026-05-08 00:02:20,airfryer,226.9,1.05,231.7,0.97
2026-05-08 00:02:22,airfryer,226.9,1.04,229.8,0.97
2026-05-08 00:02:23,airfryer,226.9,1.04,229.8,0.97
2026-05-08 00:02:24,airfryer,227.1,1.07,234.9,0.97
2026-05-08 00:02:25,airfryer,226.9,1.06,233.7,0.98
2026-05-08 00:02:26,airfryer,227.0,1.05,231.9,0.97
2026-05-08 00:02:27,airfryer,227.0,1.05,232.1,0.97
2026-05-08 00:02:28,airfryer,227.0,1.05,232.1,0.97
2026-05-08 00:02:29,airfryer,227.0,1.05,230.9,0.97
2026-05-08 00:02:30,airfryer,226.9,1.05,230.9,0.97
2026-05-08 00:02:31,airfryer,227.0,1.04,230.0,0.97
2026-05-08 00:02:32,airfryer,227.1,1.05,232.7,0.97
2026-05-08 00:02:33,airfryer,226.9,1.06,234.3,0.97
2026-05-08 00:02:34,airfryer,226.5,1.07,237.0,0.98
2026-05-08 00:02:35,airfryer,226.5,1.07,237.0,0.98
2026-05-08 00:02:36,airfryer,226.6,1.11,244.5,0.97
2026-05-08 00:02:37,airfryer,226.9,1.05,231.9,0.97
2026-05-08 00:02:39,airfryer,226.7,1.09,240.3,0.97
2026-05-08 00:02:40,airfryer,226.6,1.04,229.9,0.97
2026-05-08 00:02:41,airfryer,226.6,1.04,229.9,0.97
2026-05-08 00:02:42,airfryer,226.5,1.05,231.0,0.97
2026-05-08 00:02:43,airfryer,226.3,1.05,232.2,0.97
2026-05-08 00:02:44,airfryer,226.6,1.05,232.2,0.97
2026-05-08 00:02:45,airfryer,227.1,1.06,233.9,0.97
2026-05-08 00:02:46,airfryer,227.0,1.1,243.5,0.97
2026-05-08 00:02:47,airfryer,227.0,1.1,243.5,0.97
2026-05-08 00:02:48,airfryer,226.8,1.08,237.6,0.97
2026-05-08 00:02:49,airfryer,226.7,1.13,250.5,0.97
2026-05-08 00:02:50,airfryer,226.7,1.13,250.5,0.97
2026-05-08 00:02:51,airfryer,226.6,1.19,263.5,0.97
2026-05-08 00:02:52,airfryer,226.7,1.13,250.0,0.98
2026-05-08 00:02:53,airfryer,226.8,1.05,231.8,0.97
2026-05-08 00:02:54,airfryer,226.6,1.05,231.8,0.97
2026-05-08 00:02:55,airfryer,226.4,1.04,229.4,0.97
2026-05-08 00:02:56,airfryer,226.4,1.04,229.4,0.97
2026-05-08 00:02:57,airfryer,226.6,1.05,231.5,0.97
2026-05-08 00:02:59,airfryer,226.5,1.04,229.5,0.97
2026-05-08 00:03:00,airfryer,226.6,1.05,230.7,0.97
2026-05-08 00:03:01,airfryer,226.7,1.04,230.5,0.97
2026-05-08 00:03:02,airfryer,226.6,1.05,231.6,0.97
2026-05-08 00:03:03,airfryer,226.3,1.04,229.9,0.97
2026-05-08 00:03:04,airfryer,226.4,1.05,231.9,0.97
2026-05-08 00:03:05,airfryer,226.4,1.04,229.6,0.97
2026-05-08 00:03:06,airfryer,226.4,1.04,229.6,0.97
2026-05-08 00:03:07,airfryer,226.4,1.05,231.7,0.97
2026-05-08 00:03:08,airfryer,226.4,1.04,229.2,0.97
2026-05-08 00:03:09,airfryer,226.2,1.04,229.1,0.97
2026-05-08 00:03:10,airfryer,226.0,1.04,228.6,0.97
2026-05-08 00:03:12,airfryer,226.1,1.05,231.6,0.97
2026-05-08 00:03:13,airfryer,226.1,1.05,231.6,0.97
2026-05-08 00:03:14,airfryer,225.5,3.75,787.6,0.93
2026-05-08 00:03:15,airfryer,224.1,8.85,1982.6,1.0
2026-05-08 00:03:16,airfryer,224.1,8.8,1970.6,1.0
2026-05-08 00:03:17,airfryer,224.1,8.8,1971.3,1.0
2026-05-08 00:03:18,airfryer,224.1,8.8,1971.3,1.0
2026-05-08 00:03:19,airfryer,223.8,8.79,1966.1,1.0
2026-05-08 00:03:20,airfryer,224.1,8.79,1967.6,1.0
2026-05-08 00:03:21,airfryer,224.5,8.83,1981.8,1.0
2026-05-08 00:03:22,airfryer,224.5,8.83,1981.8,1.0
2026-05-08 00:03:23,airfryer,224.6,8.83,1983.1,1.0
2026-05-08 00:03:24,airfryer,224.4,8.79,1971.2,1.0
2026-05-08 00:03:25,airfryer,224.4,8.79,1971.2,1.0
2026-05-08 00:03:26,airfryer,224.6,8.78,1972.1,1.0
2026-05-08 00:03:27,airfryer,224.5,8.77,1968.1,1.0
2026-05-08 00:03:28,airfryer,224.7,8.78,1973.7,1.0
2026-05-08 00:03:29,airfryer,224.8,8.77,1971.9,1.0
2026-05-08 00:03:30,airfryer,224.8,8.77,1970.5,1.0
2026-05-08 00:03:31,airfryer,224.8,8.77,1970.5,1.0
2026-05-08 00:03:33,airfryer,224.9,8.77,1973.1,1.0
2026-05-08 00:03:34,airfryer,224.8,8.76,1968.3,1.0
2026-05-08 00:03:35,airfryer,224.8,8.75,1967.4,1.0
2026-05-08 00:03:36,airfryer,225.0,8.75,1968.6,1.0
2026-05-08 00:03:37,airfryer,225.0,8.75,1968.6,1.0
2026-05-08 00:03:38,airfryer,225.0,8.76,1970.0,1.0
2026-05-08 00:03:39,airfryer,224.9,8.74,1966.1,1.0
2026-05-08 00:03:40,airfryer,224.8,8.78,1972.8,1.0
2026-05-08 00:03:42,airfryer,225.1,8.75,1968.1,1.0
2026-05-08 00:03:43,airfryer,225.0,8.76,1969.1,1.0
2026-05-08 00:03:44,airfryer,225.0,8.76,1969.1,1.0
2026-05-08 00:03:45,airfryer,224.8,8.73,1962.8,1.0
2026-05-08 00:03:46,airfryer,224.8,8.74,1964.1,1.0
2026-05-08 00:03:47,airfryer,224.8,8.76,1967.9,1.0
2026-05-08 00:03:48,airfryer,224.7,8.73,1961.5,1.0
2026-05-08 00:03:49,airfryer,224.6,8.72,1957.5,1.0
2026-05-08 00:03:50,airfryer,224.6,8.72,1957.5,1.0
2026-05-08 00:03:51,airfryer,224.6,8.72,1957.3,1.0
2026-05-08 00:03:52,airfryer,224.8,8.72,1958.6,1.0
2026-05-08 00:03:53,airfryer,224.8,8.74,1965.2,1.0
2026-05-08 00:03:54,airfryer,224.7,8.74,1963.5,1.0
2026-05-08 00:03:55,airfryer,225.8,5.19,1207.7,1.0
2026-05-08 00:03:56,airfryer,225.8,5.19,1207.7,1.0
2026-05-08 00:03:57,airfryer,226.9,1.1,241.4,0.97
2026-05-08 00:03:58,airfryer,227.1,1.07,237.8,0.98
2026-05-08 00:04:00,airfryer,227.1,1.04,230.5,0.97
2026-05-08 00:04:01,airfryer,227.0,1.06,232.9,0.97
2026-05-08 00:04:02,airfryer,227.0,1.06,232.9,0.97
2026-05-08 00:04:03,airfryer,227.0,1.08,239.1,0.98
2026-05-08 00:04:04,airfryer,227.0,1.08,239.5,0.98
2026-05-08 00:04:05,airfryer,226.8,1.09,240.5,0.97
2026-05-08 00:04:06,airfryer,226.7,1.06,233.6,0.97
2026-05-08 00:04:07,airfryer,226.4,1.05,230.6,0.97
2026-05-08 00:04:08,airfryer,226.4,1.05,230.6,0.97
2026-05-08 00:04:09,airfryer,226.8,1.05,232.6,0.97
2026-05-08 00:04:10,airfryer,226.8,1.04,229.7,0.97
2026-05-08 00:04:11,airfryer,226.8,1.06,233.5,0.97
2026-05-08 00:04:12,airfryer,226.8,1.05,232.5,0.97
2026-05-08 00:04:13,airfryer,227.5,1.04,230.3,0.97
2026-05-08 00:09:27,airfryer,225.4,8.84,1991.7,1.0
2026-05-08 00:09:28,airfryer,225.2,8.82,1985.5,1.0
2026-05-08 00:09:29,airfryer,225.0,8.82,1984.0,1.0
2026-05-08 00:09:30,airfryer,225.0,8.81,1981.0,1.0
2026-05-08 00:09:31,airfryer,225.3,8.82,1986.9,1.0
2026-05-08 00:09:32,airfryer,225.6,8.82,1988.1,1.0
2026-05-08 00:09:33,airfryer,225.6,8.82,1988.1,1.0
2026-05-08 00:09:34,airfryer,225.2,8.9,2003.5,1.0
2026-05-08 00:09:35,airfryer,225.2,8.8,1980.8,1.0
2026-05-08 00:09:36,airfryer,225.2,8.79,1978.2,1.0
2026-05-08 00:09:37,airfryer,225.4,8.79,1981.3,1.0
2026-05-08 00:09:38,airfryer,225.3,8.79,1979.6,1.0
2026-05-08 00:09:39,airfryer,225.3,8.79,1979.6,1.0
2026-05-08 00:09:40,airfryer,225.1,8.76,1972.0,1.0
2026-05-08 00:09:41,airfryer,225.0,8.78,1975.7,1.0
2026-05-08 00:09:42,airfryer,224.9,8.75,1967.7,1.0
2026-05-08 00:09:43,airfryer,225.2,8.77,1973.2,1.0
2026-05-08 00:09:44,airfryer,225.2,8.78,1976.2,1.0
2026-05-08 00:09:45,airfryer,225.2,8.78,1976.2,1.0
2026-05-08 00:09:46,airfryer,225.3,8.75,1971.7,1.0
2026-05-08 00:09:47,airfryer,225.0,8.74,1967.2,1.0
2026-05-08 00:09:49,airfryer,224.7,8.75,1965.2,1.0
2026-05-08 00:09:50,airfryer,224.7,8.75,1965.2,1.0
2026-05-08 00:09:51,airfryer,225.0,8.74,1965.6,1.0
2026-05-08 00:09:52,airfryer,225.0,8.74,1965.6,1.0
2026-05-08 00:09:53,airfryer,225.1,8.73,1966.1,1.0
2026-05-08 00:09:54,airfryer,224.9,8.77,1971.1,1.0
2026-05-08 00:09:55,airfryer,224.7,8.81,1978.6,1.0
2026-05-08 00:09:56,airfryer,224.7,8.75,1965.7,1.0
2026-05-08 00:09:57,airfryer,224.7,8.75,1964.5,1.0
2026-05-08 00:09:59,airfryer,224.8,8.74,1964.5,1.0
2026-05-08 00:10:00,airfryer,225.0,8.82,1983.4,1.0
2026-05-08 00:10:01,airfryer,225.4,8.78,1977.9,1.0
2026-05-08 00:10:02,airfryer,225.4,8.9,2006.6,1.0
2026-05-08 00:10:04,airfryer,225.0,8.85,1990.3,1.0
2026-05-08 00:10:05,airfryer,225.2,8.82,1987.3,1.0
2026-05-08 00:10:06,airfryer,225.4,8.76,1972.7,1.0
2026-05-08 00:10:07,airfryer,225.6,8.75,1974.2,1.0
2026-05-08 00:10:08,airfryer,225.3,8.75,1969.2,1.0
2026-05-08 00:10:09,airfryer,225.0,8.73,1965.3,1.0
2026-05-08 00:10:11,airfryer,225.0,8.73,1965.3,1.0
2026-05-08 00:10:12,airfryer,225.0,8.74,1966.5,1.0
2026-05-08 00:10:13,airfryer,224.9,8.73,1962.3,1.0
2026-05-08 00:10:14,airfryer,225.1,8.75,1970.3,1.0
2026-05-08 00:10:15,airfryer,225.0,8.72,1962.1,1.0
2026-05-08 00:10:16,airfryer,225.3,8.73,1966.4,1.0
2026-05-08 00:10:17,airfryer,225.3,8.73,1966.4,1.0
2026-05-08 00:10:18,airfryer,225.2,8.73,1965.7,1.0
2026-05-08 00:10:19,airfryer,225.2,8.73,1966.1,1.0
2026-05-08 00:10:20,airfryer,225.1,8.72,1963.1,1.0
2026-05-08 00:10:21,airfryer,225.2,8.75,1969.1,1.0
2026-05-08 00:10:22,airfryer,225.3,8.83,1989.2,1.0
2026-05-08 00:10:23,airfryer,225.3,8.83,1989.2,1.0
2026-05-08 00:10:24,airfryer,225.3,8.74,1969.1,1.0
2026-05-08 00:10:25,airfryer,225.2,8.73,1965.1,1.0
2026-05-08 00:10:26,airfryer,225.2,8.77,1974.4,1.0
2026-05-08 00:10:27,airfryer,225.2,8.74,1969.3,1.0
2026-05-08 00:10:28,airfryer,225.0,8.77,1971.4,1.0
2026-05-08 00:10:29,airfryer,225.0,8.77,1971.4,1.0
2026-05-08 00:10:30,airfryer,224.7,8.77,1970.5,1.0
2026-05-08 00:10:31,airfryer,224.8,8.76,1969.2,1.0
2026-05-08 00:10:32,airfryer,224.8,8.78,1973.1,1.0
2026-05-08 00:10:33,airfryer,224.8,8.79,1976.3,1.0
2026-05-08 00:10:34,airfryer,224.5,8.77,1968.5,1.0
2026-05-08 00:10:36,airfryer,224.5,8.77,1968.5,1.0
2026-05-08 00:10:37,airfryer,224.5,8.72,1957.9,1.0
2026-05-08 00:10:38,airfryer,224.6,8.69,1952.7,1.0
2026-05-08 00:10:39,airfryer,224.6,8.72,1957.3,1.0
2026-05-08 00:10:40,airfryer,224.6,8.7,1953.2,1.0
2026-05-08 00:10:41,airfryer,224.7,8.69,1952.5,1.0
2026-05-08 00:10:42,airfryer,224.7,8.69,1952.5,1.0
2026-05-08 00:10:43,airfryer,224.8,8.73,1961.8,1.0
2026-05-08 00:10:44,airfryer,224.9,8.71,1958.0,1.0
2026-05-08 00:10:45,airfryer,224.9,8.69,1954.7,1.0
2026-05-08 00:10:46,airfryer,224.8,8.73,1961.5,1.0
2026-05-08 00:10:47,airfryer,224.8,8.73,1961.5,1.0
2026-05-08 00:10:48,airfryer,224.8,8.73,1961.5,1.0
2026-05-08 00:10:49,airfryer,224.8,8.71,1956.8,1.0
2026-05-08 00:10:50,airfryer,224.4,8.69,1949.9,1.0
2026-05-08 00:10:51,airfryer,224.4,8.67,1946.4,1.0
2026-05-08 00:10:52,airfryer,224.4,8.68,1945.8,1.0
2026-05-08 00:10:53,airfryer,224.8,7.61,1752.1,1.0
2026-05-08 00:10:54,airfryer,224.8,7.61,1752.1,1.0
2026-05-08 00:10:55,airfryer,226.5,1.06,234.6,0.97
2026-05-08 00:10:56,airfryer,226.7,1.05,231.7,0.97
2026-05-08 00:10:57,airfryer,226.8,1.05,232.5,0.97
2026-05-08 00:10:58,airfryer,226.9,1.05,232.7,0.97
2026-05-08 00:10:59,airfryer,226.8,1.06,233.2,0.97
2026-05-08 00:11:00,airfryer,226.8,1.06,233.2,0.97
2026-05-08 00:11:02,airfryer,226.7,1.05,232.2,0.97
2026-05-08 00:11:03,airfryer,226.8,1.05,232.3,0.97
2026-05-08 00:11:04,airfryer,226.8,1.1,241.8,0.97
2026-05-08 00:11:05,airfryer,226.9,1.06,234.8,0.97
2026-05-08 00:11:06,airfryer,226.8,1.06,233.3,0.97
2026-05-08 00:11:07,airfryer,226.8,1.06,233.3,0.97
2026-05-08 00:11:08,airfryer,226.6,1.06,233.0,0.97
2026-05-08 00:11:09,airfryer,226.7,1.05,231.8,0.97
2026-05-08 00:11:10,airfryer,226.6,1.06,233.5,0.97
2026-05-08 00:11:11,airfryer,226.8,1.09,238.5,0.97
2026-05-08 00:11:12,airfryer,226.7,1.16,256.0,0.98
2026-05-08 00:11:13,airfryer,226.7,1.16,256.0,0.98
2026-05-08 00:11:14,airfryer,226.7,1.08,237.6,0.97
2026-05-08 00:11:16,airfryer,226.5,1.1,242.3,0.97
2026-05-08 00:11:17,airfryer,226.5,1.12,245.5,0.97
2026-05-08 00:11:18,airfryer,226.5,1.12,246.6,0.97
2026-05-08 00:11:19,airfryer,226.6,1.14,251.0,0.97
2026-05-08 00:11:20,airfryer,226.6,1.14,251.0,0.97
2026-05-08 00:11:21,airfryer,226.6,1.15,252.6,0.97
2026-05-08 00:11:22,airfryer,226.6,1.11,245.4,0.97
2026-05-08 00:11:23,airfryer,226.6,1.09,241.3,0.98
2026-05-08 00:11:24,airfryer,226.8,1.05,232.6,0.97
2026-05-08 00:11:25,airfryer,226.8,1.09,241.4,0.97
2026-05-08 00:11:26,airfryer,226.8,1.09,241.4,0.97
2026-05-08 00:11:27,airfryer,226.7,1.05,231.7,0.97
2026-05-08 00:11:28,airfryer,226.7,1.05,230.5,0.97
2026-05-08 00:11:29,airfryer,226.7,1.05,231.4,0.97
2026-05-08 00:11:30,airfryer,226.5,1.06,233.3,0.97
2026-05-08 00:11:31,airfryer,226.5,1.06,233.3,0.97
2026-05-08 00:11:32,airfryer,226.4,1.04,229.8,0.97
2026-05-08 00:11:33,airfryer,226.5,1.07,234.9,0.97
2026-05-08 00:11:35,airfryer,226.4,1.07,236.3,0.97
2026-05-08 00:11:36,airfryer,226.3,1.11,244.2,0.97
2026-05-08 00:11:37,airfryer,226.5,1.07,236.1,0.97
2026-05-08 00:11:38,airfryer,226.5,1.07,236.1,0.97
2026-05-08 00:11:39,airfryer,226.4,1.06,232.9,0.97
2026-05-08 00:11:40,airfryer,226.4,1.06,233.0,0.97
2026-05-08 00:11:41,airfryer,226.5,1.08,237.6,0.97
2026-05-08 00:11:42,airfryer,226.7,1.07,235.6,0.97
2026-05-08 00:11:43,airfryer,226.8,1.05,231.7,0.97
2026-05-08 00:11:44,airfryer,226.8,1.05,231.7,0.97
2026-05-08 00:11:45,airfryer,226.6,1.05,230.7,0.97
2026-05-08 00:11:46,airfryer,226.3,1.06,232.9,0.97
2026-05-08 00:11:47,airfryer,226.5,1.09,240.6,0.97
2026-05-08 00:11:48,airfryer,226.8,1.07,235.5,0.97
2026-05-08 00:11:49,airfryer,226.7,1.05,232.3,0.97
2026-05-08 00:11:50,airfryer,226.7,1.05,232.3,0.97
2026-05-08 00:11:51,airfryer,226.6,1.07,235.6,0.97
2026-05-08 00:11:52,airfryer,226.5,1.08,237.0,0.97
2026-05-08 00:11:53,airfryer,226.2,1.11,243.7,0.97
2026-05-08 00:11:54,airfryer,226.3,1.08,237.3,0.97
2026-05-08 00:11:55,airfryer,226.4,1.1,241.7,0.97
2026-05-08 00:11:56,airfryer,226.4,1.1,241.7,0.97
2026-05-08 00:11:57,airfryer,226.6,1.11,244.2,0.97
2026-05-08 00:11:58,airfryer,226.5,1.05,232.4,0.98
2026-05-08 00:11:59,airfryer,226.2,1.04,228.7,0.97
2026-05-08 00:12:00,airfryer,226.4,1.07,235.7,0.97
2026-05-08 00:12:02,airfryer,226.5,1.07,236.5,0.97
2026-05-08 00:12:03,airfryer,226.7,1.09,241.5,0.98
2026-05-08 00:12:05,airfryer,226.8,1.06,233.7,0.97
2026-05-08 00:12:06,airfryer,226.6,1.06,234.7,0.97
2026-05-08 00:12:07,airfryer,226.3,1.1,241.0,0.97
2026-05-08 00:12:08,airfryer,226.6,1.05,231.3,0.97
2026-05-08 00:12:09,airfryer,226.6,1.05,231.3,0.97
2026-05-08 00:12:10,airfryer,226.6,1.05,231.3,0.97
2026-05-08 00:12:11,airfryer,226.7,1.05,232.2,0.97
2026-05-08 00:12:12,airfryer,226.8,1.06,233.9,0.97
2026-05-08 00:12:13,airfryer,226.9,1.05,231.6,0.97
2026-05-08 00:12:14,airfryer,226.9,1.06,232.2,0.97
2026-05-08 00:12:15,airfryer,226.7,1.05,232.2,0.97
2026-05-08 00:12:16,airfryer,226.8,1.06,233.3,0.97
2026-05-08 00:12:17,airfryer,227.0,1.09,239.9,0.97
2026-05-08 00:12:18,airfryer,227.3,1.09,243.0,0.98
2026-05-08 00:12:19,airfryer,227.2,1.1,243.2,0.97
2026-05-08 00:12:20,airfryer,227.2,1.1,243.2,0.97
2026-05-08 00:12:21,airfryer,227.1,1.07,236.6,0.98
2026-05-08 00:12:23,airfryer,227.1,1.07,236.6,0.98
2026-05-08 00:12:24,airfryer,227.1,1.06,233.4,0.97
2026-05-08 00:12:25,airfryer,227.2,1.06,234.1,0.97
2026-05-08 00:12:26,airfryer,227.1,1.16,255.0,0.97
2026-05-08 00:12:27,airfryer,227.2,1.13,250.0,0.97
2026-05-08 00:12:28,airfryer,227.2,1.13,250.0,0.97
2026-05-08 00:12:29,airfryer,227.1,1.12,246.9,0.97
2026-05-08 00:12:30,airfryer,227.2,1.11,245.7,0.97
2026-05-08 00:12:31,airfryer,227.1,1.13,248.8,0.97
2026-05-08 00:12:32,airfryer,226.8,1.1,242.0,0.97
2026-05-08 00:12:33,airfryer,226.8,1.1,242.0,0.97
2026-05-08 00:12:34,airfryer,227.0,1.05,232.0,0.97
2026-05-08 00:12:35,airfryer,227.2,1.04,230.4,0.97
2026-05-08 00:12:36,airfryer,227.2,1.04,230.4,0.97
2026-05-08 00:12:37,airfryer,227.3,1.06,233.2,0.97
2026-05-08 00:12:38,airfryer,227.0,1.06,233.9,0.97
2026-05-08 00:12:39,airfryer,227.2,1.09,241.6,0.97
2026-05-08 00:12:41,airfryer,227.2,1.09,241.6,0.97
2026-05-08 00:12:42,airfryer,227.2,1.05,232.4,0.97
2026-05-08 00:12:43,airfryer,227.0,1.07,236.7,0.97
2026-05-08 00:12:44,airfryer,225.4,7.31,1591.6,0.97
2026-05-08 00:12:45,airfryer,224.9,8.85,1990.9,1.0
2026-05-08 00:12:46,airfryer,224.8,8.84,1986.4,1.0
2026-05-08 00:12:47,airfryer,224.8,8.84,1986.4,1.0
2026-05-08 00:12:48,airfryer,224.6,8.84,1985.0,1.0
2026-05-08 00:12:49,airfryer,224.7,8.83,1983.7,1.0
2026-05-08 00:12:50,airfryer,225.0,8.82,1984.2,1.0
2026-05-08 00:12:51,airfryer,225.1,8.83,1986.9,1.0
2026-05-08 00:12:52,airfryer,224.8,8.83,1983.9,1.0
2026-05-08 00:12:53,airfryer,224.8,8.83,1983.9,1.0
2026-05-08 00:12:54,airfryer,224.8,8.84,1986.4,1.0
2026-05-08 00:12:55,airfryer,224.9,8.8,1979.7,1.0
2026-05-08 00:12:56,airfryer,224.9,8.87,1994.0,1.0
2026-05-08 00:12:57,airfryer,224.8,8.89,1999.1,1.0
2026-05-08 00:12:58,airfryer,225.0,8.86,1992.5,1.0
2026-05-08 00:12:59,airfryer,225.0,8.86,1992.5,1.0
2026-05-08 00:13:00,airfryer,224.7,8.86,1990.8,1.0
2026-05-08 00:13:01,airfryer,224.8,8.86,1990.1,1.0
2026-05-08 00:13:02,airfryer,224.8,8.86,1992.2,1.0
2026-05-08 00:13:03,airfryer,224.9,8.82,1983.3,1.0
2026-05-08 00:13:04,airfryer,224.9,8.82,1983.3,1.0
2026-05-08 00:13:06,airfryer,225.0,8.77,1973.9,1.0
2026-05-08 00:13:07,airfryer,224.8,8.77,1969.5,1.0
2026-05-08 00:13:08,airfryer,224.7,8.76,1967.8,1.0
2026-05-08 00:13:09,airfryer,224.7,8.75,1965.0,1.0
2026-05-08 00:13:10,airfryer,225.0,8.76,1971.0,1.0
2026-05-08 00:13:11,airfryer,225.0,8.76,1971.0,1.0
2026-05-08 00:13:12,airfryer,225.2,8.79,1978.7,1.0
2026-05-08 00:13:13,airfryer,225.1,8.76,1972.2,1.0
2026-05-08 00:13:14,airfryer,224.7,8.73,1962.4,1.0
2026-05-08 00:13:15,airfryer,224.8,8.74,1964.1,1.0
2026-05-08 00:13:16,airfryer,225.1,8.74,1967.1,1.0
2026-05-08 00:13:17,airfryer,225.1,8.74,1967.1,1.0
2026-05-08 00:13:18,airfryer,224.9,8.75,1967.9,1.0
2026-05-08 00:13:19,airfryer,225.3,8.75,1970.0,1.0
2026-05-08 00:13:20,airfryer,225.2,8.74,1968.0,1.0
2026-05-08 00:13:21,airfryer,225.1,8.73,1965.0,1.0
2026-05-08 00:13:22,airfryer,225.1,8.74,1967.6,1.0
2026-05-08 00:13:23,airfryer,225.1,8.74,1967.6,1.0
2026-05-08 00:13:24,airfryer,225.4,8.82,1987.9,1.0
2026-05-08 00:13:25,airfryer,225.6,8.78,1980.1,1.0
2026-05-08 00:13:26,airfryer,225.9,8.82,1992.1,1.0
2026-05-08 00:13:28,airfryer,226.0,8.82,1992.5,1.0
2026-05-08 00:13:29,airfryer,226.0,8.81,1991.0,1.0
2026-05-08 00:13:30,airfryer,226.0,8.81,1991.0,1.0
2026-05-08 00:13:31,airfryer,226.0,8.82,1991.8,1.0
2026-05-08 00:13:32,airfryer,225.9,8.83,1993.1,1.0
2026-05-08 00:13:33,airfryer,227.8,1.59,399.8,1.0
2026-05-08 00:13:34,airfryer,227.8,1.09,241.9,0.97
2026-05-08 00:13:35,airfryer,227.8,1.05,232.0,0.97
2026-05-08 00:13:36,airfryer,227.8,1.05,232.0,0.97
2026-05-08 00:13:37,airfryer,227.9,1.09,241.2,0.97
2026-05-08 00:13:38,airfryer,227.9,1.09,241.2,0.97
2026-05-08 00:13:39,airfryer,228.0,1.04,231.5,0.97
2026-05-08 00:13:40,airfryer,227.5,1.05,233.4,0.97
2026-05-08 00:13:41,airfryer,227.2,1.09,239.7,0.97
2026-05-08 00:13:42,airfryer,227.2,1.09,239.7,0.97
2026-05-08 00:13:43,airfryer,227.2,1.09,239.7,0.97
2026-05-08 00:13:44,airfryer,227.5,1.05,232.7,0.97
2026-05-08 00:13:45,airfryer,227.6,1.04,230.7,0.97
2026-05-08 00:13:46,airfryer,227.4,1.05,231.8,0.97
2026-05-08 00:13:47,airfryer,227.4,1.05,233.4,0.97
2026-05-08 00:13:48,airfryer,227.4,1.05,233.4,0.97
2026-05-10 14:00:38,fon_1,223.4,1.59,319.3,0.9
2026-05-10 14:00:39,fon_1,223.4,1.59,319.3,0.9
2026-05-10 14:00:40,fon_1,223.3,1.58,318.8,0.9
2026-05-10 14:00:45,fon_1,223.9,1.6,322.4,0.9
2026-05-10 14:00:46,fon_1,223.9,1.6,322.4,0.9
2026-05-10 14:00:47,fon_1,224.0,1.59,320.6,0.9
2026-05-10 14:00:48,fon_1,224.4,1.58,319.1,0.9
2026-05-10 14:00:50,fon_1,223.6,1.57,317.0,0.9
2026-05-10 14:00:51,fon_1,223.6,1.58,320.1,0.9
2026-05-10 14:00:52,fon_1,223.6,1.58,320.1,0.9
2026-05-10 14:00:53,fon_1,223.6,1.58,320.1,0.9
2026-05-10 14:00:54,fon_1,224.2,1.58,319.3,0.9
2026-05-10 14:00:55,fon_1,224.3,1.58,321.0,0.91
2026-05-10 14:00:56,fon_1,223.8,1.58,320.3,0.91
2026-05-10 14:00:57,fon_1,224.1,1.57,318.4,0.91
2026-05-10 14:00:58,fon_1,224.1,1.57,318.4,0.91
2026-05-10 14:00:59,fon_1,224.3,1.57,318.7,0.91
2026-05-10 14:01:00,fon_1,224.2,1.57,319.8,0.91
2026-05-10 14:01:01,fon_1,223.9,1.56,318.5,0.91
2026-05-10 14:01:02,fon_1,224.2,1.6,326.3,0.91
2026-05-10 14:01:03,fon_1,224.0,1.59,322.7,0.91
2026-05-10 14:01:04,fon_1,224.0,1.59,322.7,0.91
2026-05-10 14:01:05,fon_1,224.0,1.61,328.0,0.91
2026-05-10 14:01:06,fon_1,224.2,1.61,327.8,0.91
2026-05-10 14:01:07,fon_1,223.3,1.62,328.0,0.91
2026-05-10 14:01:09,fon_1,223.1,1.63,329.8,0.91
2026-05-10 14:01:10,fon_1,223.1,1.63,329.8,0.91
2026-05-10 14:01:11,fon_1,223.3,1.62,328.9,0.91
2026-05-10 14:01:13,fon_1,222.9,1.62,328.1,0.91
2026-05-10 14:01:14,fon_1,222.6,1.62,327.0,0.91
2026-05-10 14:01:15,fon_1,222.4,1.63,330.4,0.91
2026-05-10 14:01:16,fon_1,222.2,1.62,327.0,0.91
2026-05-10 14:01:17,fon_1,222.2,1.62,327.0,0.91
2026-05-10 14:01:18,fon_1,222.2,1.61,325.9,0.91
2026-05-10 14:01:19,fon_1,222.2,1.64,330.0,0.91
2026-05-10 14:01:20,fon_1,222.1,1.64,331.7,0.91
2026-05-10 14:01:21,fon_1,222.4,1.66,334.6,0.91
2026-05-10 14:01:22,fon_1,222.0,1.62,325.2,0.91
2026-05-10 14:01:23,fon_1,221.6,1.62,326.0,0.91
2026-05-10 14:01:24,fon_1,221.6,1.62,326.0,0.91
2026-05-10 14:01:25,fon_1,221.8,1.63,328.6,0.91
2026-05-10 14:01:26,fon_1,221.3,1.61,323.3,0.91
2026-05-10 14:01:27,fon_1,221.9,1.61,323.0,0.9
2026-05-10 14:01:28,fon_1,221.5,1.6,320.9,0.91
2026-05-10 14:01:29,fon_1,221.9,1.58,317.5,0.91
2026-05-10 14:01:30,fon_1,221.9,1.58,317.5,0.91
2026-05-10 14:01:31,fon_1,222.0,1.57,314.7,0.9
2026-05-10 14:01:32,fon_1,222.3,1.57,316.0,0.9
2026-05-10 14:01:34,fon_1,222.8,1.65,331.7,0.9
2026-05-10 14:01:35,fon_1,222.9,1.64,331.6,0.91
2026-05-10 14:01:36,fon_1,222.9,1.64,331.6,0.91
2026-05-10 14:01:37,fon_1,222.9,1.66,333.9,0.9
2026-05-10 14:01:38,fon_1,223.0,1.57,316.4,0.9
2026-05-10 14:01:40,fon_1,222.2,1.8,357.0,0.89
2026-05-10 14:01:41,fon_1,222.2,1.8,357.0,0.89
2026-05-10 14:01:42,fon_1,222.3,1.83,362.6,0.89
2026-05-10 14:01:43,fon_1,222.6,1.6,321.5,0.9
2026-05-10 14:01:44,fon_1,222.5,1.57,315.9,0.9
2026-05-10 14:01:45,fon_1,222.4,1.65,330.5,0.9
2026-05-10 14:01:46,fon_1,222.2,1.62,326.0,0.91
2026-05-10 14:01:48,fon_1,222.2,1.62,326.0,0.91
2026-05-10 14:01:49,fon_1,221.7,1.63,327.3,0.9
2026-05-10 14:01:50,fon_1,221.8,1.57,314.7,0.9
2026-05-10 14:01:51,fon_1,221.7,1.58,317.0,0.9
2026-05-10 14:01:52,fon_1,221.6,1.57,315.3,0.9
2026-05-10 14:01:53,fon_1,221.4,1.57,314.4,0.91
2026-05-10 14:01:54,fon_1,221.4,1.56,313.4,0.91
2026-05-10 14:01:55,fon_1,221.4,1.56,313.4,0.91
2026-05-10 14:01:56,fon_1,221.7,1.6,322.4,0.91
2026-05-10 14:01:57,fon_1,221.4,1.6,321.7,0.91
2026-05-10 14:01:58,fon_1,222.0,1.57,317.7,0.91
2026-05-10 14:01:59,fon_1,222.4,1.57,316.2,0.91
2026-05-10 14:02:00,fon_1,223.0,1.61,327.1,0.91
2026-05-10 14:02:01,fon_1,223.0,1.61,327.1,0.91
2026-05-10 14:02:02,fon_1,223.2,1.59,322.2,0.91
2026-05-10 14:02:03,fon_1,222.8,1.57,318.5,0.91
2026-05-10 14:02:04,fon_1,222.7,1.57,318.2,0.91
2026-05-10 14:02:05,fon_1,222.4,1.57,318.8,0.91
2026-05-10 14:02:07,fon_1,222.4,1.56,315.7,0.91
2026-05-10 14:02:09,fon_1,223.3,1.56,317.3,0.91
2026-05-10 14:02:10,fon_1,223.4,1.57,319.6,0.91
2026-05-10 14:02:12,fon_1,223.4,1.56,316.4,0.91
2026-05-10 14:02:13,fon_1,223.5,1.57,318.8,0.91
2026-05-10 14:02:14,fon_1,223.5,1.57,318.8,0.91
2026-05-10 14:02:15,fon_1,223.0,1.58,321.3,0.91
2026-05-10 14:02:16,fon_1,222.8,1.59,321.6,0.91
2026-05-10 14:02:17,fon_1,223.2,1.61,325.7,0.91
2026-05-10 14:02:18,fon_1,223.2,1.61,325.7,0.91
2026-05-10 14:02:19,fon_1,222.8,1.65,336.0,0.91
2026-05-10 14:02:20,fon_1,222.8,1.65,336.0,0.91
2026-05-10 14:02:21,fon_1,222.1,1.61,324.3,0.91
2026-05-10 14:02:22,fon_1,222.5,1.61,326.1,0.91
2026-05-10 14:02:23,fon_1,222.4,1.57,316.7,0.91
2026-05-10 14:02:24,fon_1,222.4,1.57,317.7,0.91
2026-05-10 14:02:25,fon_1,222.4,1.57,317.7,0.91
2026-05-10 14:02:26,fon_1,222.1,1.57,316.8,0.91
2026-05-10 14:02:27,fon_1,222.4,1.57,318.0,0.91
2026-05-10 14:02:28,fon_1,222.9,1.57,317.9,0.91
2026-05-10 14:02:30,fon_1,223.3,1.56,317.9,0.91
2026-05-10 14:02:31,fon_1,222.9,1.58,319.5,0.91
2026-05-10 14:02:32,fon_1,222.9,1.58,319.5,0.91
2026-05-10 14:02:33,fon_1,222.9,1.58,319.5,0.91
2026-05-10 14:02:34,fon_1,223.2,1.57,317.2,0.91
2026-05-10 14:03:14,fon_2,223.3,2.39,531.1,1.0
2026-05-10 14:03:16,fon_2,223.3,2.39,531.1,1.0
2026-05-10 14:03:17,fon_2,223.5,2.39,531.9,0.99
2026-05-10 14:03:18,fon_2,223.5,2.45,544.4,1.0
2026-05-10 14:03:19,fon_2,223.5,2.46,548.1,1.0
2026-05-10 14:03:20,fon_2,223.4,2.46,547.3,1.0
2026-05-10 14:03:21,fon_2,223.2,2.39,529.5,0.99
2026-05-10 14:03:22,fon_2,223.2,2.39,529.5,0.99
2026-05-10 14:03:23,fon_2,223.4,2.39,531.3,1.0
2026-05-10 14:03:24,fon_2,224.2,2.39,533.2,1.0
2026-05-10 14:03:28,fon_2,224.5,2.39,534.7,1.0
2026-05-10 14:03:29,fon_2,224.5,2.39,533.6,1.0
2026-05-10 14:03:30,fon_2,224.5,2.39,533.6,1.0
2026-05-10 14:03:31,fon_2,224.3,2.38,532.1,1.0
2026-05-10 14:03:33,fon_2,224.2,2.39,533.2,1.0
2026-05-10 14:03:34,fon_2,223.8,2.38,530.4,1.0
2026-05-10 14:03:35,fon_2,223.8,2.38,530.4,1.0
2026-05-10 14:03:36,fon_2,224.0,2.39,531.9,1.0
2026-05-10 14:03:37,fon_2,223.4,2.4,533.8,1.0
2026-05-10 14:03:38,fon_2,222.5,2.38,526.4,1.0
2026-05-10 14:03:39,fon_2,222.6,2.4,530.8,0.99
2026-05-10 14:03:40,fon_2,222.9,2.43,538.9,0.99
2026-05-10 14:03:41,fon_2,222.9,2.43,538.9,0.99
2026-05-10 14:03:42,fon_2,222.9,2.43,538.6,0.99
2026-05-10 14:03:43,fon_2,223.1,2.44,541.2,0.99
2026-05-10 14:03:44,fon_2,222.7,2.43,538.1,0.99
2026-05-10 14:03:45,fon_2,222.3,2.53,557.9,0.99
2026-05-10 14:03:46,fon_2,222.6,2.61,573.0,0.98
2026-05-10 14:03:47,fon_2,222.6,2.61,573.0,0.98
2026-05-10 14:03:49,fon_2,222.5,2.67,589.8,0.99
2026-05-10 14:03:50,fon_2,222.3,2.43,537.7,0.99
2026-05-10 14:03:51,fon_2,222.4,2.44,538.2,0.99
2026-05-10 14:03:52,fon_2,222.6,2.45,541.8,0.99
2026-05-10 14:03:53,fon_2,222.6,2.45,541.8,0.99
2026-05-10 14:03:55,fon_2,223.1,2.4,532.7,0.99
2026-05-10 14:03:56,fon_2,223.0,2.41,534.1,0.99
2026-05-10 14:03:57,fon_2,222.5,2.41,534.6,1.0
2026-05-10 14:03:58,fon_2,222.8,2.39,530.3,0.99
2026-05-10 14:03:59,fon_2,222.8,2.39,530.3,0.99
2026-05-10 14:04:00,fon_2,223.4,2.42,538.8,0.99
2026-05-10 14:04:01,fon_2,223.3,2.38,529.6,1.0
2026-05-10 14:04:02,fon_2,223.1,2.39,530.0,1.0
2026-05-10 14:04:03,fon_2,223.4,2.38,530.1,0.99
2026-05-10 14:04:04,fon_2,223.7,2.39,531.1,1.0
2026-05-10 14:04:05,fon_2,223.7,2.39,531.1,1.0
2026-05-10 14:04:06,fon_2,223.7,2.39,531.1,1.0
2026-05-10 14:04:07,fon_2,223.9,2.38,531.3,1.0
2026-05-10 14:04:08,fon_2,223.8,2.39,532.9,0.99
2026-05-10 14:04:09,fon_2,224.0,2.39,532.1,1.0
2026-05-10 14:04:10,fon_2,224.2,2.39,533.3,1.0
2026-05-10 14:04:11,fon_2,224.2,2.38,531.4,1.0
2026-05-10 14:04:12,fon_2,224.2,2.38,531.4,1.0
2026-05-10 14:04:14,fon_2,223.7,2.38,530.9,1.0
2026-05-10 14:04:15,fon_2,223.7,2.4,533.2,0.99
2026-05-10 14:04:16,fon_2,223.6,2.4,534.3,0.99
2026-05-10 14:04:17,fon_2,223.3,2.41,535.3,0.99
2026-05-10 14:04:18,fon_2,223.3,2.41,535.3,0.99
2026-05-10 14:04:20,fon_2,223.4,2.4,533.0,0.99
2026-05-10 14:04:21,fon_2,223.4,2.4,533.0,0.99
2026-05-10 14:04:22,fon_2,223.4,2.41,536.2,0.99
2026-05-10 14:04:23,fon_2,223.4,2.43,538.8,0.99
2026-05-10 14:04:24,fon_2,223.3,2.41,534.7,0.99
2026-05-10 14:04:25,fon_2,223.3,2.41,534.7,0.99
2026-05-10 14:04:26,fon_2,223.4,2.41,535.3,0.99
2026-05-10 14:04:27,fon_2,223.4,2.41,535.2,0.99
2026-05-10 14:04:28,fon_2,223.7,2.41,536.3,0.99
2026-05-10 14:04:29,fon_2,223.9,2.41,536.0,0.99
2026-05-10 14:04:30,fon_2,223.7,2.4,533.0,0.99
2026-05-10 14:04:31,fon_2,223.7,2.4,533.0,0.99
2026-05-10 14:04:32,fon_2,223.4,2.4,532.6,0.99
2026-05-10 14:04:34,fon_2,223.6,2.4,534.2,1.0
2026-05-10 14:04:35,fon_2,223.7,2.39,531.6,1.0
2026-05-10 14:04:36,fon_2,223.2,2.39,530.8,0.99
2026-05-10 14:04:37,fon_2,223.2,2.39,530.8,0.99
2026-05-10 14:04:38,fon_2,223.3,2.41,534.6,0.99
2026-05-10 14:04:39,fon_2,223.6,2.41,537.1,1.0
2026-05-10 14:04:40,fon_2,223.4,2.43,540.7,0.99
2026-05-10 14:04:41,fon_2,223.7,2.39,531.9,0.99
2026-05-10 14:04:42,fon_2,223.4,2.39,531.6,1.0
2026-05-10 14:04:43,fon_2,223.4,2.39,531.6,1.0
2026-05-10 14:04:44,fon_2,223.2,2.42,537.0,1.0
2026-05-10 14:04:45,fon_2,223.3,2.39,531.5,0.99
2026-05-10 14:04:46,fon_2,223.3,2.43,539.1,0.99
2026-05-10 14:04:47,fon_2,223.4,2.4,534.7,1.0
2026-05-10 14:04:48,fon_2,223.2,2.4,532.2,1.0
2026-05-10 14:04:49,fon_2,223.2,2.4,532.2,1.0
2026-05-10 14:04:50,fon_2,223.3,2.39,530.5,0.99
2026-05-10 14:04:51,fon_2,223.4,2.39,531.3,1.0
2026-05-10 14:04:52,fon_2,223.4,2.39,531.5,1.0
2026-05-10 14:04:53,fon_2,223.6,2.39,532.6,0.99
2026-05-10 14:04:54,fon_2,223.5,2.39,531.0,1.0
2026-05-10 14:04:55,fon_2,223.5,2.39,531.0,1.0
2026-05-10 14:04:56,fon_2,223.2,2.44,541.0,1.0
2026-05-10 14:04:57,fon_2,223.2,2.38,528.3,0.99
2026-05-10 14:04:59,fon_2,223.1,2.39,531.1,0.99
2026-05-10 14:05:00,fon_2,222.9,2.41,534.0,1.0
2026-05-10 14:05:01,fon_2,222.8,2.38,527.8,1.0
2026-05-10 14:05:03,fon_2,222.8,2.38,527.1,0.99
2026-05-10 14:05:04,fon_2,222.6,2.39,529.1,0.99
2026-05-10 14:05:05,fon_2,221.5,2.37,522.7,1.0
2026-05-10 14:05:06,fon_2,221.3,2.37,520.9,0.99
2026-05-10 14:05:07,fon_2,222.1,2.37,524.4,0.99
2026-05-10 14:05:08,fon_2,222.1,2.37,524.4,0.99
2026-05-10 14:05:09,fon_2,222.3,2.39,528.4,0.99
2026-05-10 14:05:10,fon_2,221.7,2.37,522.6,1.0
2026-05-10 14:05:11,fon_2,221.6,2.37,522.5,0.99
2026-05-10 14:05:12,fon_2,221.7,2.37,523.4,1.0
2026-05-10 14:05:13,fon_2,221.8,2.38,526.0,0.99
2026-05-10 14:05:14,fon_2,221.8,2.38,526.0,0.99
2026-05-10 14:05:15,fon_2,222.0,2.37,523.5,0.99
2026-05-10 14:05:16,fon_2,221.8,2.41,531.7,0.99
2026-05-10 14:05:17,fon_2,221.6,2.45,538.9,0.99
2026-05-10 14:05:19,fon_2,221.9,2.44,538.7,1.0
2026-05-10 14:05:20,fon_2,221.9,2.41,531.9,1.0
2026-05-10 14:05:22,fon_2,222.2,2.38,525.5,1.0
2026-05-10 14:05:23,fon_2,222.1,2.37,524.9,1.0
2026-05-10 14:05:24,fon_2,222.1,2.37,524.9,1.0
2026-05-10 14:05:25,fon_2,221.6,2.4,527.6,0.99
2026-05-10 14:05:26,fon_2,221.6,2.46,543.4,1.0
2026-05-10 14:05:27,fon_2,221.6,2.46,543.4,1.0
2026-05-10 14:05:28,fon_2,222.0,2.41,532.1,0.99
2026-05-10 14:05:29,fon_2,221.6,2.37,524.5,1.0
2026-05-10 14:05:31,fon_2,220.9,2.37,520.1,1.0
2026-05-10 14:05:32,fon_2,220.9,2.37,520.1,1.0
2026-05-10 14:05:33,fon_2,220.9,2.37,520.1,1.0
2026-05-10 14:05:34,fon_2,221.1,2.36,519.9,1.0
2026-05-10 14:05:35,fon_2,220.8,2.38,522.0,0.99
2026-05-10 14:05:36,fon_2,221.0,2.48,544.8,0.99
2026-05-10 14:05:37,fon_2,221.4,2.39,526.6,1.0
2026-05-10 14:05:38,fon_2,221.4,2.39,526.6,1.0
2026-05-10 14:05:40,fon_2,221.4,2.39,526.6,1.0
2026-05-10 14:05:41,fon_2,221.7,2.38,526.1,1.0
2026-05-10 14:05:42,fon_2,221.7,2.37,523.6,1.0
2026-05-10 14:05:43,fon_2,221.8,2.37,523.2,1.0
2026-05-10 14:05:44,fon_2,222.0,2.4,529.1,0.99
2026-05-10 14:05:46,fon_2,222.0,2.4,530.6,0.99
2026-05-10 14:05:50,fon_2,221.8,2.38,526.2,1.0
2026-05-10 14:05:51,fon_2,221.9,2.37,524.0,1.0
2026-05-10 14:05:52,fon_2,221.9,2.37,524.0,1.0
2026-05-10 14:05:53,fon_2,222.2,2.37,524.4,1.0
2026-05-10 14:05:54,fon_2,221.7,2.37,522.9,1.0
2026-05-10 14:05:56,fon_2,220.9,2.4,527.5,1.0
2026-05-10 14:05:57,fon_2,220.8,2.37,519.5,0.99
2026-05-10 14:05:58,fon_2,220.8,2.37,519.5,0.99
2026-05-10 14:05:59,fon_2,220.1,2.36,517.4,1.0
2026-05-10 14:06:00,fon_2,219.8,2.39,523.2,1.0
2026-05-10 14:06:01,fon_2,220.2,2.36,517.7,0.99
2026-05-10 14:06:02,fon_2,220.5,2.37,519.0,0.99
2026-05-10 14:06:04,fon_2,220.3,2.37,518.4,0.99
2026-05-10 14:06:05,fon_2,220.3,2.37,518.4,0.99
2026-05-10 14:06:06,fon_2,220.6,2.37,521.4,1.0
2026-05-10 14:06:07,fon_2,220.0,2.37,517.9,1.0
2026-05-10 14:06:08,fon_2,219.9,2.37,517.4,0.99
2026-05-10 14:06:10,fon_2,220.5,2.37,519.6,1.0
2026-05-10 14:06:11,fon_2,220.3,2.37,520.0,1.0
2026-05-10 14:06:12,fon_2,219.4,2.36,515.3,1.0
2026-05-10 14:06:13,fon_2,219.6,2.36,515.8,0.99
2026-05-10 14:06:14,fon_2,220.1,2.36,516.8,1.0
2026-05-10 14:06:15,fon_2,220.4,2.37,520.1,1.0
2026-05-10 14:06:16,fon_2,220.4,2.37,520.1,1.0
2026-05-10 14:06:17,fon_2,219.7,2.36,515.6,1.0
2026-05-10 14:06:18,fon_2,218.8,2.39,520.9,0.99
2026-05-10 14:06:19,fon_2,219.3,2.37,516.6,0.99
2026-05-10 14:06:20,fon_2,219.6,2.37,518.1,1.0
2026-05-10 14:06:21,fon_2,219.3,2.36,514.9,0.99
2026-05-10 14:06:22,fon_2,219.3,2.36,514.9,0.99
2026-05-10 14:06:23,fon_2,219.5,2.36,514.7,1.0
2026-05-10 14:06:24,fon_2,219.8,2.38,519.9,0.99
2026-05-10 14:06:25,fon_2,219.7,2.37,518.6,1.0
2026-05-10 14:06:26,fon_2,219.7,2.36,515.7,1.0
2026-05-10 14:06:27,fon_2,219.6,2.35,514.0,1.0
2026-05-10 14:06:28,fon_2,219.6,2.35,514.0,1.0
2026-05-10 14:06:29,fon_2,220.0,2.37,516.8,0.99
2026-05-10 14:06:30,fon_2,220.0,2.37,516.8,0.99
2026-05-10 14:06:32,fon_2,219.8,2.37,518.6,1.0
2026-05-10 14:06:33,fon_2,219.8,2.36,516.3,1.0
2026-05-10 14:06:34,fon_2,219.8,2.36,515.5,0.99
2026-05-10 14:06:35,fon_2,220.0,2.37,518.5,0.99
2026-05-10 14:06:36,fon_2,220.0,2.37,518.5,0.99
2026-05-10 14:06:37,fon_2,219.8,2.36,517.8,1.0
2026-05-10 14:06:38,fon_2,219.8,2.36,515.4,1.0
2026-05-10 14:06:39,fon_2,219.8,2.45,535.7,0.99
2026-05-10 14:06:40,fon_2,219.7,2.43,531.0,1.0
2026-05-10 14:06:41,fon_2,219.5,2.39,523.2,1.0
2026-05-10 14:06:42,fon_2,219.5,2.39,523.2,1.0
2026-05-10 14:06:43,fon_2,219.4,2.36,514.3,0.99
2026-05-10 14:06:44,fon_2,219.4,2.36,515.0,1.0
2026-05-10 14:06:45,fon_2,219.4,2.4,523.7,0.99
2026-05-10 14:06:46,fon_2,219.0,2.44,531.2,1.0
2026-05-10 14:06:47,fon_2,218.6,2.41,524.0,0.99
2026-05-10 14:06:48,fon_2,218.6,2.41,524.0,0.99
2026-05-10 14:06:49,fon_2,219.0,2.36,513.3,0.99
2026-05-10 14:06:50,fon_2,219.3,2.37,516.7,0.99
2026-05-10 14:06:51,fon_2,219.5,2.36,514.3,0.99
2026-05-10 14:06:52,fon_2,219.3,2.36,514.3,1.0
2026-05-10 14:06:53,fon_2,219.3,2.36,514.3,1.0
2026-05-10 14:06:54,fon_2,219.4,2.36,514.6,1.0
2026-05-10 14:06:55,fon_2,219.7,2.37,518.1,1.0
2026-05-10 14:06:56,fon_2,219.8,2.36,515.7,0.99
2026-05-10 14:06:57,fon_2,220.0,2.36,517.3,1.0
2026-05-10 14:06:58,fon_2,220.0,2.36,517.3,1.0
2026-05-10 14:07:00,fon_2,220.0,2.36,517.3,1.0
2026-05-10 14:07:01,fon_2,219.7,2.4,525.6,0.99
2026-05-10 14:07:02,fon_2,220.0,2.37,517.7,0.99
2026-05-10 14:07:03,fon_2,219.8,2.36,516.4,1.0
2026-05-10 14:07:04,fon_2,219.7,2.36,516.4,1.0
2026-05-10 14:07:05,fon_2,219.5,2.37,517.3,0.99
2026-05-10 14:07:06,fon_2,219.5,2.37,517.3,0.99
2026-05-10 14:07:07,fon_2,220.0,2.37,517.7,1.0
2026-05-10 14:07:09,fon_2,220.2,2.37,519.1,0.99
2026-05-10 14:07:10,fon_2,219.7,2.36,516.4,1.0
2026-05-10 14:07:11,fon_2,219.6,2.37,517.7,0.99
2026-05-10 14:07:12,fon_2,220.1,2.37,518.0,1.0
2026-05-10 14:07:13,fon_2,220.1,2.37,518.0,1.0
2026-05-10 14:07:14,fon_2,220.0,2.36,517.3,1.0
2026-05-10 14:07:15,fon_2,219.5,2.36,514.4,1.0
2026-05-10 14:07:16,fon_2,219.5,2.38,519.6,1.0
2026-05-10 14:07:17,fon_2,219.8,2.37,517.0,0.99
2026-05-10 14:07:18,fon_2,220.3,2.46,538.4,0.99
2026-05-10 14:07:19,fon_2,220.3,2.46,538.4,0.99
2026-05-10 14:07:20,fon_2,220.1,2.4,525.6,1.0
2026-05-10 14:07:21,fon_2,219.9,2.43,531.7,0.99
2026-05-10 14:07:22,fon_2,220.3,2.37,519.5,1.0
2026-05-10 14:07:23,fon_2,219.9,2.37,517.7,1.0
2026-05-10 14:07:24,fon_2,219.7,2.37,517.4,0.99
2026-05-10 14:07:25,fon_2,219.7,2.37,517.4,0.99
2026-05-10 14:07:26,fon_2,219.9,2.38,519.8,0.99
2026-05-10 14:07:27,fon_2,220.0,2.37,518.0,1.0
2026-05-10 14:07:28,fon_2,220.0,2.37,517.6,0.99
2026-05-10 14:07:29,fon_2,220.2,2.37,518.7,0.99
2026-05-10 14:07:30,fon_2,220.4,2.38,521.0,0.99
2026-05-10 14:07:31,fon_2,220.4,2.38,521.0,0.99
2026-05-10 14:07:33,fon_2,220.3,2.36,517.7,1.0
2026-05-10 14:07:34,fon_2,220.4,2.37,518.9,0.99
2026-05-10 14:07:38,fon_2,220.3,2.36,517.9,0.99
2026-05-10 14:07:39,fon_2,220.6,2.37,520.5,1.0
2026-05-10 14:07:40,fon_2,220.4,2.37,519.5,0.99
2026-05-10 14:07:41,fon_2,220.5,2.37,520.6,1.0
2026-05-10 14:07:42,fon_2,220.5,2.4,527.1,0.99
2026-05-10 14:07:43,fon_2,220.5,2.4,527.1,0.99
2026-05-10 14:07:44,fon_2,220.7,2.37,520.4,1.0
2026-05-10 14:07:45,fon_2,221.0,2.42,531.1,0.99
2026-05-10 14:07:46,fon_2,221.2,2.44,537.4,1.0
2026-05-10 14:07:47,fon_2,221.2,2.44,537.4,1.0
2026-05-10 14:07:48,fon_2,221.1,2.43,534.7,0.99
2026-05-10 14:07:49,fon_2,220.7,2.37,520.6,1.0
2026-05-10 14:07:50,fon_2,220.7,2.37,520.6,1.0
2026-05-10 14:07:51,fon_2,220.9,2.37,520.3,1.0
2026-05-10 14:07:53,fon_2,221.3,2.37,522.1,1.0
2026-05-10 14:07:54,fon_2,221.1,2.37,522.4,0.99
2026-05-10 14:07:55,fon_2,220.9,2.37,521.0,1.0
2026-05-10 14:07:57,fon_2,220.8,2.38,523.8,1.0
2026-05-10 14:07:58,fon_2,220.8,2.37,520.8,1.0
2026-05-10 14:07:59,fon_2,221.2,2.37,521.0,1.0
2026-05-10 14:08:00,fon_2,221.3,2.37,521.3,1.0
2026-05-10 14:08:01,fon_2,221.4,2.38,525.5,1.0
2026-05-10 14:08:03,fon_2,221.4,2.4,528.8,0.99
2026-05-10 14:08:04,fon_2,221.5,2.38,524.6,1.0
2026-05-10 14:08:05,fon_2,221.3,2.37,522.4,0.99
2026-05-10 14:08:06,fon_2,221.0,2.38,523.7,0.99
2026-05-10 14:08:08,fon_2,221.0,2.36,520.1,1.0
2026-05-10 14:08:09,fon_2,221.0,2.36,520.1,1.0
2026-05-10 14:08:10,fon_2,221.4,2.36,520.5,0.99
2026-05-10 14:08:11,fon_2,221.7,2.37,523.2,0.99
2026-05-10 14:08:12,fon_2,221.1,2.38,524.0,1.0
2026-05-10 14:08:13,fon_2,221.7,2.37,522.5,1.0
2026-05-10 14:08:14,fon_2,223.1,2.38,528.1,0.99
2026-05-10 14:08:15,fon_2,223.1,2.38,528.1,0.99
2026-05-10 14:08:16,fon_2,222.5,2.38,527.9,1.0
2026-05-10 14:08:17,fon_2,222.5,2.4,530.1,0.99
2026-05-10 14:08:18,fon_2,222.4,2.47,546.9,0.99
2026-05-10 14:08:19,fon_2,222.7,2.41,534.7,0.99
2026-05-10 14:08:20,fon_2,222.7,2.41,534.7,0.99
2026-05-10 14:08:21,fon_2,222.4,2.38,527.4,1.0
2026-05-10 14:08:22,fon_2,222.4,2.38,527.4,1.0
2026-05-10 14:08:23,fon_2,222.2,2.38,526.6,1.0
2026-05-10 14:08:24,fon_2,221.9,2.37,523.6,0.99
2026-05-10 14:08:25,fon_2,221.5,2.41,532.2,0.99
2026-05-10 14:08:26,fon_2,221.9,2.38,525.3,1.0
2026-05-10 14:08:27,fon_2,221.9,2.38,525.3,1.0
2026-05-10 14:09:39,fon_1,224.0,1.58,319.9,0.9
2026-05-10 14:09:40,fon_1,224.0,1.58,317.9,0.9
2026-05-10 14:09:41,fon_1,223.8,1.58,318.0,0.9
2026-05-10 14:09:42,fon_1,223.8,1.58,319.8,0.9
2026-05-10 14:09:43,fon_1,223.8,1.58,319.8,0.9
2026-05-10 14:09:45,fon_1,224.0,1.57,318.9,0.91
2026-05-10 14:09:46,fon_1,224.3,1.65,335.9,0.91
2026-05-10 14:09:50,fon_1,223.5,1.61,325.4,0.91
2026-05-10 14:09:51,fon_1,223.7,1.58,317.8,0.9
2026-05-10 14:09:52,fon_1,223.7,1.58,318.7,0.9
2026-05-10 14:09:53,fon_1,223.4,1.59,320.3,0.9
2026-05-10 14:09:54,fon_1,223.4,1.59,316.8,0.89
2026-05-10 14:09:55,fon_1,223.2,1.57,316.8,0.9
2026-05-10 14:09:56,fon_1,223.6,1.57,318.5,0.9
2026-05-10 14:09:57,fon_1,223.2,1.57,317.8,0.91
2026-05-10 14:09:58,fon_1,222.8,1.57,318.9,0.91
2026-05-10 14:09:59,fon_1,223.3,1.56,317.7,0.91
2026-05-10 14:10:00,fon_1,223.3,1.56,317.7,0.91
2026-05-10 14:10:01,fon_1,223.2,1.57,318.3,0.91
2026-05-10 14:10:03,fon_1,223.3,1.57,318.1,0.91
2026-05-10 14:10:04,fon_1,223.5,1.58,319.1,0.9
2026-05-10 14:10:05,fon_1,223.5,1.58,318.8,0.9
2026-05-10 14:10:06,fon_1,223.9,1.59,320.7,0.9
2026-05-10 14:10:07,fon_1,223.9,1.59,320.7,0.9
2026-05-10 14:10:08,fon_1,223.9,1.57,318.0,0.9
2026-05-10 14:10:09,fon_1,223.8,1.58,319.5,0.91
2026-05-10 14:10:10,fon_1,223.7,1.56,317.9,0.91
2026-05-10 14:10:11,fon_1,223.4,1.6,325.6,0.91
2026-05-10 14:10:12,fon_1,222.8,1.56,315.9,0.91
2026-05-10 14:10:13,fon_1,223.1,1.58,319.7,0.91
2026-05-10 14:10:15,fon_1,223.3,1.58,319.2,0.9
2026-05-10 14:10:16,fon_1,223.0,1.58,318.1,0.9
2026-05-10 14:10:17,fon_1,222.7,1.61,323.3,0.9
2026-05-10 14:10:18,fon_1,222.8,1.67,336.2,0.9
2026-05-10 14:10:19,fon_1,223.3,1.62,327.0,0.9
2026-05-10 14:10:20,fon_1,223.3,1.62,327.0,0.9
2026-05-10 14:10:21,fon_1,223.8,1.58,318.2,0.9
2026-05-10 14:10:22,fon_1,224.2,1.59,322.7,0.9
2026-05-10 14:10:23,fon_1,223.6,1.58,320.5,0.91
2026-05-10 14:10:24,fon_1,223.5,1.65,334.2,0.91
2026-05-10 14:10:25,fon_1,223.7,1.62,329.4,0.91
2026-05-10 14:10:26,fon_1,223.7,1.62,329.4,0.91
2026-05-10 14:10:27,fon_1,223.6,1.62,330.8,0.91
2026-05-10 14:10:28,fon_1,223.5,1.65,336.9,0.91
2026-05-10 14:10:29,fon_1,223.5,1.65,336.9,0.91
2026-05-10 14:10:30,fon_1,223.3,1.54,313.2,0.91
2026-05-10 14:10:32,fon_1,223.0,1.58,320.1,0.91
2026-05-10 14:10:33,fon_1,223.0,1.58,320.1,0.91
2026-05-10 14:10:34,fon_1,223.2,1.56,314.5,0.91
2026-05-10 14:10:35,fon_1,223.1,1.58,318.5,0.9
2026-05-10 14:10:36,fon_1,222.6,1.58,317.7,0.9
2026-05-10 14:10:37,fon_1,223.1,1.56,312.7,0.9
2026-05-10 14:10:38,fon_1,223.0,1.6,322.9,0.9
2026-05-10 14:10:39,fon_1,223.0,1.6,322.9,0.9
2026-05-10 14:10:41,fon_1,222.1,1.55,310.6,0.9
2026-05-10 14:10:43,fon_1,221.8,1.56,310.9,0.9
2026-05-10 14:10:44,fon_1,222.0,1.58,316.5,0.9
2026-05-10 14:10:45,fon_1,222.0,1.58,316.5,0.9
2026-05-10 14:10:47,fon_1,221.6,1.55,311.1,0.91
2026-05-10 14:10:51,fon_1,222.6,1.54,311.1,0.91
2026-05-10 14:10:52,fon_1,222.6,1.54,311.1,0.91
2026-05-10 14:10:53,fon_1,222.3,1.53,310.7,0.91
2026-05-10 14:10:54,fon_1,222.4,1.55,314.5,0.91
2026-05-10 14:10:55,fon_1,222.8,1.54,312.0,0.91
2026-05-10 14:10:57,fon_1,222.6,1.54,310.6,0.91
2026-05-10 14:10:58,fon_1,222.6,1.54,310.6,0.91
2026-05-10 14:10:59,fon_1,222.9,1.54,311.7,0.91
2026-05-10 14:11:00,fon_1,223.1,1.55,313.9,0.91
2026-05-10 14:11:01,fon_1,222.9,1.55,311.8,0.9
2026-05-10 14:11:02,fon_1,221.9,1.55,310.1,0.9
2026-05-10 14:11:03,fon_1,222.5,1.55,311.5,0.9
2026-05-10 14:11:04,fon_1,222.5,1.55,311.5,0.9
2026-05-10 14:11:08,fon_1,222.2,1.55,311.2,0.9
2026-05-10 14:11:09,fon_1,223.0,1.56,314.1,0.9
2026-05-10 14:11:10,fon_1,223.0,1.56,314.1,0.9
2026-05-10 14:11:11,fon_1,222.7,1.55,312.1,0.9
2026-05-10 14:11:12,fon_1,222.7,1.55,312.1,0.9
2026-05-10 14:11:13,fon_1,222.2,1.55,311.1,0.9
2026-05-10 14:11:14,fon_1,222.3,1.55,310.4,0.9
2026-05-10 14:11:18,fon_1,221.7,1.54,309.0,0.9
2026-05-10 14:11:19,fon_1,221.6,1.54,308.9,0.91
2026-05-10 14:11:20,fon_1,221.4,1.6,321.2,0.91
2026-05-10 14:11:21,fon_1,221.7,1.54,309.5,0.91
2026-05-10 14:11:22,fon_1,221.7,1.54,309.5,0.91
2026-05-10 14:11:23,fon_1,221.8,1.54,309.3,0.91
2026-05-10 14:11:24,fon_1,221.6,1.53,309.0,0.91
2026-05-10 14:11:25,fon_1,221.7,1.54,311.2,0.91
2026-05-10 14:11:26,fon_1,221.6,1.53,309.7,0.91
2026-05-10 14:11:27,fon_1,221.2,1.53,309.3,0.91
2026-05-10 14:11:28,fon_1,221.2,1.53,309.3,0.91
2026-05-10 14:11:29,fon_1,221.1,1.53,308.8,0.91
2026-05-10 14:11:30,fon_1,221.1,1.54,310.4,0.91
2026-05-10 14:11:31,fon_1,221.0,1.53,308.5,0.91
2026-05-10 14:11:32,fon_1,220.9,1.53,308.3,0.91
2026-05-10 14:11:33,fon_1,220.8,1.53,307.9,0.91
2026-05-10 14:11:35,fon_1,220.8,1.53,307.9,0.91
2026-05-10 14:11:36,fon_1,220.9,1.55,310.6,0.91
2026-05-10 14:11:37,fon_1,221.3,1.54,308.8,0.91
2026-05-10 14:11:39,fon_1,221.6,1.54,309.6,0.91
2026-05-10 14:11:40,fon_1,221.6,1.55,311.5,0.91
2026-05-10 14:11:41,fon_1,221.6,1.55,311.5,0.91
2026-05-10 14:11:42,fon_1,221.7,1.54,309.6,0.91
2026-05-10 14:11:43,fon_1,221.9,1.54,309.3,0.9
2026-05-10 14:11:44,fon_1,221.9,1.54,309.3,0.9
2026-05-10 14:11:45,fon_1,222.1,1.54,309.9,0.9
2026-05-10 14:11:46,fon_1,222.0,1.55,311.6,0.9
